task_id,source,template_name,route,cost,local_points,file_bytes,status,reason,sha256
1,vyanktesh_multi_source_output,,crop_or_resize,2843,17.047384888349,1319,strict_seed,unchanged strict seed,0ba1c190a016805c5f9c036c9dafac06035513bf11cea64837d053da1792a1b6
2,massimilianoghiotto_6254,,sparse_edit_or_object_completion,97293,13.514517676859928,13796,strict_seed,unchanged strict seed,d59734521ec12a1d642cebe2ec724b91f44b1228a0358483dcb8c806d5655bd8
3,afr1ste_5689_artifact,,crop_or_resize,9102,15.883750551423413,3638,strict_seed,unchanged strict seed,201f50b9769bf46022aeebbb31c47469dbff8cc35b1c85b4a593daaa2c9e77b0
4,massimilianoghiotto_6254,,sparse_edit_or_object_completion,55020,14.084547965521434,2666,strict_seed,unchanged strict seed,81681b822c0e06b87dc118341e4c436e0e6b5e922faf237aee4b3c50e5e8e9f2
5,massimilianoghiotto_6254,,sparse_edit_or_object_completion,117225,13.328149556042213,13978,strict_seed,unchanged strict seed,5be2c1ac585d12840bf3df1fc1f19afc7c1b22e58b35129786cf5f2da3abd49f
6,afr1ste_5689_artifact,,crop_or_resize,1631,17.603051397378987,1450,strict_seed,unchanged strict seed,d2cea9184c472bcc677d35dc6f1d8d5f9c27efc824b35adcb8fd3243f7c2395d
7,massimilianoghiotto_6254,,sparse_edit_or_object_completion,7271,16.108350887349943,1591,strict_seed,unchanged strict seed,b3fbdc3763bf12db4c965abb2e34de2d253efe893706d6276a0f519c18742d5c
8,massimilianoghiotto_6254,,sparse_edit_or_object_completion,23289,14.94426357492621,9516,strict_seed,unchanged strict seed,df449fab6a8fa5d281d1aa8be467d8a66c7bcce0a1bcb32987558a7f70a102ba
9,massimilianoghiotto_6254,,sparse_edit_or_object_completion,81241,13.69482467517415,31914,strict_seed,unchanged strict seed,45db58da83a7b9c702a7bbd970799482117c1f484ca73713c988ce613ada688f
10,massimilianoghiotto_6254,,sparse_edit_or_object_completion,5016,16.479611917687244,5285,strict_seed,unchanged strict seed,959b7fe8897b9a6e317f67be7f5235595b9db70155ec0deaf7b10fd828d71b5f
11,massimilianoghiotto_6254,,sparse_edit_or_object_completion,66247,13.898854540195707,11830,strict_seed,unchanged strict seed,e655fd08c139383d43df156b3a474a1486546912190066338cafc87059d46a46
12,massimilianoghiotto_6254,,sparse_edit_or_object_completion,12639,15.555457449352874,2599,strict_seed,unchanged strict seed,c169f12ce3baf4c253e1d7773020c00f99fdaf1de0576dcfb8378541558f1909
13,massimilianoghiotto_6254,,sparse_edit_or_object_completion,116882,13.3310798421544,16641,strict_seed,unchanged strict seed,1ff4c48f660d6df8129fec9e6de9e996a6c64dd656af07456998c2f9366580b0
14,massimilianoghiotto_6254,,crop_or_resize,39049,14.427427453254685,6239,strict_seed,unchanged strict seed,ae18524fa25d9f37ca75f837c4d6e08b401786943fa1e0d3d7e515568ea92fa6
15,massimilianoghiotto_6254,,sparse_edit_or_object_completion,900,18.197605236675688,3802,strict_seed,unchanged strict seed,1ffd2d96fdecfb3f3aff30b61ec79024b253580c0365fa4b8455c4efee2f4c93
16,massimilianoghiotto_6254,,sparse_edit_or_object_completion,10,22.697414907005953,174,strict_seed,unchanged strict seed,0906e52eb5772517bf371fcea4963ef920f1c6dae8800a6c8ebd61621b0f232a
17,massimilianoghiotto_6254,,sparse_edit_or_object_completion,35329,14.527540564604424,10570,strict_seed,unchanged strict seed,d1f54d1f58e001a1eede31fda2a8e667d2f2e0fdf4323f0a00a1dcb18187c52d
18,kojimar_5800_minimal_blend,,sparse_edit_or_object_completion,114578,13.35098890724301,50524,strict_seed,unchanged strict seed,fe471ad5402a1f32d0e7bdafca3685ae2bcf68007df6e4b68e979c5ab74f7299
19,massimilianoghiotto_6254,,crop_or_resize,81346,13.69353305881371,3217,strict_seed,unchanged strict seed,ffa9c64da6677c5e68362fa3a20418ff990b54748ac2fa378df5121eb1738b04
20,massimilianoghiotto_6254,,sparse_edit_or_object_completion,90133,13.590958363748854,30379,strict_seed,unchanged strict seed,26f660cb1b4b01cc1306d4c55fc064d5ca00cb67211549249efe4e72e507bd53
21,massimilianoghiotto_6254,,crop_or_resize,51223,14.156056071090937,39349,strict_seed,unchanged strict seed,bd662811e210f74eb4517dcb1bba35a8d96cb29b40e13fae4bcd00b0718ba9c8
22,massimilianoghiotto_6254,,crop_or_resize,34821,14.542024067963268,6565,strict_seed,unchanged strict seed,b1fae4f540a75c5d391f0f9515c24fbe06179429fe431efcca8c4678f09b16c8
23,franksunp_blended_best,,sparse_edit_or_object_completion,21433,15.027312930662868,3518,strict_seed,unchanged strict seed,28e232e6ced5220f2426f9f805c049e0556f69e037dd2dbcfe8efa62c735edb5
24,massimilianoghiotto_6254,,sparse_edit_or_object_completion,9080,15.88617052840466,3824,strict_seed,unchanged strict seed,589d404dc6812db1d7a0e1103856b40e25aa0b31cf17b5a3d5ebeddacb56eba0
25,franksunp_blended_best,,sparse_edit_or_object_completion,89286,13.600400020341894,61869,strict_seed,unchanged strict seed,113496118d8b99e0ab5b8b6e4cd8558d098247f19dbf670c3c4c73356fba92ea
26,massimilianoghiotto_6254,,crop_or_resize,738,18.39605617539953,1526,strict_seed,unchanged strict seed,52ff3bc9bfadd5e9069ffb66d8c80aff4ca11835aa031ca3e86809ea68b46124
27,massimilianoghiotto_6254,,sparse_edit_or_object_completion,36791,14.486991470971319,16875,strict_seed,unchanged strict seed,a3329bc4155bcb6904c342f9d55293b8b137ba70fc8acca1eb91d53328046a74
28,massimilianoghiotto_6254,,sparse_edit_or_object_completion,8990,15.896131872534333,2106,strict_seed,unchanged strict seed,36728b9b5a411eec91b3378bf527e7993aff151ea43577cf015d927afc9998a7
29,massimilianoghiotto_6254,,crop_or_resize,97117,13.516328283804857,9892,strict_seed,unchanged strict seed,bff77431eb8c3abe5f6ce493cb48e189b2f2a1145a4eb40039f25de32440236e
30,massimilianoghiotto_6254,,sparse_edit_or_object_completion,11998,15.607504751786962,5853,strict_seed,unchanged strict seed,a0f4843251086700ba78da4184126135f92cd1473049e8a4f7709d424cdede97
31,massimilianoghiotto_6254,,crop_or_resize,18616,15.168223295017873,3504,strict_seed,unchanged strict seed,bcb1f9183e1f5ef3092345a1bf70a0a723d699e88b1aa4ef61ae7adb21961543
32,massimilianoghiotto_6254,,sparse_edit_or_object_completion,3405,16.86699978141639,2765,strict_seed,unchanged strict seed,9424a6591a868e2cb8fec1653fe4f48e54b1d7d393444b8fcfa2d1163f52fcc2
33,massimilianoghiotto_6254,,sparse_edit_or_object_completion,55161,14.081988539178049,2047,strict_seed,unchanged strict seed,1f44841b467f7d4c8a455e26a0dc5e227febeb04bddfd451add17256a7ed7d7a
34,afr1ste_5689_artifact,,sparse_edit_or_object_completion,106316,13.425828929592994,10866,strict_seed,unchanged strict seed,9bc0456266a7b4781012f63a7c753e895c2e0073cd7be9cf440d6df5d5bb5ea6
35,massimilianoghiotto_6254,,sparse_edit_or_object_completion,15363,15.36028269986934,5343,strict_seed,unchanged strict seed,415e6719cce74fd480f7999d3bd42e52a3974539fbad353c91d13ee86dcfd930
36,massimilianoghiotto_6254,,crop_or_resize,79962,13.710693199192217,6912,strict_seed,unchanged strict seed,7de12a03fcd0c41d03cd213a090281ac0afc81d013271c7a71f4a07715753263
37,massimilianoghiotto_6254,,sparse_edit_or_object_completion,63726,13.937652078450405,20513,strict_seed,unchanged strict seed,8faff6c42c2e15d27fd29d4ebeaf4a30cc8400305895d7fe67eb4a115afe711c
38,massimilianoghiotto_6254,,crop_or_resize,2193,17.306974251582112,2630,strict_seed,unchanged strict seed,e17eaa6c4b6a15452543c4f573989d8aa55d3e2f0c49b95bdf2917aee713ad7c
39,massimilianoghiotto_6254,,crop_or_resize,7772,16.04171718950267,2013,strict_seed,unchanged strict seed,c0de553b8d476ad4b572e74d73f53e104bff0edababeac198ec7a500f812f91c
40,massimilianoghiotto_6254,,sparse_edit_or_object_completion,7868,16.02944082049105,5036,strict_seed,unchanged strict seed,f256413a6082c8f64b68069a6694fd0240e228a505a9a627ace7bf93adb37a42
41,massimilianoghiotto_6254,,sparse_edit_or_object_completion,11769,15.626775765122337,2556,strict_seed,unchanged strict seed,2683177529ff69ab9fa3a56acb8960fb7e03c75674fd24d479183853369fc066
42,massimilianoghiotto_6254,,sparse_edit_or_object_completion,8518,15.950063149516842,8469,strict_seed,unchanged strict seed,3561c42b4c392afe4f1e9d5a64be540073228144ceb880bc7de8ff1ca4ba45c1
43,massimilianoghiotto_6254,,sparse_edit_or_object_completion,7119,16.129477454896126,2092,strict_seed,unchanged strict seed,2707a8fdd37a1813d40cb4811ede0689bd0f34605e58bb25db3c5bec4131670a
44,franksunp_blended_best,,sparse_edit_or_object_completion,31805,14.632621210887095,25971,strict_seed,unchanged strict seed,77bf771eab4f676ede2beaeb9aab4a7f088cfc8764004e87beb33b549d5f91a3
45,massimilianoghiotto_6254,,sparse_edit_or_object_completion,7428,16.0869880775274,1586,strict_seed,unchanged strict seed,e38c9e4b2bc9d40df39665ad2934414f974c4ad2a0ae39f390291fe5c2f7258a
46,massimilianoghiotto_6254,,crop_or_resize,33426,14.58291068075113,8068,strict_seed,unchanged strict seed,dc9a223af77a04fdb34479c3d6270f4245e82ebca587eccaacbf631d3c5ada42
47,massimilianoghiotto_6254,,sparse_edit_or_object_completion,3024,16.985664262700574,3823,strict_seed,unchanged strict seed,239d68998cf692c7ed8ec2d0991ba236037e049f951b62b2a96c7b979f91ebfa
48,massimilianoghiotto_6254,,crop_or_resize,5609,16.367872270491663,4683,strict_seed,unchanged strict seed,010a8d8bad3f868c1dc1b32f62929c87cb98b880cf291e9ad90cbc8ab094099a
49,massimilianoghiotto_6254,,crop_or_resize,30489,14.674878758194124,4016,strict_seed,unchanged strict seed,d54c1f05a6ca6f306e541c05589e3aad97ea0ad69350f211cc7cbfdebb68eff8
50,afr1ste_5689_artifact,,sparse_edit_or_object_completion,9475,15.843587970049374,2319,strict_seed,unchanged strict seed,cb39f735b098702e13b92341739f7356e38804cfdf60c041820b2eb6a97492ef
51,massimilianoghiotto_6254,,sparse_edit_or_object_completion,68437,13.866331106969804,5091,strict_seed,unchanged strict seed,34546ffc231a4d9535cf0e39dd84238c2487f8da0c3a2d59af7c4cd9ecd4f746
52,massimilianoghiotto_6254,,sparse_edit_or_object_completion,1228,17.886857891292912,1342,strict_seed,unchanged strict seed,eaa6935a705434432f5c824b054299d8bb74920300df6a073ce1008f5dcc3b7c
53,massimilianoghiotto_6254,,sparse_edit_or_object_completion,30,21.598802618337846,199,strict_seed,unchanged strict seed,75d840df9317bb0b3af9bbb578c18ffa62ede8d87214bc168b822a524dc30c0c
54,massimilianoghiotto_6254,,sparse_edit_or_object_completion,150548,13.07796275080141,8874,strict_seed,unchanged strict seed,3a0d921e2928e596771eea0665420e46753aa3ac9216c663a6fce052bc43700c
55,afr1ste_5689_artifact,,same_shape_global_transform,26370,14.820017720652668,15660,strict_seed,unchanged strict seed,401b593731841bd0de4616d239d91ff8f0d678402edb0d8642ca664178ff5c2e
56,massimilianoghiotto_6254,,crop_or_resize,213,19.638707834290575,1004,strict_seed,unchanged strict seed,ca045f982c0767ff66864b342ea52e291463fa98f1c31978f29864adac7ccc01
57,massimilianoghiotto_6254,,crop_or_resize,29304,14.71452069554135,1988,strict_seed,unchanged strict seed,331ba5d00849afad185b601b65ab0baf154b765ed88a51f237d8279b666a1c40
58,afr1ste_5689_artifact,,same_shape_global_transform,16105,15.313114938234701,14579,strict_seed,unchanged strict seed,88a918f1f81d39e18d187eda626570201a3858651a1c58c1d4019cd9f7962c64
59,afr1ste_5689_artifact,,sparse_edit_or_object_completion,20387,15.077347278202861,7242,strict_seed,unchanged strict seed,465c664ecf85570a94e7cd6da952273a0a25687b577173bcd00e438ead90dbec
60,massimilianoghiotto_6254,,sparse_edit_or_object_completion,5581,16.372876749211567,2524,strict_seed,unchanged strict seed,0e1745f47d9614c3e7846b04b62ef490805da2092f46d2fd51ef478f814928f9
61,massimilianoghiotto_6254,,sparse_edit_or_object_completion,18914,15.152342332424542,17113,strict_seed,unchanged strict seed,b02e862976b178388c60fbf8edb95affe176512fdd4774901afa1cf390950c55
62,massimilianoghiotto_6254,,same_shape_global_transform,30609,14.670950637656585,19486,strict_seed,unchanged strict seed,b2c275ca23c1381da01ac4d21d6f71ab610b00efb8973971167bebb61b4f60de
63,massimilianoghiotto_6254,,sparse_edit_or_object_completion,30732,14.666940264012474,4431,strict_seed,unchanged strict seed,c7236d3ffbcb1c64851a507a1a0cd350e6c5248c443e53e7db0069007b7c6a47
64,massimilianoghiotto_6254,,sparse_edit_or_object_completion,114153,13.354705067178468,8580,strict_seed,unchanged strict seed,2aa0e1cf57ee39e8a83c6510b523bbaffe39b7fc6fc40ede9e773339aac1ae48
65,massimilianoghiotto_6254,,crop_or_resize,35109,14.533787213157124,3215,strict_seed,unchanged strict seed,5e39f06410f5e9f721a7dd052658aa1e63f7621bb23f26d5e3bae900e1c8ac9b
66,franksunp_blended_best,,sparse_edit_or_object_completion,21408,15.028480037072045,25831,strict_seed,unchanged strict seed,b54cd16e8802c24172b39b5bada1241443a1c26e75067591c833db686782b4da
67,massimilianoghiotto_6254,,crop_or_resize,315,19.247427361174367,1053,strict_seed,unchanged strict seed,988b4d005f09426a7fb6b169820d02368203d8b03fc7d1b80b4f44af49e395c4
68,massimilianoghiotto_6254,,sparse_edit_or_object_completion,12589,15.55942130423374,2203,strict_seed,unchanged strict seed,27916bc7ec145fc23eff5ed5d953fc2b2b8b1722cda2bc96e9a4818155f670fe
69,massimilianoghiotto_6254,,sparse_edit_or_object_completion,84250,13.658456151785392,48710,strict_seed,unchanged strict seed,2636ff374e6f9820e554e065a8284216b6e56b938f58fe18537a6758c9d118c5
70,massimilianoghiotto_6254,,sparse_edit_or_object_completion,66138,13.90050125280863,9304,strict_seed,unchanged strict seed,bebcaa5ec997396cab47e8ca5581020105bdbaa9d51e6e268435e904acf37c00
71,massimilianoghiotto_6254,,sparse_edit_or_object_completion,129780,13.22640401182484,13061,strict_seed,unchanged strict seed,a69c55037e45a832c533c1b178cdee238246788a5bcdfb2f718515c5738f1988
72,massimilianoghiotto_6254,,crop_or_resize,1309,17.8229812340901,1389,strict_seed,unchanged strict seed,46e5bc1b0d0b2bb9f86f8ccee655f01afe21ef05ba040d8bb9cce1482dd059d0
73,massimilianoghiotto_6254,,sparse_edit_or_object_completion,910,18.186555400489105,3870,strict_seed,unchanged strict seed,991392cf02f9450481e5e836166795e50390595c68a1f05000ff7a4d6e1adb04
74,massimilianoghiotto_6254,,sparse_edit_or_object_completion,21825,15.009188619292196,2292,strict_seed,unchanged strict seed,25d3b285a926e549241f2854dbebc1dc72ac0dd2eed66f4ee02c3ccd86a874f2
75,massimilianoghiotto_6254,,sparse_edit_or_object_completion,28487,14.742796878157792,6113,strict_seed,unchanged strict seed,7c8eeab898c18bb09b9f0fbe945b168c16cdcf15eeafcc57cf870656067b714a
76,needless090_4250_output,,sparse_edit_or_object_completion,36184,14.503627688842322,22903,strict_seed,unchanged strict seed,566e596cf1139d63d90af87b6fbfab7f53789d7bb94666ed4988bb8a09dfcec7
77,massimilianoghiotto_6254,,sparse_edit_or_object_completion,157913,13.030200472556263,9825,strict_seed,unchanged strict seed,4783a1255a3609ae73604e77608c749a36d02e76a832b926fd7dd88898e29c35
78,massimilianoghiotto_6254,,sparse_edit_or_object_completion,11496,15.65024557224114,2275,strict_seed,unchanged strict seed,37550dea4025b51a47612bc0f98d6d0cbadf3008f213592ea68f40e30569248c
79,massimilianoghiotto_6254,,crop_or_resize,21383,15.029648507210364,3601,strict_seed,unchanged strict seed,21ba5d47343d2a4bc1aa79beb8d03c3b481b40961c62c390433ae46015d73a10
80,massimilianoghiotto_6254,,same_shape_global_transform,42082,14.352624625200743,12166,strict_seed,unchanged strict seed,d1d6bc78c480777c1dd8e74cf752b5726109903c7a6097dc56759320e0f45705
81,massimilianoghiotto_6254,,sparse_edit_or_object_completion,2307,17.256296741826247,5225,strict_seed,unchanged strict seed,17d3e0785d4fc44e8b80baaf991c35275e24c4c844bf1170dd6c6e6725f6294b
82,massimilianoghiotto_6254,,sparse_edit_or_object_completion,23479,14.936138316402742,2070,strict_seed,unchanged strict seed,8b735363a493c8b5417626fb1f115593350b270e55a7427a3c579829f68d9e44
83,massimilianoghiotto_6254,,crop_or_resize,1800,17.504458056115745,7476,strict_seed,unchanged strict seed,0e51c90a17c888d894ae9a0632a22ad6d06b14cdf2b5ab371ab23ae7a1a869e6
84,massimilianoghiotto_6254,,sparse_edit_or_object_completion,19513,15.121163810905001,3361,strict_seed,unchanged strict seed,a872b27bdeef5d9c889ff953047c00712561aeb12e881fb8bfa2b0e18718654b
85,massimilianoghiotto_6254,,sparse_edit_or_object_completion,113178,13.36328292042622,3083,strict_seed,unchanged strict seed,aac8e50d55161d3e762a131d92797cc026eafdaa14a10399083336e10e936c37
86,massimilianoghiotto_6254,,sparse_edit_or_object_completion,25857,14.83966336368449,4566,strict_seed,unchanged strict seed,534022b42915e7a94b488ed3ed7c4328b1c6d323e88487a2b341cf923973ff04
87,massimilianoghiotto_6254,,sparse_edit_or_object_completion,368,19.09191706183107,433,strict_seed,unchanged strict seed,9186c0ad0ce5668c83d32e5aa4b40feda7de197e46c3908d674976a335250eb1
88,massimilianoghiotto_6254,,crop_or_resize,72766,13.80499590787612,4857,strict_seed,unchanged strict seed,4ba1d2495cc274ca637ecce894f4e60d690d1a680dbf9c0c9263aa087874e18d
89,afr1ste_5689_artifact,,sparse_edit_or_object_completion,49703,14.186179427563964,15672,strict_seed,unchanged strict seed,e6060ce1141f8254be799146a5472e19555b64caf5691c53299ba809604b16c4
90,massimilianoghiotto_6254,,sparse_edit_or_object_completion,63354,13.94350667496543,31419,strict_seed,unchanged strict seed,d5212a1ebbaf84c4b27765ff1cc36eaabf79d89c4fcece376c4edd7c5d6d3f58
91,massimilianoghiotto_6254,,crop_or_resize,51466,14.151323325547068,5270,strict_seed,unchanged strict seed,d480d00f74433b92914e3b0d49f4d3d522a28b8406a07cb604ab322b5fede868
92,massimilianoghiotto_6254,,sparse_edit_or_object_completion,46289,14.25734036914603,2507,strict_seed,unchanged strict seed,df95c9845151284c6075e6fd58ebfa8f493e6705cd5e9dcaab68376c8f953942
93,massimilianoghiotto_6254,,sparse_edit_or_object_completion,15458,15.354118052333183,6944,strict_seed,unchanged strict seed,11beb8ca824bff280e40cd6d3462d161dc6cff6defa89a0a125c3421fe918161
94,massimilianoghiotto_6254,,sparse_edit_or_object_completion,10453,15.745355702467293,3609,strict_seed,unchanged strict seed,247e80235214b0cdacfa5f9122d852506d8c5380855206abfb9959f6fd2e2710
95,massimilianoghiotto_6254,,sparse_edit_or_object_completion,910,18.186555400489105,3953,strict_seed,unchanged strict seed,865104aaf1de4802da48ad310fb91506cfe1860a7c84b36fe13957343885add3
96,kojimar_5800_minimal_blend,,crop_or_resize,26948,14.79833563791945,20402,strict_seed,unchanged strict seed,b647d07916e8b1707b56146b7d54045d91eae88812c7aaf9add6ee06f98eedc9
97,massimilianoghiotto_6254,,sparse_edit_or_object_completion,55812,14.070255820987903,1190,strict_seed,unchanged strict seed,1c52d1f2d5fec58de21e9c939858c09b27a13f1f5ad574af416ab918ee5da5e5
98,massimilianoghiotto_6254,,sparse_edit_or_object_completion,910,18.186555400489105,3880,strict_seed,unchanged strict seed,a8f900b509645e6f976a19b886bfbb64685e0fdee99c5ec60fc805eed20545b5
99,massimilianoghiotto_6254,,sparse_edit_or_object_completion,4910,16.500970779211436,19883,strict_seed,unchanged strict seed,13c2688a6bd6e25b5c28222b9c6588a03331ca87ad519c802684b82e48003f39
100,massimilianoghiotto_6254,,crop_or_resize,6536,16.21491936346016,3692,strict_seed,unchanged strict seed,8c748402a0b5a6ada7e59e17f0aea9d0c659dd4d2b8e6cddc78f00dd7f07cb54
101,franksunp_blended_best,,sparse_edit_or_object_completion,65875,13.904485714156337,34098,strict_seed,unchanged strict seed,fe4be1b44887740aaa563208737206a2384655af438e18e98e74d1c32498b5d2
102,massimilianoghiotto_6254,,sparse_edit_or_object_completion,12607,15.55799250576873,7489,strict_seed,unchanged strict seed,7962bd2a530d0bbd3f02ac3d1972dc388f4c4fe59811964ebeb71885f07b0c21
103,massimilianoghiotto_6254,,crop_or_resize,193,19.737309811095116,1251,strict_seed,unchanged strict seed,5f05cc6429e5550d5dd1989dc3cba7458d3ab1a71d492ebb7f08055433691f6e
104,massimilianoghiotto_6254,,crop_or_resize,3682,16.788788638206977,4136,strict_seed,unchanged strict seed,0aedc18c90a29ba76a2c20f7c3660eaa9148e5eb111fd2ebf0afbd8e9504ea7a
105,massimilianoghiotto_6254,,sparse_edit_or_object_completion,7055,16.138508135713085,8010,strict_seed,unchanged strict seed,52a7d23fda26b2f35619414e5bd5c24e5ee1f0da5200949d7fa76312ab677e4f
106,massimilianoghiotto_6254,,crop_or_resize,1164,17.940382371708615,2647,strict_seed,unchanged strict seed,2eb2a0ecf0c7db918446c029cbb0344749c72c5f82802396de6b1a1f42d6948b
107,massimilianoghiotto_6254,,crop_or_resize,73131,13.799992367549814,33960,strict_seed,unchanged strict seed,ac72308c1fc856f3f0a7f5012b290b714fdbfe02af40583719aa188686459a03
108,massimilianoghiotto_6254,,crop_or_resize,1800,17.504458056115745,7476,strict_seed,unchanged strict seed,fea74aa712146fbdeb34558b202d8e07d15de4841b2268dacc09226231085505
109,massimilianoghiotto_6254,,crop_or_resize,94878,13.539652865248629,5912,strict_seed,unchanged strict seed,77772c80a0102b55408b00b92b38215ee4075c4753854a4eb9c779ec362b9487
110,massimilianoghiotto_6254,,same_shape_global_transform,109201,13.399054500239831,25121,strict_seed,unchanged strict seed,555994b638118f5795937b7af7d7a9e306f4a4756016ba0edc14092bd93e44f9
111,massimilianoghiotto_6254,,crop_or_resize,797,18.319145321209785,2007,strict_seed,unchanged strict seed,aaefda6901c637c886a3b943314b43f0a81b9ce46e573c0a1ae37be5dc923bdd
112,massimilianoghiotto_6254,,sparse_edit_or_object_completion,59270,14.010141445218116,5493,strict_seed,unchanged strict seed,2f1ab80b5df4bad3d09c4ba3e9edd8109ec1f1e2527e8655b5c9322e99782b9d
113,massimilianoghiotto_6254,,sparse_edit_or_object_completion,30,21.598802618337846,523,strict_seed,unchanged strict seed,e815ae7f0819abb877edafdcd866c1cd3f171d5eeb41a99b76b95563ecf33bf3
114,massimilianoghiotto_6254,,crop_or_resize,1254,17.865906278807135,4349,strict_seed,unchanged strict seed,f1f1e7451d76e99fdd06b35cf16cab7ffe81fea7dcce35020b737b119a79a995
115,massimilianoghiotto_6254,,crop_or_resize,4122,16.675906238549594,4708,strict_seed,unchanged strict seed,0e49bf66ffc8c42b790e93bd37304f0454f6ffcec6f34137cb612e2d9be92969
116,massimilianoghiotto_6254,,crop_or_resize,30,21.598802618337846,503,strict_seed,unchanged strict seed,99ce7a7c67fbb3c8aba8acb78e7a2d814eb8ac70c114d064dc16183c8271a02a
117,massimilianoghiotto_6254,,sparse_edit_or_object_completion,18454,15.1769635718615,10768,strict_seed,unchanged strict seed,7ff7859e146ab28053201313227020e883dfe771fc3167164af3f5cb348e5eb8
118,franksunp_blended_best,,sparse_edit_or_object_completion,60026,13.997466919324204,19659,strict_seed,unchanged strict seed,a19e3bf3f2f50bfcaa04c6a1f62dfbbe0b2877bede1299b03c7533649837f818
119,massimilianoghiotto_6254,,sparse_edit_or_object_completion,16640,15.280435285624801,11316,strict_seed,unchanged strict seed,73ebe9d35a549168a9a1359854727be94b268c5860cdf8865f77eb9201dd98dd
120,massimilianoghiotto_6254,,sparse_edit_or_object_completion,910,18.186555400489105,3880,strict_seed,unchanged strict seed,0785e5a0983b2b5c6b626a8b0d271359db71a4c00c97d2ad82d835bcf5d32754
121,massimilianoghiotto_6254,,crop_or_resize,6530,16.215837777729526,3528,strict_seed,unchanged strict seed,8a54679839ba6e4ca40e86fbe23f225f040d55fc9bc4ff7fb3c87962b77f1cce
122,massimilianoghiotto_6254,,sparse_edit_or_object_completion,2510,17.17196196787417,10280,strict_seed,unchanged strict seed,bc84c46afaf0e8240b2232d29c86f3a21bc99725dee5401ed80b823f71202508
123,afr1ste_5689_artifact,,crop_or_resize,4104,16.680282613149394,9143,strict_seed,unchanged strict seed,6515c4a04c6b6df667c733c84e4e46365e7f3af1b571a91d303547130dba0765
124,massimilianoghiotto_6254,,crop_or_resize,11673,15.634966238347337,4882,strict_seed,unchanged strict seed,559cba2c64cef369a10b0f3316baa75b94c57779e3ab14c4eb679f9d154eb5ab
125,massimilianoghiotto_6254,,sparse_edit_or_object_completion,13417,15.495722161409528,3785,strict_seed,unchanged strict seed,731083af6775b3057dff7695ea7031173a9a8c388031332c479b4beb43b0c662
126,massimilianoghiotto_6254,,sparse_edit_or_object_completion,86091,13.636839844664504,3870,strict_seed,unchanged strict seed,4847904ec139dcdadd3777a2167b396e6a829426abac973184d9fdebb632b1ce
127,massimilianoghiotto_6254,,sparse_edit_or_object_completion,900,18.197605236675688,3800,strict_seed,unchanged strict seed,7e9978ae7837339e7daa690667e1151f4a598a32ae15a2449e7b3cbd7debd63d
128,massimilianoghiotto_6254,,sparse_edit_or_object_completion,95042,13.537925821853902,4030,strict_seed,unchanged strict seed,43731c7019bc9056c924229365bea939bcbfdba7dcf1635a28d23295b53d937f
129,afr1ste_5689_artifact,,sparse_edit_or_object_completion,807,18.306676331730053,997,strict_seed,unchanged strict seed,3555306a16022548fe54f96fe61de5d46b3fecead22a24be75ac91b6881228f3
130,massimilianoghiotto_6254,,crop_or_resize,15948,15.322911291498754,1742,strict_seed,unchanged strict seed,9bc120901950b3fc864c3f1e9504aee207cfc35812b727bb3447d2d1de093ffe
131,massimilianoghiotto_6254,,sparse_edit_or_object_completion,44550,14.295632567101045,10020,strict_seed,unchanged strict seed,42f6e9a1547f4f28c8ec2cbb6a0b41cf9a442944ff3c4635c868e58fdd50709f
132,massimilianoghiotto_6254,,sparse_edit_or_object_completion,29458,14.709279200950512,3465,strict_seed,unchanged strict seed,3cd8d9d0ec7574c030f7666b2f3417ca67d5ba19c64722b1f44876c7c7d23849
133,franksunp_blended_best,,sparse_edit_or_object_completion,193923,12.824783547959548,190542,strict_seed,unchanged strict seed,86c781542232ce5c09a19b900ceca7bd0109760d7363b7da49f534a4b23b6559
134,massimilianoghiotto_6254,,crop_or_resize,12388,15.575516458906906,9408,strict_seed,unchanged strict seed,82ccf38e336adfd682537bf85c5c83cadade01561e1264c69cdc202e3ddc3e5e
135,massimilianoghiotto_6254,,crop_or_resize,360,19.113895968549844,280,strict_seed,unchanged strict seed,82d31b6d2f8c5ea98415560d590d218cd0caf26681332ae0c40f6f9f623ee1cf
136,massimilianoghiotto_6254,,sparse_edit_or_object_completion,4837,16.515950027177016,3640,strict_seed,unchanged strict seed,f9cdfd4e63ffbba6bd206731e6eeb06dda8e1b45d20ed093e312c4641d0b66be
137,massimilianoghiotto_6254,,same_shape_global_transform,72472,13.809044440650876,5213,strict_seed,unchanged strict seed,def2836c879dccb741a4a572cfe23e0b861d83afa735f78d8bbf9207265542cc
138,massimilianoghiotto_6254,,crop_or_resize,48467,14.211361567031112,7673,strict_seed,unchanged strict seed,f9624f382efeaedf5351ae50b56e9344d72e5ae8e76caa27622f5d766a40c011
139,massimilianoghiotto_6254,,sparse_edit_or_object_completion,3630,16.803012072741105,5416,strict_seed,unchanged strict seed,2a0fc57cf50afbcdcfef56507be5327f618fa416dedb132d7f96d931cd64dc98
140,massimilianoghiotto_6254,,sparse_edit_or_object_completion,368,19.09191706183107,433,strict_seed,unchanged strict seed,9571c563ae4fcc148c4d0fc67978cd7456f17d3012d5339ff0685730d14c0f2c
141,massimilianoghiotto_6254,,sparse_edit_or_object_completion,15819,15.33103297180142,2986,strict_seed,unchanged strict seed,3553c9671588291396fc522219a6dfe6421cef8742db275b65ef355e28d832c6
142,massimilianoghiotto_6254,,crop_or_resize,1800,17.504458056115745,7476,strict_seed,unchanged strict seed,7ec306cbe9c96f4c2f2173cbd117ea5f5a75f7f5dc554256184466ca6003fee7
143,massimilianoghiotto_6254,,sparse_edit_or_object_completion,19441,15.12486048297936,2635,strict_seed,unchanged strict seed,6d622f1ea7010e6d61d359b1d079194304f3c12982953bcb26798d75e12dafbd
144,massimilianoghiotto_6254,,crop_or_resize,786,18.333043207570793,1530,strict_seed,unchanged strict seed,76b46f89102b5d5fe4c8314c4afa45e7ebe4dfe59a8b139ed1c31e3f7f0fe1a6
145,afr1ste_5689_artifact,,same_shape_global_transform,69757,13.847226946929018,26837,strict_seed,unchanged strict seed,e2079feb3055f0e93a2742a4edc4fac19dddb92d7b7fbc5f0df209f9cf717ab1
146,massimilianoghiotto_6254,,crop_or_resize,2256,17.27865138738205,2622,strict_seed,unchanged strict seed,417da24a4f91ee3997caf3cdca0efddb208e9761cf6922c5a935cc905d4a7ee0
147,massimilianoghiotto_6254,,sparse_edit_or_object_completion,910,18.186555400489105,3870,strict_seed,unchanged strict seed,20e31f9954eb07b1ed602c8e9d6d2e7591d1c02862d3c665f9ef9a0af12c87d1
148,massimilianoghiotto_6254,,sparse_edit_or_object_completion,22029,14.99988495388028,10291,strict_seed,unchanged strict seed,2f9648973251823e02495dca17ef58ce3d45642ad68ca12ff9fa442f3f7a57f9
149,massimilianoghiotto_6254,,crop_or_resize,437,18.92006680490441,1048,strict_seed,unchanged strict seed,66db496e8fd7432ba9e4b6f94f04f957852732e7cd414f29632a5a7c5e41f865
150,massimilianoghiotto_6254,,sparse_edit_or_object_completion,1014,18.078341815848873,1583,strict_seed,unchanged strict seed,658f2a1f85f9b0e0098bb73d7bd931804a72b90cb015b2f7d1893b985acc0b42
151,massimilianoghiotto_6254,,sparse_edit_or_object_completion,910,18.186555400489105,3929,strict_seed,unchanged strict seed,78279de40234dc3b49f23ce8efa2aa776b92bd38a0a498486896af47e8e1057f
152,massimilianoghiotto_6254,,crop_or_resize,1800,17.504458056115745,7476,strict_seed,unchanged strict seed,7ec306cbe9c96f4c2f2173cbd117ea5f5a75f7f5dc554256184466ca6003fee7
153,kojimar_5800_minimal_blend,,crop_or_resize,11212,15.675260087715321,5740,strict_seed,unchanged strict seed,536e2c7d626d293d83da524545862706cf6eb084579bb7ad782a5bd1eb8ba7a1
154,massimilianoghiotto_6254,,sparse_edit_or_object_completion,45574,14.27290734254795,9074,strict_seed,unchanged strict seed,4cf815dcc7ba3e5ae1bf232de3839aec6162ba538645536aef581b8bc5e83559
155,massimilianoghiotto_6254,,sparse_edit_or_object_completion,1014,18.078341815848873,1583,strict_seed,unchanged strict seed,e64d0639c1b46bd5d2a784efaa34bc5a67c1b0ef925812a729280be4b82283c2
156,massimilianoghiotto_6254,,sparse_edit_or_object_completion,26552,14.81313964660019,47528,strict_seed,unchanged strict seed,e700a58c4d17046a77b1d0eed0c69cc6e19775239f46442efd92035724ba92f5
157,kojimar_5800_minimal_blend,,sparse_edit_or_object_completion,79930,13.711093469379936,50746,strict_seed,unchanged strict seed,3b44e3b9e6ef6a53b1db0ef69889a4d32cf07056e4feb732fc5c70bf89991dfc
158,kojimar_5800_minimal_blend,,sparse_edit_or_object_completion,182776,12.883983361645681,177323,strict_seed,unchanged strict seed,e73f4d1d144d85c28cd49631f79bd7592cf35b6d8cefa3cbec5aa0436339e4ee
159,massimilianoghiotto_6254,,crop_or_resize,89501,13.597994922615115,15010,strict_seed,unchanged strict seed,c5d69b891e11345ba19ead7953bd31bebeaf483e8fd1fd3820b57135e3bc393b
160,massimilianoghiotto_6254,,sparse_edit_or_object_completion,4586,16.56923653658215,2830,strict_seed,unchanged strict seed,b54a75e6de43cf7ddacda1c62c548a0bb78ec20ab920cddc11414b6290142cbb
161,massimilianoghiotto_6254,,sparse_edit_or_object_completion,64647,13.923303020588978,4933,strict_seed,unchanged strict seed,61da30ad541c70206f4842feaea5cc3acdb17e95c7d43c4be625c604d4a0ef7a
162,massimilianoghiotto_6254,,sparse_edit_or_object_completion,63291,13.944501582071068,2707,strict_seed,unchanged strict seed,faa7c04e66259d20dfad4c045a61c2497ff128a58669bfb5f9265549be1786d2
163,massimilianoghiotto_6254,,sparse_edit_or_object_completion,24085,14.910655480935679,10179,strict_seed,unchanged strict seed,7f9e47533c0cf99117ef6ce54e33628e40a982cfbdb0888c14efafff2a8f62fe
164,massimilianoghiotto_6254,,crop_or_resize,30,21.598802618337846,503,strict_seed,unchanged strict seed,701b4adac413f1b4579c013605b0b82ec3557e81a534afea057eb5385e44c6ed
165,massimilianoghiotto_6254,,sparse_edit_or_object_completion,67524,13.87976163077872,5384,strict_seed,unchanged strict seed,c2739b415de8c5a2a83172c106a24a540cc55bf77d1537bffdc1c8c77f1ca03c
166,massimilianoghiotto_6254,,sparse_edit_or_object_completion,24789,14.881844714630706,1433,strict_seed,unchanged strict seed,9801929150b17d666888786a425ff3622513bd6425a9fc274c92ff18c89cad86
167,afr1ste_5689_artifact,,sparse_edit_or_object_completion,685,18.470581161737776,1744,strict_seed,unchanged strict seed,9b89403dd1f7eaab2e051924a605b008b97adbddab87e9c7d77e4e345e40b321
168,massimilianoghiotto_6254,,sparse_edit_or_object_completion,20403,15.076562772156251,4677,strict_seed,unchanged strict seed,3071c76ad752dc2b8b8b8fed9bbb06f836e621f20769e769f086a9833409d15b
169,massimilianoghiotto_6254,,sparse_edit_or_object_completion,23629,14.929769949800432,22889,strict_seed,unchanged strict seed,cc0228c66a3e92fbc8d0fc1046786b2496956fbfb5ad2b0ae682053e0e9f242f
170,massimilianoghiotto_6254,,crop_or_resize,78564,13.728331141770909,80838,strict_seed,unchanged strict seed,8a544d08ce23a77646ec847a881afa922074e32cf0c93ee105fe41bc4a198136
171,massimilianoghiotto_6254,,sparse_edit_or_object_completion,910,18.186555400489105,3870,strict_seed,unchanged strict seed,870d03d11f50675a25e91011d3de920f98d7b42c7cea3ef00ac5889afbe2b765
172,massimilianoghiotto_6254,,crop_or_resize,30,21.598802618337846,503,strict_seed,unchanged strict seed,33754d26bb306ccf4ff56220bb64d198e4f5a3ce16466739d1a42b1c47d075c9
173,massimilianoghiotto_6254,,sparse_edit_or_object_completion,175243,12.926071138839562,10179,strict_seed,unchanged strict seed,127987e12db933b7a68a2d793c549759c50da58bd3bc8dc5f54e919036814e67
174,massimilianoghiotto_6254,,crop_or_resize,52019,14.140635684557754,88405,strict_seed,unchanged strict seed,9af0a4920a2a99c8938f0fcfefe55abc1fda4e5fcd64502fa47a49e9378dae56
175,kojimar_5800_minimal_blend,,sparse_edit_or_object_completion,23859,14.920083216374755,5696,strict_seed,unchanged strict seed,5ead70e0a974b320a47ea96a4d5b78f3210cf63b3841e86c46b7e1906e7d1eb9
176,massimilianoghiotto_6254,,sparse_edit_or_object_completion,7920,16.022853515191528,1206,strict_seed,unchanged strict seed,310e4442f475dbfb10cc58349c4750e92c3926f0bc7d172ef83199f44d0d41c0
177,massimilianoghiotto_6254,,crop_or_resize,61194,13.978195575521427,3685,strict_seed,unchanged strict seed,50dc5459fed670dc33d25ef8c29dd8edb245edf554ee923c46c750b8fe65edbf
178,massimilianoghiotto_6254,,crop_or_resize,29331,14.713599743826219,11178,strict_seed,unchanged strict seed,c4e1c08f252c12f246ba16ede5801c931d7394592588c2da3302e34f1043162c
179,massimilianoghiotto_6254,,sparse_edit_or_object_completion,0,25.0,178,strict_seed,unchanged strict seed,cc0ecf9c8ad29b24eff1e0243162813ab3c74f5736044707c4e9526a0235b5a0
180,afr1ste_5689_artifact,,crop_or_resize,7450,16.084030688626395,2610,strict_seed,unchanged strict seed,08ce8a51fa131ec952bcbea71258da38e3b331fe5ef8ee5512ae73607edeed02
181,massimilianoghiotto_6254,,sparse_edit_or_object_completion,1194,17.91493570604745,3575,strict_seed,unchanged strict seed,15fc0f7b83c5ccd9d93b8b801f0a80f4026e1219c6eb8c8d3469fdb65b61f15a
182,massimilianoghiotto_6254,,sparse_edit_or_object_completion,47624,14.228907885166773,15528,strict_seed,unchanged strict seed,dd3b7d204b6ab492fdf2d5845a3c007b4a88bcedd5ce7b3689422764621f0a85
183,massimilianoghiotto_6254,,crop_or_resize,24878,14.87826084223009,6411,strict_seed,unchanged strict seed,3199cf90066c10f0c54c62447548325a5749296ee416377f5ff1db4a6202dc43
184,massimilianoghiotto_6254,,crop_or_resize,38855,14.432407952356657,44106,strict_seed,unchanged strict seed,aa3581ee589edd81550e210f4c471b6961170946bf5f980230a9381ddd284eec
185,massimilianoghiotto_6254,,crop_or_resize,59584,14.00485763936326,23762,strict_seed,unchanged strict seed,4b2e94698954985298780d91862b39976514533d04e0c2a9c65018472bf9ffcc
186,massimilianoghiotto_6254,,sparse_edit_or_object_completion,364,19.10284613236326,1253,strict_seed,unchanged strict seed,96637eb3c4a66a8b2c4172839d118e3ab2df33e08e4a1da27d62a0212abf3447
187,massimilianoghiotto_6254,,same_shape_global_transform,105313,13.435307852707972,7916,strict_seed,unchanged strict seed,2ebbc64c3257fa66b2030c42845bb1b9da22d09c9369fe61e530a138b97cb46a
188,afr1ste_5689_artifact,,crop_or_resize,10664,15.725371138141455,3972,strict_seed,unchanged strict seed,e682d1bc96f2a4231e100c0d03b743a5698f58b03534a9c4822e405136818e3c
189,massimilianoghiotto_6254,,crop_or_resize,24649,14.887508389303385,11016,strict_seed,unchanged strict seed,65d02338f520bf86447f5ed5afe5e5cf010a7b80d6098a9f7595fa3dd978ab1e
190,massimilianoghiotto_6254,,sparse_edit_or_object_completion,11204,15.675973863620001,9783,strict_seed,unchanged strict seed,3c9f31c70da6f35943019bce38adb68a1d8d726d7a9afa6401928992c19abce8
191,franksunp_blended_best,,sparse_edit_or_object_completion,73993,13.788274226882638,45679,strict_seed,unchanged strict seed,ab9be8ed6bba18dd8700e857ff854ba86c997cb9a1d37ce3d96a7c3e92d71217
192,massimilianoghiotto_6254,,sparse_edit_or_object_completion,51968,14.14161657647865,2553,strict_seed,unchanged strict seed,a0f9296beabaca71c0a17a228a0ddf589e3c6f628069e8d251a6c7810ea003e5
193,massimilianoghiotto_6254,,sparse_edit_or_object_completion,53661,14.109558240338645,2282,strict_seed,unchanged strict seed,ecd67c4071fe9d91db3292a95722bec28fc002887cb515081050d11597501994
194,massimilianoghiotto_6254,,crop_or_resize,1800,17.504458056115745,7476,strict_seed,unchanged strict seed,59531ad8e7d6f06d12de8865f59b6376213a4a705332979d6bbb9dec19d2bc1d
195,massimilianoghiotto_6254,,crop_or_resize,14229,15.436962585454308,6269,strict_seed,unchanged strict seed,3eda74839b565d6a07b52d5a4b115a9479eda49974a759157acee6caca705320
196,massimilianoghiotto_6254,,sparse_edit_or_object_completion,32242,14.618974770564057,3150,strict_seed,unchanged strict seed,0b604cb65327687551958c78ddedf41604e04a67dd09a247cfc45ec8a2e8de50
197,massimilianoghiotto_6254,,sparse_edit_or_object_completion,50688,14.166555524825903,1646,strict_seed,unchanged strict seed,40a941aea6073c5172e44d71fd1f0e20afcbd18fd06e82b5a5c4cf635b97792c
198,massimilianoghiotto_6254,,same_shape_global_transform,103821,13.449576458609688,8402,strict_seed,unchanged strict seed,1466ce35887bc1eb4d290c46e10e5dfd67f58aeb1bf7ccdf113d625ccd8ff679
199,massimilianoghiotto_6254,,sparse_edit_or_object_completion,16157,15.30989132872317,3260,strict_seed,unchanged strict seed,cb0bca684946f25935aab1e61dc937cd6b383f7ef67004a93900c9d3113a05da
200,massimilianoghiotto_6254,,sparse_edit_or_object_completion,8306,15.975266575809302,4721,strict_seed,unchanged strict seed,7eb580de0fcb4233f0c49ca4f18add4242d900a764bf7fcfb3ae86b17a9fa3b1
201,massimilianoghiotto_6254,,crop_or_resize,92700,13.562876248446054,15537,strict_seed,unchanged strict seed,99fa4299bde6da966f9e0cf551cc7ec5b9fcdeb2d5d699b283487c39f03be5c9
202,massimilianoghiotto_6254,,sparse_edit_or_object_completion,125720,13.258187509088495,3680,strict_seed,unchanged strict seed,b2049b301c3fa23ccd209e74d66cdaafbc62bb2b2224bd6084dd0272004fadc0
203,massimilianoghiotto_6254,,sparse_edit_or_object_completion,88402,13.610350127195805,7171,strict_seed,unchanged strict seed,1208f14ef2fde7dbd4885abb465821f21d9a4ea7bec6c997a8b4127521e143fa
204,kojimar_5800_minimal_blend,,sparse_edit_or_object_completion,104544,13.442636685599203,5559,strict_seed,unchanged strict seed,21b9b3f65c96474ed96fb4096e2cbd4ada67cb1d713bcd4af009dda771a797ea
205,massimilianoghiotto_6254,,crop_or_resize,112313,13.370955104619776,39030,strict_seed,unchanged strict seed,3512e305bf82aaf3ff5254fd584b858ff58c4b73a9488d25642d5c23f9856c5b
206,massimilianoghiotto_6254,,sparse_edit_or_object_completion,61387,13.975046634666326,4900,strict_seed,unchanged strict seed,1d715f2b036176402b6f387e089134dd496fd8ad943ef2db913d91e7769dec63
207,massimilianoghiotto_6254,,crop_or_resize,1875,17.463636061595487,2718,strict_seed,unchanged strict seed,5942f5135e2f22449f36d508a9d941cbc57af134e68281fa5fecdf8ad09c6986
208,afr1ste_5689_artifact,,sparse_edit_or_object_completion,92273,13.56749314667969,18209,strict_seed,unchanged strict seed,8f0f424cd3adb01ba14b8565f81efaf8983d9fb2fb045ecb0e7d57e56f297e30
209,kojimar_5800_minimal_blend,,crop_or_resize,67337,13.882534858321867,61236,strict_seed,unchanged strict seed,38e3d0cd3fa5da6337f84e6e02b196b863274dbe9045f0925c8dd419c99ee4ff
210,massimilianoghiotto_6254,,crop_or_resize,30,21.598802618337846,503,strict_seed,unchanged strict seed,33754d26bb306ccf4ff56220bb64d198e4f5a3ce16466739d1a42b1c47d075c9
211,massimilianoghiotto_6254,,crop_or_resize,1800,17.504458056115745,7476,strict_seed,unchanged strict seed,f8319a020475b718d3106b0d713feab8fad352bb27e2764538d652f25ebae026
212,afr1ste_5689_artifact,,sparse_edit_or_object_completion,9969,15.792764442977296,4967,strict_seed,unchanged strict seed,bc1b80a0c529df6089bd31894d4b09d9ee7d14a332ea1feca171b5c65bfe00bf
213,massimilianoghiotto_6254,,crop_or_resize,50225,14.175731810316865,44339,strict_seed,unchanged strict seed,69897c245d45f714781cb16c8859eb45dcd80fd735701861a5388877340282af
214,massimilianoghiotto_6254,,sparse_edit_or_object_completion,1800,17.504458056115745,7476,strict_seed,unchanged strict seed,bd6a8095899555ad3b94fa0fd1e6f2fe4d96ebff08ef720551a5b238e38d5984
215,massimilianoghiotto_6254,,sparse_edit_or_object_completion,38094,14.452187931601495,1952,strict_seed,unchanged strict seed,35f9321e7ec9205a3a5327ab3d0995a03d396d32bf6c2513e50737efd25cf184
216,afr1ste_5689_artifact,,crop_or_resize,103572,13.451977697992342,19717,strict_seed,unchanged strict seed,59206f4fb8043314964546c0a3bdec251bc7ce99fca237c4cf8df98020454ca0
217,massimilianoghiotto_6254,,sparse_edit_or_object_completion,17924,15.206104124093967,1684,strict_seed,unchanged strict seed,d82f188785c2d9ccbc528dbce2f8993098864ed4db7bdb6cfef9c3f933deb153
218,massimilianoghiotto_6254,,crop_or_resize,23202,14.948006239164648,16279,strict_seed,unchanged strict seed,3de9f2fffdbd406f5002fee1d1e42b3069eb38de7940bbfa567d70dd474f2349
219,kojimar_5800_minimal_blend,,sparse_edit_or_object_completion,47688,14.227564927100238,60615,strict_seed,unchanged strict seed,50716feacac978398b2d681aa28439f16837f38de5a69d7184d2016dea1e3198
220,massimilianoghiotto_6254,,sparse_edit_or_object_completion,900,18.197605236675688,3803,strict_seed,unchanged strict seed,632b8fb1ccd0dd3825002474344d4a714a97fcf24c4e46d3f5bfb61870dbf407
221,massimilianoghiotto_6254,,crop_or_resize,55869,14.069235056400384,14298,strict_seed,unchanged strict seed,961e4dd0a5494ead1c0684370d40ae994dd89a259eab68db10458e09a48ddc5a
222,massimilianoghiotto_6254,,crop_or_resize,58035,14.031198444197276,3044,strict_seed,unchanged strict seed,e314ab578979b9ce0e52d625bd4f0d456bbdfb3ef038221123890c781d5b4971
223,massimilianoghiotto_6254,,crop_or_resize,1800,17.504458056115745,7476,strict_seed,unchanged strict seed,55c8390e7cd616590c964d235b012266596b6ebcac3c0b458e6e36a532582245
224,afr1ste_5689_artifact,,sparse_edit_or_object_completion,45458,14.275455898281896,5184,strict_seed,unchanged strict seed,48a8e1e1d3b8220b11c07d34ecadf3ca7392db48e58e9705b0c25b45c9e9bdb3
225,massimilianoghiotto_6254,,sparse_edit_or_object_completion,11078,15.68728356140695,6961,strict_seed,unchanged strict seed,de3c8518c5f2758035b00dfb8cac0794bb7bce6789739d58b0108be98ba45c63
226,massimilianoghiotto_6254,,sparse_edit_or_object_completion,5559,16.37682648504653,3827,strict_seed,unchanged strict seed,a66db6d32f0c0ea55646c0508c5636538b98ff497ece5d31e18c1973fd6255da
227,massimilianoghiotto_6254,,crop_or_resize,2927,17.018266713308115,1579,strict_seed,unchanged strict seed,1a176381c4d50064377f785fc6b4d2e9e6b6c7aae337eb9f75895f530bbca80e
228,massimilianoghiotto_6254,,sparse_edit_or_object_completion,25086,14.86993479941538,5206,strict_seed,unchanged strict seed,87a13ed9d01ff5659894eb40e110cb593c97a161e9a177bbe52f45bc5c6ab650
229,massimilianoghiotto_6254,,sparse_edit_or_object_completion,1409,17.74936448810132,1695,strict_seed,unchanged strict seed,c34baaba922521df5185e96202db52651a103bdb4416d85340b2e44422376bff
230,massimilianoghiotto_6254,,sparse_edit_or_object_completion,900,18.197605236675688,3803,strict_seed,unchanged strict seed,513c2f92afc641fecbd08cf3bab18b5addfb7e781e7e38b578bda17b8908804b
231,afr1ste_5689_artifact,,crop_or_resize,38342,14.445698819920006,3983,strict_seed,unchanged strict seed,d5e399d9cdfd5a13eb05e94f75f4890d4384a60c7ced373246b7cc237c430828
232,massimilianoghiotto_6254,,sparse_edit_or_object_completion,29497,14.707956157758622,2772,strict_seed,unchanged strict seed,feb9586cfe7175b1a4fd963753dbb60a8b3f7f82c86ad9cb5f6b44e28799bac0
233,kojimar_5800_minimal_blend,,crop_or_resize,63540,13.940575092176493,40762,strict_seed,unchanged strict seed,fa9bd8c1cfabb28788dc099fee7d61d00f7a1a85af0fde5dba46879824e8764a
234,massimilianoghiotto_6254,,sparse_edit_or_object_completion,81703,13.689154000119816,4894,strict_seed,unchanged strict seed,d81ce7806ea6bf39107cef6bfb7591b06b94183c0cd60dbb4faaa8027ad4498e
235,massimilianoghiotto_6254,,crop_or_resize,1338,17.801068759311825,3616,strict_seed,unchanged strict seed,bc464c1e594934945bcfcfadff0e127d2dcaa7487619f7d7464c6b3f57965b7f
236,massimilianoghiotto_6254,,crop_or_resize,643,18.53385527576238,958,strict_seed,unchanged strict seed,e45ddef9028aac5aeab004971f064fe2aa3bc398a657e44107d82dd0aeb1a81c
237,massimilianoghiotto_6254,,sparse_edit_or_object_completion,14324,15.430308268881676,2499,strict_seed,unchanged strict seed,3d0a77ca7bdedd0bbbfb15b78e5f437da373d165b9cccef36c49e5276037d098
238,massimilianoghiotto_6254,,crop_or_resize,64372,13.927565965061614,15947,strict_seed,unchanged strict seed,4a53c4b59d26583016d408d00a8065dd32544bc1b31de8279187360039ab22b9
239,afr1ste_5689_artifact,,crop_or_resize,94477,13.54388830238479,3677,strict_seed,unchanged strict seed,000e1472771006e984fdc1ef874767713c8679fd86abbb5839ad51ebe693b9e2
240,massimilianoghiotto_6254,,sparse_edit_or_object_completion,27847,14.765519480374964,66199,strict_seed,unchanged strict seed,bd4f3a6cd7fb086174406c3122628f9ce5be2e713c693e64f4a1a2834b3d15fd
241,massimilianoghiotto_6254,,sparse_edit_or_object_completion,0,25.0,178,strict_seed,unchanged strict seed,cc0ecf9c8ad29b24eff1e0243162813ab3c74f5736044707c4e9526a0235b5a0
242,massimilianoghiotto_6254,,crop_or_resize,20119,15.090580078810763,2028,strict_seed,unchanged strict seed,2ba62b3b20f2f14cbf34680c9241953e5c07367e80eb12f0b1a25585320471fc
243,franksunp_blended_best,,sparse_edit_or_object_completion,67878,13.874532744845478,18595,strict_seed,unchanged strict seed,12525256f82e0dc377075d6bd9e7644ec716dfdd9898e1b8278272df3f3975f3
244,massimilianoghiotto_6254,,crop_or_resize,31782,14.633344629227418,8484,strict_seed,unchanged strict seed,d7e9c6ae4f4455bd2a588c7bdcd8fb1cb2c3bc2b8ab7ee9257f8161be595c522
245,massimilianoghiotto_6254,,sparse_edit_or_object_completion,29015,14.724431783375291,3499,strict_seed,unchanged strict seed,845cf4342ff816d92f4dd523bd381004974a7574eb3538384e54a8c37bd258d2
246,massimilianoghiotto_6254,,sparse_edit_or_object_completion,13391,15.497661881504435,4453,strict_seed,unchanged strict seed,ea9cd282dca818f0f41dbb59f782559cdffce4bc0296ff5a7182ad01d8459cca
247,afr1ste_5689_artifact,,crop_or_resize,22031,14.999794168587435,2179,strict_seed,unchanged strict seed,abd7ccd3981d6cba01ae8f6001f5128bf53c0817bb48f5c82c25daf8269f3872
248,afr1ste_5689_artifact,,sparse_edit_or_object_completion,6581,16.208058011543883,2295,strict_seed,unchanged strict seed,968befa516665e9d497a659617cf15ada8947ecbe6694bf63574ab1730958b3d
249,afr1ste_5689_artifact,,crop_or_resize,8999,15.895131260966052,2770,strict_seed,unchanged strict seed,ec1712bc15fea6c479bd67af9035990bb340b11f127cd1a489c4faddf671e788
250,massimilianoghiotto_6254,,sparse_edit_or_object_completion,12141,15.595656566456025,9660,strict_seed,unchanged strict seed,6aff7ade86a0e1b42953e20a4aac2d75465df7994d5dfa9157c38b3884ee39af
251,massimilianoghiotto_6254,,sparse_edit_or_object_completion,100580,13.481291290274044,6781,strict_seed,unchanged strict seed,474eb593e33a540db6438a2041d5c2747c44f4f5f49a9d883147e2716d5e8a66
252,massimilianoghiotto_6254,,sparse_edit_or_object_completion,38062,14.453028311923028,4108,strict_seed,unchanged strict seed,d9adc33e1c0de21f1f8750d77c75a7fefc279f671967b3ce2b9234dac5a46c87
253,massimilianoghiotto_6254,,crop_or_resize,48269,14.215455188361384,4035,strict_seed,unchanged strict seed,cb4eb126bc44ca50c4db62c5ca46f210b30579e62f34b1645d48c86f034cf661
254,afr1ste_5689_artifact,,sparse_edit_or_object_completion,7956,16.018318360026136,5035,strict_seed,unchanged strict seed,b5c5c5280f4cb27717456f3f625575daf09051e74ecb5f1fa1ae1c9f4eae023d
255,kojimar_5800_minimal_blend,,same_shape_global_transform,74403,13.782748457411104,35175,strict_seed,unchanged strict seed,bb545f9d645d6880b2978a60e252a5a242c5a8c54238e206730e1fda86860c27
256,massimilianoghiotto_6254,,sparse_edit_or_object_completion,21123,15.041882226812756,5497,strict_seed,unchanged strict seed,f9a1a0e5e9cb80db99ab40721f01f1b9650ced14c4cafec8a9a7e8385ba25222
257,massimilianoghiotto_6254,,crop_or_resize,1077,18.01806532284361,1891,strict_seed,unchanged strict seed,79822acd7ec3df4ecd7d99fb66bee1d3984b4de324c7da144a068168f46e3a7e
258,massimilianoghiotto_6254,,sparse_edit_or_object_completion,160,19.924826184766175,929,strict_seed,unchanged strict seed,a5af1a539eaa00626494b1dcf363a1d97fcfa622eedd9223bebf9abfb971f2f3
259,massimilianoghiotto_6254,,crop_or_resize,6843,16.169018489047502,3995,strict_seed,unchanged strict seed,b1629adabc558958e887049f25b9bebbd63e4c71bd922b7d68d52b299b760f4f
260,massimilianoghiotto_6254,,sparse_edit_or_object_completion,12474,15.568598242913932,2879,strict_seed,unchanged strict seed,0d2307926e7531b37db868fe27fd52b57acd33e94dff3fe807f928de440260c0
261,massimilianoghiotto_6254,,sparse_edit_or_object_completion,200,19.701682633451963,1003,strict_seed,unchanged strict seed,a263e4f9682d9a013d72e1a5cf5b4c1eef2b057244d474b0ae9b0653b1313a98
262,massimilianoghiotto_6254,,sparse_edit_or_object_completion,3770,16.765169719557946,1095,strict_seed,unchanged strict seed,86769d9b33a6dab74dd8e814dd5b5da9202766a39195e73fa04f9fa88db8b016
263,afr1ste_5689_artifact,,crop_or_resize,8054,16.006075858588602,12625,strict_seed,unchanged strict seed,9e412c35977374fec2ac8dae4cbde22cf77f1cc544d6af95bcc4adbda89d959c
264,massimilianoghiotto_6254,,crop_or_resize,79536,13.716034971665547,8493,strict_seed,unchanged strict seed,2b5477a37ce178bf3148b7932788550519fb2e9cbe222111be10b2c7c2390493
265,afr1ste_5689_artifact,,sparse_edit_or_object_completion,39162,14.424537832136728,3046,strict_seed,unchanged strict seed,559aa7f0e23585fa1e00ae9c9abd32b3948091c81d201b0babbc1368bb7b5c9f
266,massimilianoghiotto_6254,,sparse_edit_or_object_completion,910,18.186555400489105,3870,strict_seed,unchanged strict seed,9266080d8ed294e52e63b99529da14cc1579383439176769c66563d294d12414
267,afr1ste_5689_artifact,,sparse_edit_or_object_completion,1255,17.865109148434115,1543,strict_seed,unchanged strict seed,3dd7de025caa7203e7f5c49a29b4efe09c80160fc84c322736e2c5b80fd9c2f7
268,massimilianoghiotto_6254,,sparse_edit_or_object_completion,22387,14.983764287772118,14058,strict_seed,unchanged strict seed,931cdc436a970a7fafe8cd6aa61dd5b9825b12d451d9c40fd8a36eb3c6e1a65c
269,massimilianoghiotto_6254,,crop_or_resize,8602,15.940249986656319,3084,strict_seed,unchanged strict seed,c687934b762104684fb104b0dbd64b66adc40c491e5a2fc9153110c3673e7259
270,massimilianoghiotto_6254,,sparse_edit_or_object_completion,27301,14.785321389461183,14311,strict_seed,unchanged strict seed,7319e96b2e050c9d1a128b892ecd34fb3fd544e85bed61ff12a05891853b708c
271,massimilianoghiotto_6254,,crop_or_resize,28991,14.725259284025897,2976,strict_seed,unchanged strict seed,670f4af2ee5f33ca35a994d02fbcd4cbca4595cecf099f014d3c94ec8999efca
272,massimilianoghiotto_6254,,sparse_edit_or_object_completion,910,18.186555400489105,3870,strict_seed,unchanged strict seed,2d16a68fb9c67906f50d61d5ef9d7ea99b5be9e1241a424a754da7a4a9554267
273,afr1ste_5689_artifact,,sparse_edit_or_object_completion,5937,16.311040765729324,2252,strict_seed,unchanged strict seed,1a2fca3f944c7c92863a470a0d39de1263ec64573395fbd3c019d69f272ccbb2
274,massimilianoghiotto_6254,,crop_or_resize,8581,15.942694264192879,3724,strict_seed,unchanged strict seed,2267f8344e3e1fb0f2c5ea7f62288ae634c8bf45007cd703d93b36483f9e8d37
275,afr1ste_5689_artifact,,crop_or_resize,83879,13.662869436848247,25721,strict_seed,unchanged strict seed,312ed5cf1f0d004bdf18e2ca22760cb8dfcd0310003557b810e8e0f769b69ec2
276,massimilianoghiotto_6254,,sparse_edit_or_object_completion,10,22.697414907005953,241,strict_seed,unchanged strict seed,90ceb5dae9a235b3a9413a33fb5a878f1ee8191ed3c7a935ce9ac808abb0997b
277,massimilianoghiotto_6254,,sparse_edit_or_object_completion,14617,15.410059486110708,8205,strict_seed,unchanged strict seed,74d9aca445db3e4469c829c8456110978a13ac9c875ba993a3c6359eb2851901
278,massimilianoghiotto_6254,,sparse_edit_or_object_completion,34383,14.55468246483519,2628,strict_seed,unchanged strict seed,b957c616230c5843c7ad1f5908e630c65c73d7b5b163c5511ccb85543537258d
279,massimilianoghiotto_6254,,sparse_edit_or_object_completion,26330,14.821535747509644,10894,strict_seed,unchanged strict seed,a548bbd30c36daa3a461eb5cf7d09a0ca2e664492b62411c0afae98d087e3453
280,massimilianoghiotto_6254,,sparse_edit_or_object_completion,90506,13.586828574167079,13536,strict_seed,unchanged strict seed,1d32eeaecaed049928be1fa84510d84c6e1d31cfbe78fac32b71629f9732fe07
281,afr1ste_5689_artifact,,sparse_edit_or_object_completion,88615,13.60794357751076,6229,strict_seed,unchanged strict seed,90937f6afb6b553f3b21da5e360d7e80b56a51c4e45496f5c9b42d4241c9264b
282,massimilianoghiotto_6254,,sparse_edit_or_object_completion,900,18.197605236675688,3803,strict_seed,unchanged strict seed,f9fc4d6866e865fd798e58bbb321326a6decd15eea64ad7043af737262c00829
283,massimilianoghiotto_6254,,sparse_edit_or_object_completion,910,18.186555400489105,3870,strict_seed,unchanged strict seed,8db88668af17c5c730bab617d6a4a0585532ddb4633d97ae3c3317a3e7b9226a
284,massimilianoghiotto_6254,,sparse_edit_or_object_completion,102032,13.466958231444947,25369,strict_seed,unchanged strict seed,c98880287bcce97c89714669f804c5ae395a1714e44ed64b7a0949dfc236733f
285,kojimar_5800_minimal_blend,,sparse_edit_or_object_completion,151996,13.068390516307327,99305,strict_seed,unchanged strict seed,39f736e972e2cead06c1af94abca655ea9fb60e6fb10d8296b928174042b1d03
286,massimilianoghiotto_6254,,sparse_edit_or_object_completion,162199,13.00342074458367,24315,strict_seed,unchanged strict seed,af22a897ae56ce01c2a97f72718e95b8faa9d7a2bad2bb839b6b63c4960c6b1d
287,massimilianoghiotto_6254,,sparse_edit_or_object_completion,22566,14.975800372301608,2378,strict_seed,unchanged strict seed,5d38b2589c71458b74ff2f96fdb24d49e99d27c778efe6aaf9de3113db94f55b
288,massimilianoghiotto_6254,,sparse_edit_or_object_completion,31807,14.632558329669694,5923,strict_seed,unchanged strict seed,fa7d03e1f5811bb57d05a398bf87d47002e3d2161b9b7f98047dcc3a93dc42c9
289,afr1ste_5689_artifact,,crop_or_resize,24972,14.874489523818365,2484,strict_seed,unchanged strict seed,370c0309bb29c924a4da81cdcdc314877fe53f64db173dc3d2208231376ffce9
290,massimilianoghiotto_6254,,crop_or_resize,11708,15.631972352188223,4019,strict_seed,unchanged strict seed,a7dd99636b0cbf642d724e747ebdba2226eff432d1ef286bbcda57c3e0d432e3
291,massimilianoghiotto_6254,,crop_or_resize,4327,16.627370259775116,6567,strict_seed,unchanged strict seed,1875b02116b5c2f48b6d38fa8c9add580a9e3146de01608fac4caea271eb4ee0
292,massimilianoghiotto_6254,,sparse_edit_or_object_completion,6305,16.250901751600978,1137,strict_seed,unchanged strict seed,eaa8f0feab15046b2069e46147b12612b4b173657403e5dae7d8f8a3d26998d5
293,massimilianoghiotto_6254,,sparse_edit_or_object_completion,24771,14.882571106914462,9968,strict_seed,unchanged strict seed,20dc6c4171ca4a83d3971956aae7c7e598160ecf6471f09a8197f94ab852140a
294,massimilianoghiotto_6254,,sparse_edit_or_object_completion,910,18.186555400489105,3870,strict_seed,unchanged strict seed,5037f105281aeed7f850b84f0b90baa656d0667ae2c026d838e8c61ca2bcfb8e
295,vyanktesh_multi_source_output,,crop_or_resize,12190,15.591628777524683,2145,strict_seed,unchanged strict seed,82fbd766477f045d124e62aa9f5f057088f245f1f01bd5aa809e673d429042ff
296,massimilianoghiotto_6254,,crop_or_resize,4115,16.67760588688883,2981,strict_seed,unchanged strict seed,094fd095dca3b256b80b75008b18a4ac0a7baccd409e0042a2799eb7960d0cab
297,massimilianoghiotto_6254,,sparse_edit_or_object_completion,9172,15.876089356022204,2534,strict_seed,unchanged strict seed,11d15fc04e2e4c8788bd4cb69a18d04947074d5280abb12a0b8cd8e74187103a
298,massimilianoghiotto_6254,,sparse_edit_or_object_completion,14948,15.387667209394625,4442,strict_seed,unchanged strict seed,d9f8f882a081c9793c03e5ef45d80182a5e3e9c58ae9c4dc6a56b43b30aacad2
299,massimilianoghiotto_6254,,sparse_edit_or_object_completion,1790,17.5100291011652,2062,strict_seed,unchanged strict seed,6c4f12c81a4d5b689aa14d3968265a7b2b459f93ee196414f753361277d489ca
300,massimilianoghiotto_6254,,crop_or_resize,77546,13.741373412351637,5439,strict_seed,unchanged strict seed,969009e60f0d670aa217006ad07e16c3ce014f138f2bb8399378c3e0dbd00d88
301,massimilianoghiotto_6254,,sparse_edit_or_object_completion,64988,13.91804208355036,20021,strict_seed,unchanged strict seed,7a492045bbf14b9998d40ec5f3fa6f3a6c0cd5876d66de5c6c105cff0b888f2c
302,massimilianoghiotto_6254,,sparse_edit_or_object_completion,7796,16.03863393937255,5138,strict_seed,unchanged strict seed,6ef8f2c28c3c625668545bdbde5c14e3a2331f104869b30408cd7f68641d5078
303,massimilianoghiotto_6254,,sparse_edit_or_object_completion,80710,13.701382237681582,2368,strict_seed,unchanged strict seed,456f51b370f4631bb1853021e35a5246f7d5aa496c0515e59164908b96be4266
304,massimilianoghiotto_6254,,crop_or_resize,14494,15.418509950330773,2352,strict_seed,unchanged strict seed,9a2b6fbe4f85db4a029a241f75dbac39e008a43c183a152531a78d6f1ae953ea
305,massimilianoghiotto_6254,,sparse_edit_or_object_completion,3952,16.71802294113224,2005,strict_seed,unchanged strict seed,d11da687a0648538a6f58a9517ea983f61591966e1d8586586d42a7ca9fb79d4
306,massimilianoghiotto_6254,,sparse_edit_or_object_completion,64444,13.926448091389123,5273,strict_seed,unchanged strict seed,d67ea9041caa5f8f0af1345360248ebde69a9c08933b2265e5247a5ec6446c78
307,massimilianoghiotto_6254,,crop_or_resize,1800,17.504458056115745,7476,strict_seed,unchanged strict seed,65d076b149deb10e553e0d9e21d31590b0a86e6fc4fe1f12191d782c8c58f1a4
308,massimilianoghiotto_6254,,crop_or_resize,21799,15.010380623834585,4936,strict_seed,unchanged strict seed,dda3b1947ba56d9f85b20b34b5ef1d6c54b9a91e82ac8e76dad30d042633e7fd
309,massimilianoghiotto_6254,,sparse_edit_or_object_completion,10,22.697414907005953,241,strict_seed,unchanged strict seed,623ad60b2f8295da75878fdd7e721bf573ab097417d084d68fb24df0a914f353
310,massimilianoghiotto_6254,,crop_or_resize,25739,14.844237369643414,4301,strict_seed,unchanged strict seed,1c0bb621e79b830a54f15fe61596394ba8f3070f176b81aed1b945f922705b75
311,massimilianoghiotto_6254,,crop_or_resize,30,21.598802618337846,503,strict_seed,unchanged strict seed,701b4adac413f1b4579c013605b0b82ec3557e81a534afea057eb5385e44c6ed
312,massimilianoghiotto_6254,,sparse_edit_or_object_completion,9979,15.791761836115688,1327,strict_seed,unchanged strict seed,153e51db1299141e7e76f7a47e4b19ae42d4c1dfb97b407c2ad0e4c31a3db133
313,massimilianoghiotto_6254,,sparse_edit_or_object_completion,83572,13.666536185257858,40083,strict_seed,unchanged strict seed,e055ba4de4fd987036296019a0dbc6ffa636117a897c586151d36e04db24fb8f
314,massimilianoghiotto_6254,,sparse_edit_or_object_completion,8594,15.941180435665059,25464,strict_seed,unchanged strict seed,caf31cd5890cd38599cc3aa2c1dcadec8d69887af595bdcbdbe9b0858fd6b3cc
315,massimilianoghiotto_6254,,crop_or_resize,9557,15.83497085073382,1423,strict_seed,unchanged strict seed,e08d08e9957ca8571c53d007ad976142ecf23e7b9adc49db7c81298b877a7bf2
316,massimilianoghiotto_6254,,crop_or_resize,3903,16.730499232819383,4720,strict_seed,unchanged strict seed,567f4487fbfbb885eb6d5f78ff262357da037566ba6cdceec0cb93169fd08118
317,massimilianoghiotto_6254,,sparse_edit_or_object_completion,900,18.197605236675688,3803,strict_seed,unchanged strict seed,043fafbb9cba74766379a2e433f9c5a0bb13b27b58162a396758ac6b81fa95ed
318,massimilianoghiotto_6254,,crop_or_resize,739,18.394702079051797,1164,strict_seed,unchanged strict seed,00a18155b908e6209a42767ff1198c3610858a887ae0e8800cc01c566c3b4688
319,kojimar_5800_minimal_blend,,crop_or_resize,18368,15.181634700880707,12225,strict_seed,unchanged strict seed,9087a6d3245ca77cfe7b1f4e58c1b00a8e3a9dc6cb22356faba752d866b261f7
320,massimilianoghiotto_6254,,sparse_edit_or_object_completion,5190,16.445511023840066,2910,strict_seed,unchanged strict seed,58c36f9529d5009b6de982cfb46050a02c8fe06836d927e2cc9baf28ec3cca25
321,massimilianoghiotto_6254,,crop_or_resize,5511,16.385498626116764,2453,strict_seed,unchanged strict seed,6513ff7f18475fa19781032709cb6638c48d425e849e800c024c417d394559fa
322,massimilianoghiotto_6254,,sparse_edit_or_object_completion,867,18.23496102321946,728,strict_seed,unchanged strict seed,e652cbcc7ee26d00cdba6feeb2959c3523b0a18c930cf9e72090d55c7f25cf95
323,massimilianoghiotto_6254,,sparse_edit_or_object_completion,4533,16.58086074905915,2810,strict_seed,unchanged strict seed,92b4f3611e5e9f9389852b91899eec7b7e65bfd8b0b1db4cd2cf7a3d708d2510
324,massimilianoghiotto_6254,,sparse_edit_or_object_completion,48870,14.203081009735799,7864,strict_seed,unchanged strict seed,ae78474623a2cf76af6d2edd34692986fd9651666a2e6c4645850adf096de741
325,massimilianoghiotto_6254,,crop_or_resize,43022,14.330533108254256,5624,strict_seed,unchanged strict seed,0363b02193e6a7f1de6a4e91fc72a0c54dc3d2392cd57a4ea4e94c74f6711eab
326,massimilianoghiotto_6254,,crop_or_resize,160,19.924826184766175,280,strict_seed,unchanged strict seed,d33cc28e3af650ee5195c2db91c287ba71a7329a9ca3dbab39c12390a2a22754
327,massimilianoghiotto_6254,,crop_or_resize,7548,16.07096209351156,1920,strict_seed,unchanged strict seed,22797259dc64384bef54082f9634e4b9232d4d6308d27260b729efe09ce111e3
328,massimilianoghiotto_6254,,sparse_edit_or_object_completion,68053,13.871957907660665,12645,strict_seed,unchanged strict seed,d6e4b5407cdc421a41dca58ff35ce57ab66262f73533231d6aaa036dd23da65f
329,massimilianoghiotto_6254,,sparse_edit_or_object_completion,10260,15.76399188127524,1936,strict_seed,unchanged strict seed,34bea7f5598736dc6f3ea8c48f78008b54f72397d55e7481ef0c9f4f73312354
330,afr1ste_5689_artifact,,sparse_edit_or_object_completion,59024,14.014300580163543,11768,strict_seed,unchanged strict seed,6a39a929ea652f4f411ad3a8fedbeb5ef4259a2fbfe63efbca1e7eac2a7b0592
331,massimilianoghiotto_6254,,sparse_edit_or_object_completion,910,18.186555400489105,3880,strict_seed,unchanged strict seed,5d958e2bec660aada61848feb0b17c6bd6433a91959a3674a3b4f8d7dbb98f04
332,massimilianoghiotto_6254,,sparse_edit_or_object_completion,8990,15.896131872534333,4759,strict_seed,unchanged strict seed,62e0310aa7a3ab07222b34d2ccd922d47ae0a2ce8d2b5738a5f779a56f53db4e
333,massimilianoghiotto_6254,,sparse_edit_or_object_completion,24893,14.877658081568091,7039,strict_seed,unchanged strict seed,58aabb0b43a667a918f62282b394be012e9bf7f22407865756078f0b9d517525
334,massimilianoghiotto_6254,,crop_or_resize,609,18.588181732290103,1128,strict_seed,unchanged strict seed,c34116b2661554d54e4a00802036f2165a649ff6e4f38ab5d406cbab0b2e3230
335,massimilianoghiotto_6254,,sparse_edit_or_object_completion,46249,14.258204878914801,4572,strict_seed,unchanged strict seed,9eb7a67144ca27bfb8203c305c3b6d9087388a30f89879fda858b9f8c9bd5c02
336,massimilianoghiotto_6254,,sparse_edit_or_object_completion,6036,16.294503180112258,6633,strict_seed,unchanged strict seed,6982b2baf459b7e53a51e85a08f1789656f6a52e6e53e97e306dbffb60a8d7bd
337,massimilianoghiotto_6254,,sparse_edit_or_object_completion,10,22.697414907005953,175,strict_seed,unchanged strict seed,c2e453da70edf6710797a6489cb0d9f23b1fbc151c108e8a061e197955e16aac
338,massimilianoghiotto_6254,,sparse_edit_or_object_completion,45016,14.285226738886886,9604,strict_seed,unchanged strict seed,13847efb44ff3385074b0292827df536e2341b6fb68731fee3ff9e184f763c09
339,afr1ste_5689_artifact,,crop_or_resize,884,18.215542937362358,1707,strict_seed,unchanged strict seed,d567d607e88a0479e6281bbb3e7a134385ffaac9103a57feb74901b852c5c197
340,afr1ste_5689_artifact,,sparse_edit_or_object_completion,70342,13.83887566105239,6308,strict_seed,unchanged strict seed,50b536888413dcfcc2f85ac6f1515fc1df11d326c10896014fc8068c7342146c
341,massimilianoghiotto_6254,,sparse_edit_or_object_completion,18865,15.15493636760159,11055,strict_seed,unchanged strict seed,dd20dae23422e19fd42d9b4607601127af5e0104039d3eeccb66ad54f3ed7b8c
342,afr1ste_5689_artifact,,sparse_edit_or_object_completion,12153,15.5946686681292,4213,strict_seed,unchanged strict seed,fe4b13fd1c23d22b31974aee95b7c6dc976309580e7079d5bfab00974ec8529c
343,afr1ste_5689_artifact,,sparse_edit_or_object_completion,28656,14.736881875699506,7957,strict_seed,unchanged strict seed,9a1fa1f073595d828bbf9ac01d86f9e37ce149e16bfffcd7cccc6ac74f477b3b
344,massimilianoghiotto_6254,,sparse_edit_or_object_completion,2510,17.17196196787417,10280,strict_seed,unchanged strict seed,1a67cb808db1d93326b211eb63b75782b1368e0c3b5805fe42bae59d9a39c752
345,massimilianoghiotto_6254,,sparse_edit_or_object_completion,11716,15.631289292052376,11528,strict_seed,unchanged strict seed,9bdc46eb433306b664184a81b758e81a00f80a00ec8e6680c13db8d18d079963
346,massimilianoghiotto_6254,,crop_or_resize,9178,15.875435405045222,1903,strict_seed,unchanged strict seed,9437dcd0dc287b5397557a9ef6662238b1fc81f5ec8cddff730378be02192f3e
347,massimilianoghiotto_6254,,crop_or_resize,1607,17.61787563426249,1120,strict_seed,unchanged strict seed,e1cdada5373cfa897c8263ad36ddfd44196a761724ab14bca94448e26d9d6ebf
348,afr1ste_5689_artifact,,sparse_edit_or_object_completion,7207,16.11719194507556,2711,strict_seed,unchanged strict seed,4fe7781bc84da19380b5d0bb643306532e2ccd2f08b2c7f188aa4a55e656252e
349,massimilianoghiotto_6254,,same_shape_global_transform,49480,14.190676173493577,8578,strict_seed,unchanged strict seed,541bf156705fb08b209e2d55bb252c516b5e3ac32bb299e79532324b83e4895c
350,massimilianoghiotto_6254,,sparse_edit_or_object_completion,19831,15.10499835111417,1754,strict_seed,unchanged strict seed,f2342e5c2629af1d4e2c49498ea1159bfcdab71de90e0b516d4cf61f5da4b6f4
351,massimilianoghiotto_6254,,crop_or_resize,35154,14.532506311227156,3316,strict_seed,unchanged strict seed,6fe9262767a69df07603a2e44b0afdf3e7451438b61c6002d9c7284d6dddc7da
352,massimilianoghiotto_6254,,sparse_edit_or_object_completion,6626,16.20124341714016,1698,strict_seed,unchanged strict seed,c41f4c1751d76017cf0898ee266aeb06df77a7f97a9fd53e507078b042bbfc50
353,massimilianoghiotto_6254,,sparse_edit_or_object_completion,5411,16.403810802357263,4421,strict_seed,unchanged strict seed,4eedfcef290f10e643957d6f820ba88f889d1de1ff05cf60061b6fcf3af90be0
354,massimilianoghiotto_6254,,sparse_edit_or_object_completion,17007,15.258619697007587,3546,strict_seed,unchanged strict seed,a4fafa7c00ec19bf46299da7ba13ae9aadf6dc901721286bf207a524aa1255a0
355,massimilianoghiotto_6254,,crop_or_resize,11795,15.624569008158225,5198,strict_seed,unchanged strict seed,70e42aa4547f02943de1a99eaab657462c623ccc441ee6a0dfe86de1ca8ea88e
356,massimilianoghiotto_6254,,sparse_edit_or_object_completion,5002,16.482406888562437,2903,strict_seed,unchanged strict seed,3ada6d110ee4bf14035d827ae63f955d8c02c612dbf7fbf7a7f422f52c897226
357,afr1ste_5689_artifact,,sparse_edit_or_object_completion,6581,16.208058011543883,2295,strict_seed,unchanged strict seed,f947f7acde4759eab02e1ea9500984bdae0725d31831e6c4d3b3ac8c6e37b2c9
358,afr1ste_5689_artifact,,sparse_edit_or_object_completion,113999,13.356055044591665,11696,strict_seed,unchanged strict seed,54402e388ac2926df1ac66113424b75a4f8b0455364747db30fbd17754b55843
359,massimilianoghiotto_6254,,sparse_edit_or_object_completion,42313,14.347150353576192,1351,strict_seed,unchanged strict seed,e4307fd4ea253852878ad3ac14b85ecee811f5e03b6e111e3864ac12ae8f722a
360,afr1ste_5689_artifact,,crop_or_resize,11146,15.681164031870518,1579,strict_seed,unchanged strict seed,9e7490d98fd878a430bac54a231f27784c0527f98d29aa8a80983b1a8d37796b
361,massimilianoghiotto_6254,,sparse_edit_or_object_completion,15917,15.324857000570146,8714,strict_seed,unchanged strict seed,7f07144efd1bdb210ce3e2bdf6e296c9a39fc2d01c1588770d78236f9682cc9d
362,massimilianoghiotto_6254,,sparse_edit_or_object_completion,11939,15.612434368654611,2634,strict_seed,unchanged strict seed,6c7daa3bc466bb9a8d1c47da56550e834def146ffeb1f469108e4c215b594189
363,needless090_4250_output,,sparse_edit_or_object_completion,54241,14.098807640977503,29270,strict_seed,unchanged strict seed,1f11c31c0a6ac872e4e84fc9b37261e7373a79e345ec384f3794959cbae87613
364,massimilianoghiotto_6254,,sparse_edit_or_object_completion,77859,13.737345222483407,10192,strict_seed,unchanged strict seed,a150d169b9c93d74c89bc493a9d92d7b587d4a317114f5f2124ccb6fb79e222d
365,massimilianoghiotto_6254,,crop_or_resize,58814,14.01786479921536,25852,strict_seed,unchanged strict seed,78fccbb030ac156beb1b08f41f0d6f11ef3a657a9dd171c854a718c7f094be16
366,massimilianoghiotto_6254,,crop_or_resize,836880,11.362564029982357,93413,strict_seed,unchanged strict seed,d2aef9c07563f128a9f8154963486bfe7aa5fd81696e29e651457ddc96f58467
367,kojimar_5800_minimal_blend,,sparse_edit_or_object_completion,49772,14.184792144104478,33926,strict_seed,unchanged strict seed,bf5ec54211476a01aa98f0a81e70d51f88d0f0dece76884108a0651ca819e256
368,massimilianoghiotto_6254,,sparse_edit_or_object_completion,32339,14.615970788806473,14571,strict_seed,unchanged strict seed,f04a6e0ed7466c3bcc31aebccdf84d59956ec11bc9f1fbcb164c0fb00012e2cb
369,massimilianoghiotto_6254,,sparse_edit_or_object_completion,7729,16.04726523289313,3324,strict_seed,unchanged strict seed,fa12c9277b1dc676288c320e499d6757cd3dfb555f1f122e66bfbd45ea13173a
370,massimilianoghiotto_6254,,sparse_edit_or_object_completion,108296,13.407376502134378,12416,strict_seed,unchanged strict seed,59a73db1da96fd134feae8f7154b8fd952b2304df765ea417ecddf2725e0c2a0
371,massimilianoghiotto_6254,,sparse_edit_or_object_completion,21181,15.039140167606002,2375,strict_seed,unchanged strict seed,6ff46729f512f45cb0b927a9876ae36314bd89a05cfbe1b51b18e4a35f415663
372,massimilianoghiotto_6254,,crop_or_resize,7880,16.027916817148075,1009,strict_seed,unchanged strict seed,6df47fc6615d9f9c54275a0d01ee9ac8a3287ee3e5fc50767741f0fdef1effb1
373,massimilianoghiotto_6254,,sparse_edit_or_object_completion,524,18.738508315678956,823,strict_seed,unchanged strict seed,a626cd1b3f27a87820b3e15edc5f1b1900979033f29fc1c778980f90bcf81576
374,massimilianoghiotto_6254,,sparse_edit_or_object_completion,15742,15.335912421297605,4708,strict_seed,unchanged strict seed,1d7b225d19bc00ab90e6b8b52a3e51041afb3f40725c566ace5c310b5c0d7485
375,massimilianoghiotto_6254,,sparse_edit_or_object_completion,15172,15.372793097191211,2790,strict_seed,unchanged strict seed,fbccd61588c4fd91188b84e6cb455085aeaa365f138e24b13679104e046c9072
376,massimilianoghiotto_6254,,crop_or_resize,23413,14.938953297362508,3539,strict_seed,unchanged strict seed,4c63ae3b4e9cdd5c543f9f13891867154b58d0318be19bd4a37a45f8ffaf2967
377,massimilianoghiotto_6254,,crop_or_resize,61924,13.966336894339644,22294,strict_seed,unchanged strict seed,8dab539e1f1b3c17371999dc9dc1797f79787b29423d72d417ff85b00a2a9030
378,massimilianoghiotto_6254,,sparse_edit_or_object_completion,39008,14.428477967719003,7568,strict_seed,unchanged strict seed,8903135df245519e711b1989c23ccf74c2319744991c84433c62e3cc1bbc2112
379,massimilianoghiotto_6254,,sparse_edit_or_object_completion,72499,13.808671952355807,12674,strict_seed,unchanged strict seed,bf8bc791a574807960cc96d7d3404fd483df47cba77f5a7818202c3cbd7b9530
380,massimilianoghiotto_6254,,sparse_edit_or_object_completion,728,18.409698951803314,504,strict_seed,unchanged strict seed,3f003f715e3a9f9397b8b51f84415b1c50dbec859a6f8858294a535192dc2c79
381,massimilianoghiotto_6254,,sparse_edit_or_object_completion,3681,16.78906026662098,4146,strict_seed,unchanged strict seed,750b5c41a419605ae8be188c916dc9d6aa90be5b0473ef7162876e825d9fb84e
382,massimilianoghiotto_6254,,sparse_edit_or_object_completion,107354,13.416112936092428,23876,strict_seed,unchanged strict seed,04dd148cf4f22e914270170513edd6f85f1a8c3697c7a02c14fef0e91a17a24c
383,afr1ste_5689_artifact,,sparse_edit_or_object_completion,128140,13.239121304806988,6374,strict_seed,unchanged strict seed,d77887139dbebc86f0a73716709c5014182388ccc0b075800856334cd197c977
384,massimilianoghiotto_6254,,crop_or_resize,74722,13.778470160860206,5138,strict_seed,unchanged strict seed,2d5926fd08428fd5622996ca9901eaaa4a27a559ca75342dfa7c84d9434a4b6a
385,massimilianoghiotto_6254,,sparse_edit_or_object_completion,30,21.598802618337846,199,strict_seed,unchanged strict seed,61a1e35a0b310d2e3a1eafd2ae08eaf3957ce0786767fe4706f78d7aefad05c7
386,massimilianoghiotto_6254,,crop_or_resize,2183,17.311544643450056,1245,strict_seed,unchanged strict seed,961b568581345ef817255d0d16a525fc909dde7fbce5b534515ef3dc8a5ed414
387,massimilianoghiotto_6254,,sparse_edit_or_object_completion,63558,13.940291846175448,15157,strict_seed,unchanged strict seed,8821792abccd5004e5dc28b5137f9bfd55e56f05125b322fb7369aa65f87a612
388,massimilianoghiotto_6254,,crop_or_resize,6468,16.225377779303003,8467,strict_seed,unchanged strict seed,a381cf54703e96e63d7cd32fc8dbc533749fab077c22bce8ab712732de6be73a
389,massimilianoghiotto_6254,,sparse_edit_or_object_completion,1898,17.451444020830127,1824,strict_seed,unchanged strict seed,2c7e807d82e946a1a8e88b795dbf6a8d17ce03ad2ccd44dfd12fdf6e564f870d
390,massimilianoghiotto_6254,,sparse_edit_or_object_completion,24692,14.885765416486214,5629,strict_seed,unchanged strict seed,8216d930239066ace38655c00b8211fde675a6faea9031ee43114e969704e2e7
391,massimilianoghiotto_6254,,crop_or_resize,10021,15.787561829941671,3435,strict_seed,unchanged strict seed,2706a40b473984eac2cd54b9a86721dd254477960b03bae1f7f6d9a61bfd21cc
392,massimilianoghiotto_6254,,same_shape_global_transform,30870,14.662459882503795,10294,strict_seed,unchanged strict seed,7de53b9c7df84d667f0d7adf1da06701f5aec28e3ef536bc44701364aa91dbb7
393,massimilianoghiotto_6254,,crop_or_resize,459,18.870949789939456,2250,strict_seed,unchanged strict seed,f1e8a80277e2fb2c19bcbf0fa8a70920895200627f186c92d0abf7fa5c03f6de
394,afr1ste_5689_artifact,,crop_or_resize,4753,16.53346872338599,6206,strict_seed,unchanged strict seed,add05fd7d6015fbc80c652b4880e60ee8f0afad587472327a6b0df8e2f507d7a
395,afr1ste_5689_artifact,,crop_or_resize,1667,17.581219117249205,1579,strict_seed,unchanged strict seed,63f9deb6e306fec18018e2a7debeebdc0ac9aed15be5a09c3d6da4f724bc5994
396,massimilianoghiotto_6254,,crop_or_resize,143389,13.126683504302262,28137,strict_seed,unchanged strict seed,b6084465b4281d0a8b89448b902b668469c7a69c89116e57cfdd47f799f7c657
397,afr1ste_5689_artifact,,sparse_edit_or_object_completion,21041,15.045771805760689,7844,strict_seed,unchanged strict seed,fa0e3790f91614e931f7b8b5a4659a2b96e647f3a78ed874e7830aca21afb9c5
398,massimilianoghiotto_6254,,crop_or_resize,84295,13.657922169750098,9751,strict_seed,unchanged strict seed,26d91ec84730bfa845a5a57fe23792bac1a8e9c5b92c311210bf2db7971ea9a6
399,massimilianoghiotto_6254,,crop_or_resize,1839,17.48302277539568,2146,strict_seed,unchanged strict seed,6661db5aca584be6fcdff29e45f55243a4d9191507d80e5918c4b19126f4635b
400,massimilianoghiotto_6254,,crop_or_resize,35153,14.532534757896764,3276,strict_seed,unchanged strict seed,b50b106c7bda6bbb7863d505f70208ee11cc5c4d855ca30b07b3baaedd812226
