task_id,cost,local_points,initializer_count,initializer_params,unused_count,unused_params,duplicate_groups,duplicate_wasted_params,uniform_safe_count,uniform_safe_saveable_params,total_seddik_style_saveable,primary_category,transformations,cost_gap_to_600,cost_gap_to_250
383,128140,13.239121304806988,10,928,0,0,0,0,1,899,899,Pattern_Recognition,Translation | Shifting | Object Detection | Outlier Detection | Color Mapping | Symmetry Completion | Filling Regions,5.363949039976864,6.239417777330766
284,102032,13.466958231444947,19,2875,0,0,0,0,1,899,899,Pattern_Recognition,Translation | Object Detection | Shape Matching | Color Mapping | Filling Regions,5.136112113338905,6.011580850692807
110,109201,13.399054500239831,52,1186,0,0,0,0,1,840,840,Pattern_Recognition,Filling Regions | Filling Regions,5.2040158445440206,6.079484581897923
117,18454,15.1769635718615,40,619,0,0,0,0,3,462,462,Pattern_Recognition,Reflection | Object Detection | Symmetry Completion,3.4261067729223527,4.301575510276255
17,35329,14.527540564604424,28,624,0,0,0,0,1,440,440,Pattern_Recognition,Filling Regions,4.075529780179428,4.95099851753333
77,157913,13.030200472556263,20,2213,0,0,0,0,1,419,419,Pattern_Recognition,Object Detection | Shape Matching | Color Mapping | Filling Regions,5.572869872227589,6.448338609581491
44,31805,14.632621210887095,11,10903,0,0,0,0,1,99,99,Object_Based,Translation | Object Detection | Sorting | Color Swapping,3.970449133896757,4.845917871250659
212,9969,15.792764442977296,16,237,0,0,0,0,1,99,99,Object_Based,Gravity | Object Detection | Color Mapping,2.810305901806556,3.685774639160458
358,113999,13.356055044591665,36,415,0,0,0,0,4,78,78,Spatial_and_Geometric,Translation | Tiling | Object Detection | Filling Regions,5.247015300192187,6.122484037546089
191,73993,13.788274226882638,18,18860,0,0,0,0,2,53,53,Pattern_Recognition,Translation | Object Detection | Filling Regions,4.8147961179012135,5.690264855255116
178,29331,14.713599743826219,30,569,0,0,0,0,4,52,52,Object_Based,Cropping | Sorting,3.889470600957633,4.764939338311535
267,1255,17.865109148434115,13,95,0,0,0,0,1,48,48,Color_and_Logical,Object Detection | Color Swapping,0.7379611963497368,1.6134299337036389
101,65875,13.904485714156337,16,11553,0,0,0,0,1,45,45,Object_Based,Translation | Object Detection | Gravity | Filling Regions,4.698584630627515,5.574053367981417
20,73080,13.800689989508056,24,218,2,31,0,0,0,0,31,Pattern_Recognition,Reflection | Symmetry Completion,5.012111981034998,5.8875807183889
80,42082,14.352624625200743,44,244,0,0,7,27,0,0,27,Pattern_Recognition,Translation | Color Mapping | Filling Regions,4.250445719583109,5.125914456937011
58,16105,15.313114938234701,11,6445,0,0,0,0,1,19,19,Pattern_Recognition,Color Mapping | Filling Regions,3.2899554065491508,4.165424143903053
128,95042,13.537925821853902,13,102,0,0,0,0,2,18,18,Object_Based,Shifting | Gravity,5.06514452292995,5.940613260283852
36,79962,13.710693199192217,17,130,0,0,0,0,2,18,18,Pattern_Recognition,Cropping | Object Detection | Color Mapping | Filling Regions,4.8923771455916345,5.767845882945537
144,786,18.333043207570793,8,50,0,0,0,0,1,15,15,Object_Based,Translation | Object Detection | Gravity | Color Mapping,0.2700271372130594,1.1454958745669614
65,35109,14.533787213157124,12,77,0,0,0,0,1,14,14,Spatial_and_Geometric,Cropping,4.069283131626728,4.94475186898063
26,738,18.39605617539953,8,48,0,0,0,0,1,14,14,Pattern_Recognition,Cropping | Object Detection | Color Mapping | Filling Regions,0.2070141693843226,1.0824829067382247
248,6581,16.208058011543883,12,49,0,0,0,0,1,9,9,Pattern_Recognition,Translation | Color Swapping | Line Extrapolation,2.3950123332399684,3.2704810705938705
357,6581,16.208058011543883,12,49,0,0,0,0,1,9,9,Pattern_Recognition,Shifting | Color Mapping | Filling Regions,2.3950123332399684,3.2704810705938705
51,68437,13.866331106969804,12,78,0,0,0,0,1,8,8,Pattern_Recognition,Object Detection | Gravity | Color Mapping | Filling Regions,4.736739237814048,5.61220797516795
161,64647,13.923303020588978,11,36,0,0,2,8,0,0,8,Pattern_Recognition,Outlier Detection | Color Mapping | Filling Regions,4.679767324194874,5.555236061548776
134,12388,15.575516458906906,26,88,0,0,0,0,1,8,8,Pattern_Recognition,Cropping | Object Detection | Color Mapping | Filling Regions,3.027553885876946,3.9030226232308483
296,4115,16.67760588688883,11,353,0,0,0,0,1,8,8,Spatial_and_Geometric,Cropping | Object Detection,1.9254644578950213,2.8009331952489234
370,108296,13.407376502134378,30,125,0,0,3,6,0,0,6,Pattern_Recognition,Translation | Object Detection | Color Mapping | Filling Regions,5.195693842649474,6.071162580003376
182,47624,14.228907885166773,42,1044,0,0,2,5,0,0,5,Color_and_Logical,Object Detection | Color Mapping,4.374162459617079,5.249631196970981
114,1254,17.865906278807135,21,163,0,0,0,0,2,4,4,Spatial_and_Geometric,Magnification | Tiling | Color Mapping | Filling Regions,0.7371640659767174,1.6126328033306194
245,29015,14.724431783375291,18,99,0,0,3,3,0,0,3,Object_Based,Translation | Shifting | Object Detection | Gravity | Color Mapping,3.878638561408561,4.754107298762463
45,7428,16.0869880775274,12,28,0,0,2,3,0,0,3,Pattern_Recognition,Sorting | Color Mapping | Filling Regions,2.5160822672564507,3.3915510046103527
115,4122,16.675906238549594,20,80,0,0,0,0,1,3,3,Object_Based,Sorting | Color Mapping,1.9271641062342582,2.8026328435881602
133,193923,12.824783547959548,10,47236,0,0,1,2,0,0,2,Object_Based,Translation | Shifting | Object Detection | Gravity | Color Mapping | Filling Regions,5.778286796824304,6.653755534178206
52,1228,17.886857891292912,12,43,0,0,0,0,1,2,2,Object_Based,Sorting | Color Mapping,0.7162124534909395,1.5916811908448416
157,79930,13.711093469379936,18,23937,0,0,1,1,0,0,1,Object_Based,Gravity | Color Mapping,4.891976875403916,5.767445612757818
206,61387,13.975046634666326,15,91,0,0,0,0,1,1,1,Object_Based,Translation | Object Detection,4.628023710117526,5.503492447471428
366,836880,11.362564029982357,42,4527,0,0,0,0,0,0,0,Spatial_and_Geometric,Cropping | Translation | Object Detection | Background Separation | Filling Regions,7.240506314801495,8.115975052155397
158,182776,12.883983361645681,103,36088,0,0,0,0,0,0,0,Pattern_Recognition,Translation | Object Detection | Color Mapping | Filling Regions,5.719086983138171,6.594555720492073
173,175243,12.926071138839562,24,217,0,0,0,0,0,0,0,Pattern_Recognition,Translation | Object Detection | Filling Regions,5.6769992059442895,6.552467943298192
286,162199,13.00342074458367,20,1302,0,0,0,0,0,0,0,Pattern_Recognition,Object Detection | Gravity | Color Mapping | Filling Regions,5.599649600200182,6.475118337554084
285,151996,13.068390516307327,13,24355,0,0,0,0,0,0,0,Pattern_Recognition,Translation | Shifting | Object Detection | Color Mapping | Filling Regions | Line Extrapolation,5.534679828476525,6.410148565830427
54,150548,13.07796275080141,16,161,0,0,0,0,0,0,0,Pattern_Recognition,Translation | Shifting | Object Detection | Shape Matching | Color Mapping | Symmetry Completion | Filling Regions,5.525107593982442,6.400576331336344
396,143389,13.126683504302262,20,5446,0,0,0,0,0,0,0,Pattern_Recognition,Cropping | Object Detection | Color Mapping | Filling Regions,5.47638684048159,6.351855577835492
71,129780,13.22640401182484,12,930,0,0,0,0,0,0,0,Object_Based,Translation | Shifting | Object Detection | Gravity | Color Mapping | Filling Regions,5.376666332959012,6.252135070312914
202,125720,13.258187509088495,5,14,0,0,0,0,0,0,0,Object_Based,Gravity,5.344882835695357,6.220351573049259
5,117225,13.328149556042213,19,336,0,0,0,0,0,0,0,Pattern_Recognition,Tiling | Object Detection | Color Mapping | Filling Regions,5.274920788741639,6.150389526095541
13,116882,13.3310798421544,16,2257,0,0,0,0,0,0,0,Pattern_Recognition,Tiling | Object Detection | Color Mapping | Filling Regions,5.271990502629452,6.147459239983354
18,114578,13.35098890724301,16,11930,0,0,0,0,0,0,0,Object_Based,Translation | Shifting | Object Detection | Gravity,5.252081437540841,6.127550174894743
64,114153,13.354705067178468,20,92,0,0,0,0,0,0,0,Object_Based,Translation | Gravity,5.248365277605384,6.123834014959286
85,113178,13.36328292042622,14,138,0,0,0,0,0,0,0,Pattern_Recognition,Object Detection | Color Mapping | Filling Regions,5.2397874243576315,6.1152561617115335
205,112313,13.370955104619776,76,1722,0,0,0,0,0,0,0,Pattern_Recognition,Cropping | Outlier Detection | Color Mapping | Filling Regions,5.232115240164076,6.107583977517978
382,107354,13.416112936092428,91,458,0,0,0,0,0,0,0,Object_Based,Translation | Shifting | Object Detection | Gravity | Filling Regions,5.186957408691423,6.0624261460453255
34,106316,13.425828929592994,16,2847,0,0,0,0,0,0,0,Object_Based,Translation | Shifting | Object Detection | Gravity | Color Mapping | Filling Regions,5.177241415190858,6.05271015254476
187,105313,13.435307852707972,14,913,0,0,0,0,0,0,0,Pattern_Recognition,Color Mapping | Filling Regions,5.16776249207588,6.043231229429782
204,104544,13.442636685599203,11,1044,0,0,0,0,0,0,0,Color_and_Logical,Object Detection | Flood Fill | Color Mapping | Filling Regions,5.160433659184649,6.035902396538551
198,103821,13.449576458609688,14,913,0,0,0,0,0,0,0,Pattern_Recognition,Color Mapping | Filling Regions,5.153493886174164,6.0289626235280664
216,103572,13.451977697992342,10,100,0,0,0,0,0,0,0,Object_Based,Cropping | Object Detection,5.1510926467915095,6.0265613841454115
251,100580,13.481291290274044,13,20,0,0,0,0,0,0,0,Pattern_Recognition,Object Detection | Flood Fill | Filling Regions,5.121779054509808,5.99724779186371
2,97293,13.514517676859928,31,93,0,0,0,0,0,0,0,Pattern_Recognition,Object Detection | Color Mapping | Filling Regions,5.088552667923924,5.964021405277826
29,97117,13.516328283804857,15,170,0,0,0,0,0,0,0,Spatial_and_Geometric,Cropping,5.086742060978995,5.962210798332897
109,94878,13.539652865248629,14,954,0,0,0,0,0,0,0,Pattern_Recognition,Reflection | Object Detection | Color Mapping | Symmetry Completion,5.063417479535223,5.938886216889125
239,94477,13.54388830238479,19,386,0,0,0,0,0,0,0,Object_Based,Translation | Sorting | Color Mapping | Filling Regions,5.059182042399062,5.934650779752964
201,92700,13.562876248446054,20,308,0,0,0,0,0,0,0,Object_Based,Cropping | Object Detection | Filling Regions,5.040194096337798,5.9156628336917
208,92273,13.56749314667969,39,522,0,0,0,0,0,0,0,Pattern_Recognition,Translation | Object Detection | Color Mapping | Filling Regions,5.035577198104162,5.9110459354580644
280,90506,13.586828574167079,16,880,0,0,0,0,0,0,0,Object_Based,Translation | Shifting | Object Detection | Gravity | Color Mapping | Filling Regions,5.016241770616773,5.891710507970675
159,89501,13.597994922615115,16,4105,0,0,0,0,0,0,0,Object_Based,Cropping | Shifting | Object Detection | Shape Matching | Color Mapping | Filling Regions,5.005075422168737,5.880544159522639
25,89286,13.600400020341894,5,15232,0,0,0,0,0,0,0,Object_Based,Translation | Shifting | Object Detection | Gravity | Filling Regions,5.002670324441958,5.87813906179586
281,88615,13.60794357751076,15,987,0,0,0,0,0,0,0,Pattern_Recognition,Magnification | Filling Regions,4.995126767273092,5.870595504626994
203,88402,13.610350127195805,15,690,0,0,0,0,0,0,0,Color_and_Logical,Color Mapping,4.992720217588047,5.8681889549419495
126,86091,13.636839844664504,11,47,0,0,0,0,0,0,0,Object_Based,Object Detection | Sorting | Color Mapping | Filling Regions,4.966230500119348,5.84169923747325
398,84295,13.657922169750098,26,762,0,0,0,0,0,0,0,Pattern_Recognition,Shifting | Line Extrapolation,4.945148175033754,5.820616912387656
69,84250,13.658456151785392,41,1392,0,0,0,0,0,0,0,Object_Based,Translation | Object Detection | Color Swapping,4.9446141929984595,5.820082930352362
275,83879,13.662869436848247,26,2773,0,0,0,0,0,0,0,Object_Based,Tiling | Magnification | Object Detection | Sorting | Color Mapping | Filling Regions,4.940200907935605,5.815669645289507
313,83572,13.666536185257858,12,4547,0,0,0,0,0,0,0,Color_and_Logical,Translation | Shifting | Color Swapping,4.936534159525994,5.812002896879896
234,81703,13.689154000119816,14,82,0,0,0,0,0,0,0,Object_Based,Translation | Gravity,4.913916344664036,5.7893850820179384
19,81346,13.69353305881371,13,70,0,0,0,0,0,0,0,Spatial_and_Geometric,Tiling | Cropping | Object Detection | Color Mapping | Filling Regions,4.909537285970142,5.785006023324044
9,81241,13.69482467517415,6,3841,0,0,0,0,0,0,0,Pattern_Recognition,Object Detection | Color Mapping | Filling Regions,4.908245669609702,5.783714406963604
303,80710,13.701382237681582,4,310,0,0,0,0,0,0,0,Color_and_Logical,Color Mapping | Filling Regions,4.90168810710227,5.777156844456172
264,79536,13.716034971665547,17,2172,0,0,0,0,0,0,0,Object_Based,Cropping | Object Detection | Sorting | Color Mapping | Filling Regions,4.887035373118305,5.762504110472207
170,78564,13.728331141770909,33,249,0,0,0,0,0,0,0,Pattern_Recognition,Cropping | Object Detection | Color Mapping | Filling Regions,4.874739203012943,5.750207940366845
364,77859,13.737345222483407,23,963,0,0,0,0,0,0,0,Color_and_Logical,Object Detection | Shape Matching | Color Mapping,4.865725122300445,5.741193859654347
300,77546,13.741373412351637,14,108,0,0,0,0,0,0,0,Object_Based,Cropping | Object Detection,4.861696932432215,5.737165669786117
384,74722,13.778470160860206,13,106,0,0,0,0,0,0,0,Spatial_and_Geometric,Translation | Tiling | Object Detection | Symmetry Completion,4.824600183923646,5.700068921277548
255,74403,13.782748457411104,30,6570,0,0,0,0,0,0,0,Pattern_Recognition,Flood Fill | Color Mapping | Filling Regions,4.820321887372748,5.69579062472665
107,73131,13.799992367549814,30,13681,0,0,0,0,0,0,0,Spatial_and_Geometric,Tiling | Cropping | Object Detection | Color Mapping | Symmetry Completion,4.803077977234038,5.67854671458794
88,72766,13.80499590787612,20,120,0,0,0,0,0,0,0,Object_Based,Cropping | Object Detection | Filling Regions,4.798074436907731,5.673543174261633
379,72499,13.808671952355807,29,1730,0,0,0,0,0,0,0,Object_Based,Translation | Shifting | Gravity | Object Detection | Color Mapping | Filling Regions,4.794398392428045,5.669867129781947
137,72472,13.809044440650876,9,966,0,0,0,0,0,0,0,Pattern_Recognition,Translation | Shifting | Object Detection | Color Mapping | Filling Regions,4.794025904132976,5.669494641486878
340,70342,13.83887566105239,25,162,0,0,0,0,0,0,0,Object_Based,Translation | Shifting | Gravity | Sorting,4.764194683731462,5.6396634210853644
145,69757,13.847226946929018,34,933,0,0,0,0,0,0,0,Pattern_Recognition,Object Detection | Color Mapping | Filling Regions,4.755843397854834,5.631312135208736
328,68053,13.871957907660665,20,1126,0,0,0,0,0,0,0,Pattern_Recognition,Tiling | Object Detection | Gravity | Color Mapping | Filling Regions,4.731112437123187,5.606581174477089
243,67878,13.874532744845478,17,11827,0,0,0,0,0,0,0,Color_and_Logical,Flood Fill,4.728537599938374,5.604006337292276
165,67524,13.87976163077872,15,994,0,0,0,0,0,0,0,Pattern_Recognition,Object Detection | Color Mapping | Filling Regions,4.723308714005132,5.598777451359034
209,67337,13.882534858321867,12,44843,0,0,0,0,0,0,0,Pattern_Recognition,Cropping | Object Detection | Sorting | Color Mapping | Filling Regions,4.720535486461985,5.596004223815887
11,66247,13.898854540195707,22,2331,0,0,0,0,0,0,0,Object_Based,Object Detection | Sorting | Color Mapping | Filling Regions,4.704215804588145,5.579684541942047
70,66138,13.90050125280863,16,78,0,0,0,0,0,0,0,Pattern_Recognition,Object Detection | Color Mapping | Filling Regions,4.7025690919752225,5.578037829329125
301,64988,13.91804208355036,11,1848,0,0,0,0,0,0,0,Object_Based,Translation | Gravity,4.685028261233493,5.560496998587395
306,64444,13.926448091389123,33,70,0,0,0,0,0,0,0,Pattern_Recognition,Reflection | Symmetry Completion,4.676622253394729,5.552090990748631
238,64372,13.927565965061614,40,1467,0,0,0,0,0,0,0,Pattern_Recognition,Cropping | Object Detection | Color Mapping | Filling Regions,4.675504379722238,5.55097311707614
37,63726,13.937652078450405,13,8326,0,0,0,0,0,0,0,Object_Based,Translation | Gravity,4.665418266333447,5.540887003687349
387,63558,13.940291846175448,25,88,0,0,0,0,0,0,0,Pattern_Recognition,Reflection | Object Detection | Shape Matching | Color Mapping | Symmetry Completion | Filling Regions,4.662778498608404,5.538247235962306
233,63540,13.940575092176493,16,14404,0,0,0,0,0,0,0,Pattern_Recognition,Cropping | Object Detection | Color Mapping | Filling Regions,4.662495252607359,5.537963989961261
90,63354,13.94350667496543,41,104,0,0,0,0,0,0,0,Pattern_Recognition,Outlier Detection | Color Mapping | Filling Regions,4.6595636698184215,5.535032407172324
162,63291,13.944501582071068,11,43,0,0,0,0,0,0,0,Pattern_Recognition,Outlier Detection | Color Mapping | Filling Regions,4.658568762712784,5.534037500066686
377,61924,13.966336894339644,13,84,0,0,0,0,0,0,0,Pattern_Recognition,Cropping | Object Detection | Filling Regions,4.636733450444208,5.51220218779811
177,61194,13.978195575521427,16,102,0,0,0,0,0,0,0,Object_Based,Cropping | Object Detection | Background Separation,4.624874769262425,5.500343506616327
118,60026,13.997466919324204,10,10040,0,0,0,0,0,0,0,Color_and_Logical,Object Detection | Outlier Detection | Color Mapping | Filling Regions,4.605603425459648,5.48107216281355
185,59584,14.00485763936326,19,67,0,0,0,0,0,0,0,Pattern_Recognition,Object Detection | Sorting | Color Mapping | Filling Regions,4.5982127054205915,5.4736814427744935
112,59270,14.010141445218116,18,106,0,0,0,0,0,0,0,Pattern_Recognition,Translation | Object Detection | Symmetry Completion,4.592928899565736,5.468397636919638
330,59024,14.014300580163543,12,2824,0,0,0,0,0,0,0,Object_Based,Object Detection | Sorting | Color Mapping,4.588769764620309,5.4642385019742115
365,58814,14.01786479921536,12,71,0,0,0,0,0,0,0,Spatial_and_Geometric,Cropping,4.585205545568492,5.460674282922394
222,58035,14.031198444197276,11,87,0,0,0,0,0,0,0,Object_Based,Object Detection | Sorting | Background Separation | Filling Regions,4.571871900586576,5.447340637940478
221,55869,14.069235056400384,26,5028,0,0,0,0,0,0,0,Spatial_and_Geometric,Tiling,4.533835288383468,5.40930402573737
97,55812,14.070255820987903,1,9,0,0,0,0,0,0,0,Object_Based,Gravity,4.532814523795949,5.408283261149851
33,55161,14.081988539178049,6,49,0,0,0,0,0,0,0,Pattern_Recognition,Object Detection | Shape Matching | Color Mapping | Symmetry Completion | Filling Regions,4.521081805605803,5.396550542959705
4,55020,14.084547965521434,4,1020,0,0,0,0,0,0,0,Spatial_and_Geometric,Translation,4.518522379262418,5.39399111661632
363,54241,14.098807640977503,18,6448,0,0,0,0,0,0,0,Pattern_Recognition,Outlier Detection | Color Mapping | Filling Regions,4.504262703806349,5.379731441160251
193,53661,14.109558240338645,12,61,0,0,0,0,0,0,0,Object_Based,Gravity | Object Detection,4.493512104445207,5.368980841799109
174,52019,14.140635684557754,24,74,0,0,0,0,0,0,0,Object_Based,Cropping | Object Detection,4.462434660226098,5.33790339758
192,51968,14.14161657647865,10,70,0,0,0,0,0,0,0,Color_and_Logical,Outlier Detection | Color Mapping,4.461453768305201,5.336922505659103
91,51466,14.151323325547068,14,78,0,0,0,0,0,0,0,Pattern_Recognition,Cropping | Object Detection | Color Mapping | Filling Regions,4.451747019236784,5.327215756590686
21,51223,14.156056071090937,21,1861,0,0,0,0,0,0,0,Spatial_and_Geometric,Cropping,4.447014273692915,5.322483011046817
197,50688,14.166555524825903,7,16,0,0,0,0,0,0,0,Pattern_Recognition,Tiling | Filling Regions,4.436514819957949,5.3119835573118515
213,50225,14.175731810316865,33,220,0,0,0,0,0,0,0,Object_Based,Cropping | Object Detection | Sorting | Background Separation,4.427338534466987,5.302807271820889
367,49772,14.184792144104478,27,6406,0,0,0,0,0,0,0,Pattern_Recognition,Object Detection | Color Mapping | Filling Regions,4.418278200679374,5.2937469380332765
89,49703,14.186179427563964,24,98,0,0,0,0,0,0,0,Object_Based,Translation | Object Detection | Gravity | Color Mapping | Filling Regions,4.416890917219888,5.29235965457379
349,49480,14.190676173493577,11,3580,0,0,0,0,0,0,0,Object_Based,Translation | Shifting | Object Detection | Gravity | Color Mapping | Filling Regions,4.412394171290275,5.287862908644177
324,48870,14.203081009735799,18,1672,0,0,0,0,0,0,0,Object_Based,Translation | Shifting | Object Detection | Sorting | Color Mapping | Filling Regions,4.399989335048053,5.275458072401955
138,48467,14.211361567031112,17,125,0,0,0,0,0,0,0,Object_Based,Cropping | Object Detection | Sorting | Color Mapping | Filling Regions,4.39170877775274,5.267177515106642
253,48269,14.215455188361384,13,439,0,0,0,0,0,0,0,Object_Based,Cropping | Object Detection | Sorting,4.387615156422468,5.26308389377637
219,47688,14.227564927100238,17,28282,0,0,0,0,0,0,0,Pattern_Recognition,Object Detection | Color Mapping | Filling Regions,4.375505417683614,5.250974155037516
92,46289,14.25734036914603,11,29,0,0,0,0,0,0,0,Pattern_Recognition,Object Detection | Gravity | Flood Fill | Filling Regions,4.345729975637822,5.221198712991724
335,46249,14.258204878914801,11,93,0,0,0,0,0,0,0,Object_Based,Object Detection | Gravity | Color Mapping | Filling Regions,4.34486546586905,5.2203342032229525
154,45574,14.27290734254795,14,990,0,0,0,0,0,0,0,Object_Based,Translation | Shifting | Gravity,4.330163002235903,5.205631739589805
224,45458,14.275455898281896,17,182,0,0,0,0,0,0,0,Pattern_Recognition,Object Detection | Shape Matching | Color Mapping | Filling Regions,4.327614446501956,5.203083183855858
338,45016,14.285226738886886,9,1816,0,0,0,0,0,0,0,Object_Based,Translation | Cropping | Object Detection | Shape Matching | Color Mapping | Filling Regions,4.317843605896966,5.193312343250868
131,44550,14.295632567101045,17,951,0,0,0,0,0,0,0,Object_Based,Translation | Shifting | Object Detection | Gravity | Color Mapping | Filling Regions,4.307437777682807,5.182906515036709
325,43022,14.330533108254256,22,1902,0,0,0,0,0,0,0,Object_Based,Cropping | Object Detection | Filling Regions,4.272537236529596,5.148005973883498
359,42313,14.347150353576192,4,13,0,0,0,0,0,0,0,Pattern_Recognition,Outlier Detection | Color Mapping | Filling Regions,4.25591999120766,5.1313887285615625
265,39162,14.424537832136728,11,129,0,0,0,0,0,0,0,Pattern_Recognition,Color Mapping | Filling Regions,4.1785325126471236,5.054001250001026
14,39049,14.427427453254685,17,650,0,0,0,0,0,0,0,Object_Based,Cropping | Object Detection | Color Mapping,4.175642891529167,5.051111628883069
378,39008,14.428477967719003,16,76,0,0,0,0,0,0,0,Object_Based,Translation | Shifting | Object Detection | Gravity | Filling Regions,4.174592377064849,5.050061114418751
184,38855,14.432407952356657,20,9975,0,0,0,0,0,0,0,Object_Based,Object Detection | Sorting | Color Mapping | Filling Regions,4.170662392427195,5.046131129781097
231,38342,14.445698819920006,12,101,0,0,0,0,0,0,0,Pattern_Recognition,Tiling | Filling Regions,4.157371524863846,5.032840262217748
215,38094,14.452187931601495,7,112,0,0,0,0,0,0,0,Spatial_and_Geometric,Tiling,4.150882413182357,5.026351150536259
252,38062,14.453028311923028,19,262,0,0,0,0,0,0,0,Object_Based,Object Detection | Sorting | Color Mapping,4.150042032860824,5.025510770214726
27,36791,14.486991470971319,13,7218,0,0,0,0,0,0,0,Pattern_Recognition,Object Detection | Gravity | Color Mapping | Flood Fill,4.116078873812533,4.991547611166435
76,36184,14.503627688842322,16,5030,0,0,0,0,0,0,0,Object_Based,Object Detection | Gravity | Color Mapping | Filling Regions,4.09944265594153,4.974911393295432
351,35154,14.532506311227156,7,40,0,0,0,0,0,0,0,Object_Based,Cropping | Object Detection,4.070564033556696,4.946032770910598
400,35153,14.532534757896764,6,39,0,0,0,0,0,0,0,Pattern_Recognition,Cropping | Color Mapping | Filling Regions,4.070535586887088,4.94600432424099
22,34821,14.542024067963268,25,193,0,0,0,0,0,0,0,Object_Based,Cropping | Object Detection,4.0610462768205835,4.936515014174486
278,34383,14.55468246483519,13,363,0,0,0,0,0,0,0,Pattern_Recognition,Object Detection | Color Mapping | Filling Regions,4.0483878799486614,4.9238566173025635
46,33426,14.58291068075113,26,866,0,0,0,0,0,0,0,Object_Based,Cropping | Object Detection | Gravity | Color Mapping | Filling Regions,4.020159664032722,4.895628401386624
368,32339,14.615970788806473,32,75,0,0,0,0,0,0,0,Object_Based,Translation | Object Detection | Color Mapping,3.9870995559773785,4.862568293331281
196,32242,14.618974770564057,14,67,0,0,0,0,0,0,0,Color_and_Logical,Object Detection | Color Mapping,3.984095574219795,4.859564311573697
288,31807,14.632558329669694,15,41,0,0,0,0,0,0,0,Object_Based,Translation | Object Detection | Gravity | Color Mapping | Filling Regions,3.970512015114158,4.84598075246806
244,31782,14.633344629227418,31,85,0,0,0,0,0,0,0,Pattern_Recognition,Cropping | Object Detection | Color Mapping | Filling Regions,3.969725715556434,4.845194452910336
392,30870,14.662459882503795,35,2098,0,0,0,0,0,0,0,Pattern_Recognition,Gravity | Color Mapping | Filling Regions,3.9406104622800573,4.816079199633959
63,30732,14.666940264012474,13,32,0,0,0,0,0,0,0,Color_and_Logical,Gravity | Flood Fill,3.9361300807713775,4.81159881812528
62,30609,14.670950637656585,26,929,0,0,0,0,0,0,0,Pattern_Recognition,Translation | Object Detection | Background Separation | Color Mapping | Filling Regions,3.932119707127267,4.807588444481169
49,30489,14.674878758194124,12,150,0,0,0,0,0,0,0,Object_Based,Cropping | Object Detection | Color Mapping,3.928191586589728,4.80366032394363
232,29497,14.707956157758622,14,69,0,0,0,0,0,0,0,Pattern_Recognition,Object Detection | Color Mapping | Line Extrapolation,3.8951141870252304,4.7705829243791325
132,29458,14.709279200950512,16,64,0,0,0,0,0,0,0,Pattern_Recognition,Object Detection | Filling Regions,3.89379114383334,4.769259881187242
57,29304,14.71452069554135,6,20,0,0,0,0,0,0,0,Pattern_Recognition,Cropping | Object Detection | Color Mapping | Filling Regions,3.8885496492425027,4.764018386596405
271,28991,14.725259284025897,10,63,0,0,0,0,0,0,0,Pattern_Recognition,Cropping | Object Detection | Filling Regions,3.8778110607579546,4.753279798111857
343,28656,14.736881875699506,15,368,0,0,0,0,0,0,0,Spatial_and_Geometric,Tiling,3.8661884690843458,4.741657206438248
75,28487,14.742796878157792,30,57,0,0,0,0,0,0,0,Spatial_and_Geometric,Translation | Tiling | Object Detection,3.86027346662606,4.735742203979962
240,27847,14.765519480374964,11,13735,0,0,0,0,0,0,0,Pattern_Recognition,Reflection | Symmetry Completion | Filling Regions,3.837550864408888,4.71301960176279
270,27301,14.785321389461183,23,1185,0,0,0,0,0,0,0,Object_Based,Translation | Shifting | Gravity,3.817748955322669,4.693217692676571
96,26948,14.79833563791945,12,16643,0,0,0,0,0,0,0,Pattern_Recognition,Cropping | Object Detection | Color Mapping | Symmetry Completion,3.8047347068644015,4.680203444218304
156,26552,14.81313964660019,73,1899,0,0,0,0,0,0,0,Pattern_Recognition,Object Detection | Shape Matching | Color Mapping | Filling Regions,3.789930698183662,4.665399435537564
55,26370,14.820017720652668,37,994,0,0,0,0,0,0,0,Pattern_Recognition,Object Detection | Sorting | Color Mapping | Filling Regions,3.7830526241311837,4.658521361485086
279,26330,14.821535747509644,10,1186,0,0,0,0,0,0,0,Color_and_Logical,Object Detection | Color Mapping,3.7815345972742076,4.65700333462811
86,25857,14.83966336368449,19,225,0,0,0,0,0,0,0,Pattern_Recognition,Magnification | Object Detection | Color Mapping | Filling Regions,3.7634069810993616,4.638875718453264
310,25739,14.844237369643414,17,166,0,0,0,0,0,0,0,Pattern_Recognition,Cropping | Object Detection | Color Mapping | Filling Regions,3.7588329751404377,4.63430171249434
228,25086,14.86993479941538,15,78,0,0,0,0,0,0,0,Object_Based,Reflection | Object Detection | Sorting | Color Mapping | Symmetry Completion,3.733135545368471,4.608604282722373
289,24972,14.874489523818365,17,80,0,0,0,0,0,0,0,Spatial_and_Geometric,Tiling,3.7285808209654867,4.604049558319389
333,24893,14.877658081568091,19,53,0,0,0,0,0,0,0,Object_Based,Translation | Shifting | Object Detection | Gravity | Color Mapping | Filling Regions,3.7254122632157607,4.600881000569663
183,24878,14.87826084223009,9,38,0,0,0,0,0,0,0,Object_Based,Cropping | Object Detection | Color Mapping | Filling Regions,3.7248095025537626,4.600278239907665
166,24789,14.881844714630706,8,37,0,0,0,0,0,0,0,Color_and_Logical,Flood Fill,3.721225630153146,4.596694367507048
293,24771,14.882571106914462,20,496,0,0,0,0,0,0,0,Color_and_Logical,Object Detection | Color Swapping,3.72049923786939,4.595967975223292
390,24692,14.885765416486214,11,968,0,0,0,0,0,0,0,Object_Based,Translation | Object Detection,3.7173049282976383,4.59277366565154
189,24649,14.887508389303385,55,269,0,0,0,0,0,0,0,Pattern_Recognition,Cropping | Object Detection | Color Mapping | Filling Regions,3.7155619554804673,4.591030692834369
163,24085,14.910655480935679,22,1655,0,0,0,0,0,0,0,Object_Based,Gravity | Object Detection | Sorting | Color Mapping,3.692414863848173,4.567883601202075
175,23859,14.920083216374755,26,503,0,0,0,0,0,0,0,Pattern_Recognition,Flood Fill | In-painting,3.6829871284090974,4.558455865762999
169,23629,14.929769949800432,63,656,0,0,0,0,0,0,0,Object_Based,Object Detection | Sorting | Color Mapping,3.6733003949834195,4.548769132337322
82,23479,14.936138316402742,10,79,0,0,0,0,0,0,0,Spatial_and_Geometric,Tiling,3.66693202838111,4.542400765735012
376,23413,14.938953297362508,16,151,0,0,0,0,0,0,0,Spatial_and_Geometric,Tiling,3.6641170474213443,4.539585784775246
8,23289,14.94426357492621,21,61,0,0,0,0,0,0,0,Object_Based,Translation | Gravity,3.6588067698576427,4.534275507211545
218,23202,14.948006239164648,21,44,0,0,0,0,0,0,0,Object_Based,Cropping | Object Detection | Background Separation | Filling Regions,3.6550641056192035,4.5305328429731055
287,22566,14.975800372301608,13,38,0,0,0,0,0,0,0,Pattern_Recognition,Reflection | Symmetry Completion,3.627269972482244,4.502738709836146
268,22387,14.983764287772118,30,99,0,0,0,0,0,0,0,Pattern_Recognition,Object Detection | Flood Fill | Filling Regions,3.619306057011734,4.494774794365636
247,22031,14.999794168587435,6,33,0,0,0,0,0,0,0,Object_Based,Object Detection | Sorting,3.6032761761964167,4.478744913550319
148,22029,14.99988495388028,16,353,0,0,0,0,0,0,0,Pattern_Recognition,Object Detection | Gravity | Color Mapping | Filling Regions,3.6031853909035725,4.4786541282574746
74,21825,15.009188619292196,13,45,0,0,0,0,0,0,0,Pattern_Recognition,Translation | Shifting | Object Detection | Sorting | Color Mapping | Filling Regions | In-painting,3.5938817254916557,4.469350462845558
308,21799,15.010380623834585,14,101,0,0,0,0,0,0,0,Pattern_Recognition,Cropping | Object Detection | Color Mapping | Filling Regions,3.5926897209492665,4.468158458303169
23,21433,15.027312930662868,13,490,0,0,0,0,0,0,0,Object_Based,Object Detection | Shape Matching | Color Mapping,3.575757414120984,4.451226151474886
66,21408,15.028480037072045,21,4446,0,0,0,0,0,0,0,Pattern_Recognition,Flood Fill | Filling Regions,3.574590307711807,4.450059045065709
79,21383,15.029648507210364,7,245,0,0,0,0,0,0,0,Pattern_Recognition,Cropping | Object Detection | Symmetry Completion,3.5734218375734876,4.44889057492739
371,21181,15.039140167606002,14,89,0,0,0,0,0,0,0,Pattern_Recognition,Object Detection | Color Mapping | Filling Regions,3.56393017717785,4.439398914531752
256,21123,15.041882226812756,17,1073,0,0,0,0,0,0,0,Object_Based,Translation | Shifting | Object Detection | Gravity | Color Mapping | Filling Regions,3.5611881179710956,4.436656855324998
397,21041,15.045771805760689,29,95,0,0,0,0,0,0,0,Object_Based,Object Detection | Gravity | Color Mapping | Filling Regions,3.5572985390231633,4.432767276377065
168,20403,15.076562772156251,10,185,0,0,0,0,0,0,0,Pattern_Recognition,Rotation | Reflection | Object Detection | Symmetry Completion,3.526507572627601,4.401976309981503
59,20387,15.077347278202861,16,2547,0,0,0,0,0,0,0,Object_Based,Translation | Gravity,3.5257230665809907,4.401191803934893
242,20119,15.090580078810763,7,45,0,0,0,0,0,0,0,Pattern_Recognition,Cropping | Object Detection | Symmetry Completion | Filling Regions,3.5124902659730886,4.387959003326991
350,19831,15.10499835111417,7,31,0,0,0,0,0,0,0,Pattern_Recognition,Object Detection | Gravity | Flood Fill | Filling Regions,3.498071993669681,4.373540731023583
84,19513,15.121163810905001,14,113,0,0,0,0,0,0,0,Pattern_Recognition,Shifting | Color Mapping | Line Extrapolation,3.481906533878851,4.357375271232753
143,19441,15.12486048297936,15,57,0,0,0,0,0,0,0,Object_Based,Object Detection | Sorting | Color Mapping,3.4782098618044923,4.353678599158394
61,18914,15.152342332424542,12,1972,0,0,0,0,0,0,0,Pattern_Recognition,Color Mapping | In-painting,3.45072801235931,4.326196749713212
341,18865,15.15493636760159,52,289,0,0,0,0,0,0,0,Object_Based,Translation | Object Detection | Gravity | Color Mapping | Filling Regions,3.4481339771822626,4.323602714536165
31,18616,15.168223295017873,13,58,0,0,0,0,0,0,0,Object_Based,Cropping | Object Detection,3.4348470497659793,4.310315787119881
319,18368,15.181634700880707,13,7608,0,0,0,0,0,0,0,Pattern_Recognition,Cropping | Object Detection | Color Mapping | Filling Regions,3.421435643903145,4.296904381257047
217,17924,15.206104124093967,5,23,0,0,0,0,0,0,0,Spatial_and_Geometric,Translation | Tiling | Object Detection,3.396966220689885,4.272434958043787
354,17007,15.258619697007587,15,147,0,0,0,0,0,0,0,Object_Based,Object Detection | Shape Matching | Color Mapping,3.3444506477762648,4.219919385130167
119,16640,15.280435285624801,23,101,0,0,0,0,0,0,0,Pattern_Recognition,Reflection | Color Mapping | Symmetry Completion,3.322635059159051,4.198103796512953
199,16157,15.30989132872317,14,54,0,0,0,0,0,0,0,Object_Based,Translation | Shifting | Gravity | Color Mapping | Filling Regions,3.293179016060682,4.168647753414584
130,15948,15.322911291498754,5,108,0,0,0,0,0,0,0,Spatial_and_Geometric,Cropping | Object Detection,3.2801590532850984,4.1556277906390005
361,15917,15.324857000570146,20,276,0,0,0,0,0,0,0,Pattern_Recognition,Reflection | Translation | Object Detection | Color Mapping | Symmetry Completion,3.2782133442137056,4.153682081567608
141,15819,15.33103297180142,10,69,0,0,0,0,0,0,0,Pattern_Recognition,Reflection | Object Detection | Color Mapping | Symmetry Completion,3.2720373729824317,4.147506110336334
374,15742,15.335912421297605,13,134,0,0,0,0,0,0,0,Object_Based,Object Detection | Sorting | Color Mapping,3.2671579234862467,4.142626660840149
93,15458,15.354118052333183,10,58,0,0,0,0,0,0,0,Object_Based,Gravity | Object Detection | Collision Detection | Color Mapping,3.248952292450669,4.124421029804571
35,15363,15.36028269986934,16,51,0,0,0,0,0,0,0,Color_and_Logical,Object Detection | Collision Detection | Color Swapping | Color Mapping,3.2427876449145128,4.118256382268415
375,15172,15.372793097191211,12,59,0,0,0,0,0,0,0,Pattern_Recognition,Reflection | Cropping | Object Detection | Color Mapping | Symmetry Completion,3.2302772475926407,4.105745984946543
298,14948,15.387667209394625,19,534,0,0,0,0,0,0,0,Color_and_Logical,Color Swapping | Background Separation | Filling Regions,3.215403135389227,4.090871872743129
277,14617,15.410059486110708,17,250,0,0,0,0,0,0,0,Color_and_Logical,Object Detection | Color Mapping,3.1930108586731443,4.068479596027046
304,14494,15.418509950330773,9,18,0,0,0,0,0,0,0,Spatial_and_Geometric,Tiling,3.1845603944530794,4.060029131806981
237,14324,15.430308268881676,11,41,0,0,0,0,0,0,0,Object_Based,Object Detection | Gravity | Color Mapping | Filling Regions,3.1727620759021757,4.048230813256078
195,14229,15.436962585454308,10,1919,0,0,0,0,0,0,0,Pattern_Recognition,Cropping | Object Detection | Color Mapping | Symmetry Completion,3.1661077593295435,4.0415764966834455
125,13417,15.495722161409528,10,247,0,0,0,0,0,0,0,Pattern_Recognition,Translation | Object Detection | Color Mapping | Filling Regions,3.1073481833743237,3.982816920728226
246,13391,15.497661881504435,11,431,0,0,0,0,0,0,0,Pattern_Recognition,Object Detection | Color Mapping | Filling Regions,3.105408463279417,3.9808772006333193
12,12639,15.555457449352874,13,102,0,0,0,0,0,0,0,Pattern_Recognition,Translation | Object Detection | Color Mapping | Symmetry Completion,3.0476128954309782,3.9230816327848803
102,12607,15.55799250576873,26,532,0,0,0,0,0,0,0,Color_and_Logical,Object Detection | Flood Fill,3.0450778390151214,3.9205465763690235
68,12589,15.55942130423374,11,27,0,0,0,0,0,0,0,Object_Based,Translation | Object Detection | Gravity | Color Mapping | Filling Regions,3.043649040550111,3.919117777904013
260,12474,15.568598242913932,15,142,0,0,0,0,0,0,0,Pattern_Recognition,Translation | Symmetry Completion,3.0344721018699197,3.9099408392238217
295,12190,15.591628777524683,11,65,0,0,0,0,0,0,0,Pattern_Recognition,Translation | Filling Regions,3.011441567259169,3.886910304613071
342,12153,15.5946686681292,16,237,0,0,0,0,0,0,0,Object_Based,Translation | Object Detection | Gravity | Sorting,3.0084016766546515,3.8838704140085536
250,12141,15.595656566456025,19,69,0,0,0,0,0,0,0,Object_Based,Translation | Gravity,3.0074137783278267,3.882882515681729
30,11998,15.607504751786962,19,170,0,0,0,0,0,0,0,Object_Based,Translation | Gravity,2.99556559299689,3.871034330350792
362,11939,15.612434368654611,11,45,0,0,0,0,0,0,0,Object_Based,Shifting | Object Detection | Gravity,2.9906359761292407,3.8661047134831428
355,11795,15.624569008158225,12,89,0,0,0,0,0,0,0,Object_Based,Object Detection | Outlier Detection | Color Mapping,2.9785013366256265,3.8539700739795286
41,11769,15.626775765122337,7,29,0,0,0,0,0,0,0,Pattern_Recognition,Object Detection | Flood Fill | Filling Regions,2.9762945796615146,3.8517633170154166
345,11716,15.631289292052376,23,1856,0,0,0,0,0,0,0,Object_Based,Translation | Shifting | Gravity,2.971781052731476,3.847249790085378
290,11708,15.631972352188223,14,94,0,0,0,0,0,0,0,Spatial_and_Geometric,Cropping | Color Mapping,2.971097992595629,3.846566729949531
124,11673,15.634966238347337,16,353,0,0,0,0,0,0,0,Pattern_Recognition,Translation | Shifting | Filling Regions | Line Extrapolation,2.968104106436515,3.843572843790417
78,11496,15.65024557224114,11,36,0,0,0,0,0,0,0,Object_Based,Gravity | Object Detection | Collision Detection | Color Mapping,2.952824772542712,3.828293509896614
153,11212,15.675260087715321,12,2788,0,0,0,0,0,0,0,Object_Based,Cropping | Object Detection | Sorting,2.927810257068531,3.803278994422433
190,11204,15.675973863620001,40,178,0,0,0,0,0,0,0,Pattern_Recognition,Translation | Object Detection | Line Extrapolation,2.9270964811638507,3.8025652185177528
360,11146,15.681164031870518,13,26,0,0,0,0,0,0,0,Object_Based,Cropping | Object Detection | Background Separation,2.9219063129133342,3.7973750502672363
225,11078,15.68728356140695,24,650,0,0,0,0,0,0,0,Pattern_Recognition,Reflection | Tiling | Object Detection | Sorting | Color Mapping | Symmetry Completion,2.915786783376902,3.791255520730804
188,10664,15.725371138141455,15,48,0,0,0,0,0,0,0,Spatial_and_Geometric,Cropping,2.877699206642397,3.7531679439962993
94,10453,15.745355702467293,12,113,0,0,0,0,0,0,0,Pattern_Recognition,Translation | Object Detection | Color Mapping | Filling Regions,2.8577146423165587,3.7331833796704608
329,10260,15.76399188127524,10,46,0,0,0,0,0,0,0,Object_Based,Outlier Detection | Color Mapping,2.8390784635086117,3.7145472008625138
391,10021,15.787561829941671,12,29,0,0,0,0,0,0,0,Object_Based,Object Detection | Outlier Detection | Color Mapping | Filling Regions,2.815508514842181,3.690977252196083
312,9979,15.791761836115688,9,19,0,0,0,0,0,0,0,Color_and_Logical,Object Detection | Color Mapping,2.811308508668164,3.686777246022066
315,9557,15.83497085073382,4,17,0,0,0,0,0,0,0,Spatial_and_Geometric,Tiling,2.7680994940500323,3.6435682314039344
50,9475,15.843587970049374,9,250,0,0,0,0,0,0,0,Pattern_Recognition,Object Detection | Flood Fill | Color Mapping | Filling Regions,2.7594823747344783,3.6349511120883804
346,9178,15.875435405045222,12,109,0,0,0,0,0,0,0,Object_Based,Cropping | Object Detection | Outlier Detection | Color Mapping | Filling Regions,2.72763493973863,3.603103677092532
297,9172,15.876089356022204,18,96,0,0,0,0,0,0,0,Pattern_Recognition,Tiling | Object Detection | Color Mapping | Filling Regions,2.726980988761648,3.60244972611555
3,9102,15.883750551423413,10,10,0,0,0,0,0,0,0,Spatial_and_Geometric,Tiling | Color Mapping,2.719319793360439,3.5947885307143412
24,9080,15.88617052840466,11,260,0,0,0,0,0,0,0,Object_Based,Object Detection | Gravity | Color Mapping | Filling Regions,2.7168998163791915,3.5923685537330936
249,8999,15.895131260966052,14,323,0,0,0,0,0,0,0,Spatial_and_Geometric,Tiling,2.7079390838178004,3.5834078211717024
28,8990,15.896131872534333,11,314,0,0,0,0,0,0,0,Pattern_Recognition,Translation | Shifting | Object Detection | Color Mapping | Filling Regions,2.7069384722495187,3.5824072096034207
332,8990,15.896131872534333,17,164,0,0,0,0,0,0,0,Color_and_Logical,Color Mapping,2.7069384722495187,3.5824072096034207
269,8602,15.940249986656319,18,96,0,0,0,0,0,0,0,Spatial_and_Geometric,Tiling | Magnification | Object Detection | Sorting | Color Mapping | Filling Regions,2.662820358127533,3.538289095481435
314,8594,15.941180435665059,83,178,0,0,0,0,0,0,0,Object_Based,Object Detection | Sorting | Color Mapping,2.661889909118793,3.537358646472695
274,8581,15.942694264192879,11,389,0,0,0,0,0,0,0,Pattern_Recognition,Cropping | Object Detection | Color Mapping | Filling Regions,2.6603760805909733,3.5358448179448754
42,8518,15.950063149516842,23,728,0,0,0,0,0,0,0,Object_Based,Object Detection | Gravity | Color Mapping,2.6530071952670102,3.5284759326209123
200,8306,15.975266575809302,17,54,0,0,0,0,0,0,0,Pattern_Recognition,Translation | Shifting | Object Detection | Sorting | Color Mapping | Filling Regions | Line Extrapolation,2.62780376897455,3.503272506328452
263,8054,16.006075858588602,27,52,0,0,0,0,0,0,0,Object_Based,Cropping | Object Detection | Outlier Detection | Color Mapping | Symmetry Completion,2.59699448619525,3.472463223549152
254,7956,16.018318360026136,27,158,0,0,0,0,0,0,0,Object_Based,Object Detection | Gravity | Color Mapping,2.584751984757716,3.460220722111618
176,7920,16.022853515191528,9,120,0,0,0,0,0,0,0,Pattern_Recognition,Object Detection | Sorting | Color Mapping | Filling Regions,2.580216829592324,3.455685566946226
372,7880,16.027916817148075,7,12,0,0,0,0,0,0,0,Object_Based,Translation | Gravity,2.575153527635777,3.450622264989679
40,7868,16.02944082049105,20,62,0,0,0,0,0,0,0,Color_and_Logical,Color Mapping,2.5736295242928016,3.4490982616467036
302,7796,16.03863393937255,4,20,0,0,0,0,0,0,0,Pattern_Recognition,Object Detection | Shape Matching | Color Mapping | Filling Regions,2.5644364054113034,3.4399051427652054
39,7772,16.04171718950267,9,28,0,0,0,0,0,0,0,Spatial_and_Geometric,Cropping | Object Detection,2.561353155281182,3.436821892635084
369,7729,16.04726523289313,11,529,0,0,0,0,0,0,0,Color_and_Logical,Object Detection | Sorting | Color Mapping,2.5558051118907237,3.4312738492446258
327,7548,16.07096209351156,9,32,0,0,0,0,0,0,0,Pattern_Recognition,Translation | Shifting | Line Extrapolation,2.532108251272291,3.407576988626193
180,7450,16.084030688626395,5,922,0,0,0,0,0,0,0,Pattern_Recognition,Cropping | Object Detection | Color Mapping | Filling Regions,2.5190396561574566,3.3945083935113587
7,7271,16.108350887349943,13,31,0,0,0,0,0,0,0,Pattern_Recognition,Tiling | Color Mapping | Filling Regions,2.4947194574339093,3.3701881947878114
348,7207,16.11719194507556,12,139,0,0,0,0,0,0,0,Pattern_Recognition,Translation | Shifting | Object Detection | Sorting | Color Mapping | Symmetry Completion | Filling Regions,2.485878399708291,3.361347137062193
43,7119,16.129477454896126,14,139,0,0,0,0,0,0,0,Color_and_Logical,Translation | Color Mapping,2.473592889887726,3.3490616272416283
105,7055,16.138508135713085,18,68,0,0,0,0,0,0,0,Pattern_Recognition,Color Mapping | Filling Regions,2.464562209070767,3.340030946424669
259,6843,16.169018489047502,15,50,0,0,0,0,0,0,0,Object_Based,Cropping | Object Detection,2.4340518557363495,3.3095205930902516
352,6626,16.20124341714016,7,26,0,0,0,0,0,0,0,Pattern_Recognition,Translation | Object Detection | Gravity | Color Mapping | Filling Regions,2.401826927643693,3.2772956649975953
100,6536,16.21491936346016,14,43,0,0,0,0,0,0,0,Object_Based,Cropping | Object Detection | Color Mapping | Filling Regions,2.3881509813236903,3.2636197186775924
121,6530,16.215837777729526,17,46,0,0,0,0,0,0,0,Object_Based,Cropping | Object Detection | Color Mapping,2.387232567054326,3.2627013044082283
388,6468,16.225377779303003,32,186,0,0,0,0,0,0,0,Spatial_and_Geometric,Tiling | Cropping | Color Mapping | Symmetry Completion,2.3776925654808494,3.2531613028347515
292,6305,16.250901751600978,9,65,0,0,0,0,0,0,0,Color_and_Logical,Object Detection | Sorting | Color Mapping | Symmetry Completion,2.352168593182874,3.2276373305367763
336,6036,16.294503180112258,12,136,0,0,0,0,0,0,0,Pattern_Recognition,Flood Fill | Filling Regions,2.3085671646715937,3.184035902025496
273,5937,16.311040765729324,13,37,0,0,0,0,0,0,0,Pattern_Recognition,Object Detection | Shape Matching | Color Mapping | Filling Regions,2.292029579054528,3.1674983164084303
48,5609,16.367872270491663,15,66,0,0,0,0,0,0,0,Object_Based,Object Detection | Outlier Detection | Color Mapping,2.235198074292189,3.110666811646091
60,5581,16.372876749211567,18,181,0,0,0,0,0,0,0,Pattern_Recognition,Object Detection | Sorting | Color Mapping | Filling Regions,2.2301935955722847,3.1056623329261868
226,5559,16.37682648504653,15,151,0,0,0,0,0,0,0,Pattern_Recognition,Object Detection | Sorting | Color Mapping | Filling Regions,2.2262438597373233,3.1017125970912254
321,5511,16.385498626116764,11,135,0,0,0,0,0,0,0,Object_Based,Cropping | Object Detection | Color Mapping,2.217571718667088,3.09304045602099
353,5411,16.403810802357263,13,225,0,0,0,0,0,0,0,Object_Based,Translation | Gravity,2.1992595424265886,3.0747282797804907
320,5190,16.445511023840066,11,141,0,0,0,0,0,0,0,Object_Based,Gravity | Color Mapping | Filling Regions,2.157559320943786,3.0330280582976883
10,5016,16.479611917687244,26,77,0,0,0,0,0,0,0,Object_Based,Object Detection | Sorting | Color Mapping,2.123458427096608,2.99892716445051
356,5002,16.482406888562437,10,122,0,0,0,0,0,0,0,Pattern_Recognition,Object Detection | Flood Fill | Filling Regions,2.120663456221415,2.996132193575317
99,4910,16.500970779211436,2,4910,0,0,0,0,0,0,0,Color_and_Logical,Object Detection | Shape Matching | Flood Fill | Color Mapping | Filling Regions,2.1020995655724164,2.9775683029263185
136,4837,16.515950027177016,10,137,0,0,0,0,0,0,0,Object_Based,Translation | Object Detection | Color Mapping,2.0871203176068356,2.9625890549607377
394,4753,16.53346872338599,14,35,0,0,0,0,0,0,0,Pattern_Recognition,Cropping | Outlier Detection | Color Mapping | Filling Regions,2.0696016213978616,2.9450703587517637
160,4586,16.56923653658215,11,66,0,0,0,0,0,0,0,Pattern_Recognition,Object Detection | Color Mapping | Filling Regions,2.0338338082017025,2.9093025455556045
323,4533,16.58086074905915,6,646,0,0,0,0,0,0,0,Object_Based,Translation | Shifting | Object Detection | Gravity | Color Mapping | Filling Regions,2.0222095957247035,2.8976783330786056
291,4327,16.627370259775116,9,931,0,0,0,0,0,0,0,Object_Based,Object Detection | Sorting | Color Mapping,1.9757000850087358,2.851168822362638
123,4104,16.680282613149394,13,949,0,0,0,0,0,0,0,Spatial_and_Geometric,Tiling | Cropping | Color Mapping | Filling Regions,1.9227877316344575,2.7982564689883596
305,3952,16.71802294113224,4,284,0,0,0,0,0,0,0,Pattern_Recognition,Translation | Filling Regions,1.8850474036516118,2.760516141005514
316,3903,16.730499232819383,19,155,0,0,0,0,0,0,0,Object_Based,Cropping | Object Detection | Sorting,1.8725711119644686,2.7480398493183706
262,3770,16.765169719557946,10,26,0,0,0,0,0,0,0,Object_Based,Object Detection | Sorting | Color Mapping,1.837900625225906,2.713369362579808
104,3682,16.788788638206977,16,990,0,0,0,0,0,0,0,Spatial_and_Geometric,Tiling | Cropping | Object Detection | Color Mapping | Filling Regions,1.8142817065768746,2.6897504439307767
381,3681,16.78906026662098,11,41,0,0,0,0,0,0,0,Pattern_Recognition,Object Detection | Color Mapping | Filling Regions,1.8140100781628732,2.6894788155167753
139,3630,16.803012072741105,22,174,0,0,0,0,0,0,0,Pattern_Recognition,Object Detection | Color Mapping | Filling Regions,1.8000582720427474,2.6755270093966494
32,3405,16.86699978141639,10,69,0,0,0,0,0,0,0,Object_Based,Gravity | Object Detection | Sorting,1.7360705633674627,2.6115393007213648
47,3024,16.985664262700574,8,36,0,0,0,0,0,0,0,Object_Based,Translation | Shifting | Object Detection | Gravity | Color Mapping | Filling Regions,1.6174060820832779,2.49287481943718
227,2927,17.018266713308115,10,47,0,0,0,0,0,0,0,Object_Based,Translation | Gravity | Collision Detection | Color Mapping,1.5848036314757366,2.4602723688296386
1,2843,17.047384888349,4,24,0,0,0,0,0,0,0,Spatial_and_Geometric,Tiling,1.5556854564348512,2.4311541937887533
122,2510,17.17196196787417,2,2510,0,0,0,0,0,0,0,Object_Based,Shifting | Object Detection | Gravity,1.4311083769096804,2.3065771142635825
344,2510,17.17196196787417,2,2510,0,0,0,0,0,0,0,Object_Based,Object Detection | Collision Detection | Color Mapping,1.4311083769096804,2.3065771142635825
81,2307,17.256296741826247,17,109,0,0,0,0,0,0,0,Color_and_Logical,Object Detection | Color Mapping,1.3467736029576045,2.2222423403115066
146,2256,17.27865138738205,10,24,0,0,0,0,0,0,0,Object_Based,Object Detection | Sorting | Color Mapping,1.3244189574018002,2.1998876947557022
38,2193,17.306974251582112,13,77,0,0,0,0,0,0,0,Object_Based,Cropping | Object Detection | Color Mapping | Filling Regions,1.29609609320174,2.171564830555642
386,2183,17.311544643450056,2,20,0,0,0,0,0,0,0,Object_Based,Cropping | Object Detection | Sorting | Color Mapping | Filling Regions,1.2915257013337964,2.1669944386876985
389,1898,17.451444020830127,9,42,0,0,0,0,0,0,0,Object_Based,Object Detection | Sorting | Color Mapping | Filling Regions,1.1516263239537246,2.0270950613076266
207,1875,17.463636061595487,15,35,0,0,0,0,0,0,0,Spatial_and_Geometric,Cropping,1.1394342831883648,2.014903020542267
399,1839,17.48302277539568,4,909,0,0,0,0,0,0,0,Pattern_Recognition,Cropping | Object Detection | Color Mapping | Filling Regions,1.1200475693881735,1.9955163067420756
83,1800,17.504458056115745,1,1800,0,0,0,0,0,0,0,Spatial_and_Geometric,Tiling | Symmetry Completion,1.0986122886681073,1.9740810260220094
108,1800,17.504458056115745,1,1800,0,0,0,0,0,0,0,Object_Based,Magnification | Object Detection | Sorting | Filling Regions,1.0986122886681073,1.9740810260220094
142,1800,17.504458056115745,1,1800,0,0,0,0,0,0,0,Pattern_Recognition,Reflection | Symmetry Completion,1.0986122886681073,1.9740810260220094
152,1800,17.504458056115745,1,1800,0,0,0,0,0,0,0,Pattern_Recognition,Reflection | Tiling | Symmetry Completion,1.0986122886681073,1.9740810260220094
194,1800,17.504458056115745,1,1800,0,0,0,0,0,0,0,Spatial_and_Geometric,Reflection | Tiling | Symmetry Completion,1.0986122886681073,1.9740810260220094
211,1800,17.504458056115745,1,1800,0,0,0,0,0,0,0,Spatial_and_Geometric,Tiling,1.0986122886681073,1.9740810260220094
214,1800,17.504458056115745,1,1800,0,0,0,0,0,0,0,Pattern_Recognition,Translation | Shifting | Object Detection | Color Mapping | Filling Regions,1.0986122886681073,1.9740810260220094
223,1800,17.504458056115745,1,1800,0,0,0,0,0,0,0,Spatial_and_Geometric,Tiling | Magnification,1.0986122886681073,1.9740810260220094
307,1800,17.504458056115745,1,1800,0,0,0,0,0,0,0,Spatial_and_Geometric,Magnification,1.0986122886681073,1.9740810260220094
299,1790,17.5100291011652,8,62,0,0,0,0,0,0,0,Object_Based,Translation | Shifting | Gravity | Color Mapping | Filling Regions,1.0930412436186536,1.9685099809725557
395,1667,17.581219117249205,10,47,0,0,0,0,0,0,0,Object_Based,Object Detection | Sorting | Color Mapping,1.021851227534647,1.897319964888549
6,1631,17.603051397378987,10,47,0,0,0,0,0,0,0,Object_Based,Object Detection | Sorting | Color Mapping,1.0000189474048646,1.8754876847587667
347,1607,17.61787563426249,2,20,0,0,0,0,0,0,0,Object_Based,Cropping | Object Detection | Sorting | Color Mapping,0.9851947105213625,1.8606634478752646
229,1409,17.74936448810132,12,45,0,0,0,0,0,0,0,Color_and_Logical,Sorting | Color Mapping,0.8537058566825309,1.729174594036433
235,1338,17.801068759311825,19,114,0,0,0,0,0,0,0,Object_Based,Object Detection | Sorting | Color Mapping,0.802001585472027,1.6774703228259291
72,1309,17.8229812340901,8,49,0,0,0,0,0,0,0,Object_Based,Object Detection | Gravity | Color Mapping | Filling Regions,0.7800891106937513,1.6555578480476534
181,1194,17.91493570604745,21,86,0,0,0,0,0,0,0,Object_Based,Translation | Object Detection | Gravity,0.6881346387364005,1.5636033760903025
106,1164,17.940382371708615,16,125,0,0,0,0,0,0,0,Pattern_Recognition,Reflection | Tiling | Symmetry Completion,0.6626879730752364,1.5381567104291385
257,1077,18.01806532284361,11,53,0,0,0,0,0,0,0,Object_Based,Cropping | Object Detection | Sorting | Color Mapping | Filling Regions,0.5850050219402405,1.4604737592941426
150,1014,18.078341815848873,6,36,0,0,0,0,0,0,0,Spatial_and_Geometric,Rotation,0.524728528934979,1.400197266288881
155,1014,18.078341815848873,6,36,0,0,0,0,0,0,0,Spatial_and_Geometric,Reflection,0.524728528934979,1.400197266288881
73,910,18.186555400489105,2,910,0,0,0,0,0,0,0,Object_Based,Gravity | Object Detection | Color Swapping,0.41651494429474667,1.2919836816486487
95,910,18.186555400489105,2,910,0,0,0,0,0,0,0,Pattern_Recognition,Translation | Object Detection | Color Mapping | Filling Regions,0.41651494429474667,1.2919836816486487
98,910,18.186555400489105,2,910,0,0,0,0,0,0,0,Pattern_Recognition,Object Detection | Color Mapping | Filling Regions,0.41651494429474667,1.2919836816486487
120,910,18.186555400489105,2,910,0,0,0,0,0,0,0,Pattern_Recognition,Object Detection | Shape Matching | Color Mapping | Filling Regions,0.41651494429474667,1.2919836816486487
147,910,18.186555400489105,2,910,0,0,0,0,0,0,0,Color_and_Logical,Object Detection | Sorting | Color Mapping,0.41651494429474667,1.2919836816486487
151,910,18.186555400489105,2,910,0,0,0,0,0,0,0,Pattern_Recognition,Object Detection | Collision Detection | Color Mapping | Filling Regions,0.41651494429474667,1.2919836816486487
171,910,18.186555400489105,2,910,0,0,0,0,0,0,0,Pattern_Recognition,Color Mapping | Filling Regions,0.41651494429474667,1.2919836816486487
266,910,18.186555400489105,2,910,0,0,0,0,0,0,0,Object_Based,Translation | Object Detection | Color Mapping,0.41651494429474667,1.2919836816486487
272,910,18.186555400489105,2,910,0,0,0,0,0,0,0,Object_Based,Outlier Detection | Color Mapping,0.41651494429474667,1.2919836816486487
283,910,18.186555400489105,2,910,0,0,0,0,0,0,0,Object_Based,Object Detection | Shape Matching | Color Mapping | Filling Regions,0.41651494429474667,1.2919836816486487
294,910,18.186555400489105,2,910,0,0,0,0,0,0,0,Pattern_Recognition,Object Detection | Color Mapping | Filling Regions,0.41651494429474667,1.2919836816486487
331,910,18.186555400489105,2,910,0,0,0,0,0,0,0,Object_Based,Translation | Object Detection | Color Mapping,0.41651494429474667,1.2919836816486487
15,900,18.197605236675688,1,900,0,0,0,0,0,0,0,Object_Based,Object Detection | Gravity | Color Mapping | Filling Regions,0.4054651081081637,1.2809338454620658
127,900,18.197605236675688,1,900,0,0,0,0,0,0,0,Color_and_Logical,Object Detection | Sorting | Color Mapping | Filling Regions,0.4054651081081637,1.2809338454620658
220,900,18.197605236675688,1,900,0,0,0,0,0,0,0,Pattern_Recognition,Translation | Object Detection | Color Mapping | Filling Regions,0.4054651081081637,1.2809338454620658
230,900,18.197605236675688,1,900,0,0,0,0,0,0,0,Pattern_Recognition,Translation | Object Detection | Color Mapping | Intersection Finding,0.4054651081081637,1.2809338454620658
282,900,18.197605236675688,1,900,0,0,0,0,0,0,0,Pattern_Recognition,Object Detection | Color Mapping | Filling Regions,0.4054651081081637,1.2809338454620658
317,900,18.197605236675688,1,900,0,0,0,0,0,0,0,Pattern_Recognition,Tiling | Object Detection | Color Mapping | Filling Regions,0.4054651081081637,1.2809338454620658
339,884,18.215542937362358,11,108,0,0,0,0,0,0,0,Pattern_Recognition,Cropping | Object Detection | Color Mapping | Filling Regions,0.3875274074214943,1.2629961447753963
322,867,18.23496102321946,0,0,0,0,0,0,0,0,0,Object_Based,Translation | Gravity,0.36810932156439335,1.2435780589182954
129,807,18.306676331730053,6,29,0,0,0,0,0,0,0,Object_Based,Outlier Detection | Color Mapping,0.2963940130537992,1.1718627504077013
111,797,18.319145321209785,8,25,0,0,0,0,0,0,0,Object_Based,Cropping | Object Detection,0.2839250235740671,1.1593937609279692
318,739,18.394702079051797,0,0,0,0,0,0,0,0,0,Object_Based,Object Detection | Sorting | Color Mapping,0.20836826573205514,1.0838370030859572
380,728,18.409698951803314,4,8,0,0,0,0,0,0,0,Spatial_and_Geometric,Rotation | Reflection | Symmetry Completion,0.19337139298053785,1.06884013033444
167,685,18.470581161737776,9,294,0,0,0,0,0,0,0,Object_Based,Rotation | Sorting | Color Mapping,0.1324891830460757,1.0079579203999778
236,643,18.53385527576238,0,0,0,0,0,0,0,0,0,Object_Based,Cropping | Object Detection | Sorting | Color Mapping,0.06921506902147101,0.9446838063753731
334,609,18.588181732290103,5,37,0,0,0,0,0,0,0,Pattern_Recognition,Cropping | Object Detection | Color Mapping | Filling Regions,0.014888612493749065,0.8903573498476511
373,524,18.738508315678956,1,4,0,0,0,0,0,0,0,Color_and_Logical,Color Swapping,0.0,0.7400307664587977
393,459,18.870949789939456,8,9,0,0,0,0,0,0,0,Object_Based,Object Detection | Sorting,0.0,0.6075892921982984
149,437,18.92006680490441,5,97,0,0,0,0,0,0,0,Object_Based,Cropping | Object Detection | Sorting | Color Mapping | Filling Regions,0.0,0.5584722772333457
87,368,19.09191706183107,4,8,0,0,0,0,0,0,0,Object_Based,Rotation | Sorting | Color Swapping,0.0,0.38662202030668524
140,368,19.09191706183107,4,8,0,0,0,0,0,0,0,Spatial_and_Geometric,Rotation,0.0,0.38662202030668524
186,364,19.10284613236326,5,46,0,0,0,0,0,0,0,Object_Based,Translation | Object Detection | Color Mapping,0.0,0.37569294977449275
135,360,19.113895968549844,0,0,0,0,0,0,0,0,0,Object_Based,Cropping | Object Detection,0.0,0.3646431135879098
67,315,19.247427361174367,4,33,0,0,0,0,0,0,0,Spatial_and_Geometric,Cropping,0.0,0.23111172096338706
16,10,22.697414907005953,1,10,0,0,0,0,0,0,0,Color_and_Logical,Color Mapping,0.0,0.0
53,30,21.598802618337846,1,30,0,0,0,0,0,0,0,Object_Based,Translation | Gravity,0.0,0.0
56,213,19.638707834290575,3,77,0,0,0,0,0,0,0,Pattern_Recognition,Object Detection | Color Mapping | Filling Regions,0.0,0.0
103,193,19.737309811095116,9,34,0,0,0,0,0,0,0,Color_and_Logical,Object Detection | Bitwise Logic,0.0,0.0
113,30,21.598802618337846,1,30,0,0,0,0,0,0,0,Spatial_and_Geometric,Reflection,0.0,0.0
116,30,21.598802618337846,1,30,0,0,0,0,0,0,0,Pattern_Recognition,Reflection | Symmetry Completion,0.0,0.0
164,30,21.598802618337846,1,30,0,0,0,0,0,0,0,Pattern_Recognition,Reflection | Symmetry Completion,0.0,0.0
172,30,21.598802618337846,1,30,0,0,0,0,0,0,0,Pattern_Recognition,Reflection | Symmetry Completion,0.0,0.0
179,0,25.0,0,0,0,0,0,0,0,0,0,Spatial_and_Geometric,Rotation,0.0,0.0
210,30,21.598802618337846,1,30,0,0,0,0,0,0,0,Pattern_Recognition,Reflection | Symmetry Completion,0.0,0.0
241,0,25.0,0,0,0,0,0,0,0,0,0,Object_Based,Translation | Sorting,0.0,0.0
258,160,19.924826184766175,2,160,0,0,0,0,0,0,0,Pattern_Recognition,Object Detection | Shape Matching | Color Mapping | Filling Regions,0.0,0.0
261,200,19.701682633451963,1,200,0,0,0,0,0,0,0,Object_Based,Translation | Gravity | Color Mapping,0.0,0.0
276,10,22.697414907005953,1,10,0,0,0,0,0,0,0,Color_and_Logical,Color Swapping,0.0,0.0
309,10,22.697414907005953,1,10,0,0,0,0,0,0,0,Color_and_Logical,Color Mapping,0.0,0.0
311,30,21.598802618337846,1,30,0,0,0,0,0,0,0,Pattern_Recognition,Tiling | Filling Regions,0.0,0.0
326,160,19.924826184766175,0,0,0,0,0,0,0,0,0,Spatial_and_Geometric,Cropping,0.0,0.0
337,10,22.697414907005953,1,10,0,0,0,0,0,0,0,Object_Based,Translation | Sorting | Color Swapping,0.0,0.0
385,30,21.598802618337846,1,30,0,0,0,0,0,0,0,Object_Based,Translation | Gravity,0.0,0.0
