all_changes_on_zero,all_changes_to_existing_colors,changed_bbox,changed_components,changed_coords_norm,changed_count,changed_from_to,idx,input_colors,input_nonzero_bbox,input_nonzero_count,input_shape,output_colors,output_equals_input_plus_sparse,output_nonzero_bbox,output_nonzero_count,output_shape,same_shape,split
False,True,"(3, 1, 11, 16)",9,3:1:4->0 3:4:0->3 3:6:3->0 3:11:0->4 7:9:4->0 7:11:0->4 10:7:2->0 11:4:0->3 11:16:3->0,9,4->0:2 0->3:2 3->0:2 0->4:2 2->0:1,0,0:301 2:1 3:20 4:20,"(0, 1, 17, 16)",41,"(18, 19)",0:302 3:20 4:20,True,"(0, 3, 17, 12)",40,"(18, 19)",True,train
False,True,"(0, 2, 13, 10)",10,0:3:2->0 1:9:4->0 2:3:0->2 4:6:0->2 4:10:0->2 5:10:1->0 7:6:2->0 9:10:0->1 11:2:0->1 13:2:1->0 13:10:2->0,11,2->0:3 0->2:3 1->0:2 0->1:2 4->0:1,1,0:176 1:16 2:17 4:1,"(0, 0, 13, 13)",34,"(15, 14)",0:177 1:16 2:17,True,"(2, 0, 11, 13)",33,"(15, 14)",True,train
False,True,"(1, 3, 13, 12)",8,1:3:1->0 1:7:8->0 4:7:0->8 6:3:0->8 6:11:0->8 8:11:8->0 12:3:8->0 13:12:1->0,8,8->0:3 0->8:3 1->0:2,2,0:219 1:2 8:19,"(1, 0, 13, 15)",21,"(15, 16)",0:221 8:19,True,"(4, 0, 6, 15)",19,"(15, 16)",True,train
False,True,"(2, 0, 17, 24)",17,2:5:0->2 2:16:2->0 4:24:8->0 5:9:8->0 7:6:4->0 7:19:0->4 9:12:0->3 9:13:3->0 10:1:2->0 10:3:0->2 11:17:8->0 15:0:8->0 15:8:3->0 15:10:0->3 15:21:0->4 15:24:4->0 17:12:0->3 17:22:3->0,18,8->0:4 0->3:3 3->0:3 0->2:2 2->0:2 4->0:2 0->4:2,3,0:426 2:21 3:22 4:21 8:4,"(0, 0, 18, 24)",68,"(19, 26)",0:430 2:21 3:22 4:21,True,"(0, 3, 18, 21)",64,"(19, 26)",True,test
False,True,"(8, 6, 26, 10)",5,8:8:9->0 16:6:7->0 16:10:1->0 18:8:0->9 26:6:0->7,5,9->0:1 7->0:1 1->0:1 0->9:1 0->7:1,4,0:347 1:1 2:14 4:14 7:15 9:15,"(6, 0, 27, 13)",59,"(29, 14)",0:348 2:14 4:14 7:15 9:15,True,"(6, 0, 27, 13)",58,"(29, 14)",True,arc-gen
False,True,"(6, 0, 9, 0)",2,6:0:8->0 9:0:0->8,2,8->0:1 0->8:1,5,0:285 8:23 9:22,"(3, 0, 10, 21)",45,"(15, 22)",0:285 8:23 9:22,True,"(3, 0, 10, 21)",45,"(15, 22)",True,arc-gen
False,True,"(1, 3, 11, 22)",7,1:22:3->0 4:21:0->7 6:18:3->0 7:3:3->0 8:3:0->3 8:18:0->3 8:22:0->3 11:21:7->0,8,3->0:3 0->3:3 0->7:1 7->0:1,6,0:334 3:29 7:27,"(1, 0, 11, 25)",56,"(15, 26)",0:334 3:29 7:27,True,"(3, 0, 9, 25)",56,"(15, 26)",True,arc-gen
False,True,"(0, 0, 21, 15)",16,0:4:3->0 1:15:2->0 2:4:0->3 4:1:0->3 4:12:0->3 4:13:0->3 5:1:3->0 5:3:9->0 8:0:1->0 8:8:2->0 9:6:2->0 9:11:9->0 10:0:0->1 16:12:3->0 16:13:3->0 18:6:0->2 18:8:0->2 18:15:0->2 21:2:9->0,19,3->0:4 0->3:4 2->0:3 9->0:3 0->2:3 1->0:1 0->1:1,7,0:329 1:18 2:20 3:21 9:3,"(0, 0, 21, 16)",62,"(23, 17)",0:332 1:18 2:20 3:21,True,"(2, 0, 19, 16)",59,"(23, 17)",True,arc-gen
False,True,"(1, 0, 24, 25)",18,1:5:0->5 1:13:5->0 3:18:8->0 3:19:0->8 15:5:0->5 15:24:5->0 18:1:5->0 18:3:0->5 18:7:8->0 18:19:0->8 19:12:0->6 19:17:6->0 20:5:0->5 20:14:5->0 21:18:8->0 21:19:0->8 23:12:0->6 23:25:6->0 24:0:5->0 24:3:0->5 24:12:0->6 24:25:6->0,22,0->5:5 5->0:5 8->0:3 0->8:3 0->6:3 6->0:3,8,0:637 5:32 6:30 8:30,"(0, 0, 26, 25)",92,"(27, 27)",0:637 5:32 6:30 8:30,False,"(0, 3, 26, 20)",92,"(27, 27)",True,arc-gen
False,True,"(1, 7, 16, 23)",10,1:15:9->0 6:7:0->7 6:13:0->7 7:11:2->0 10:15:0->9 13:13:7->0 14:9:2->0 14:22:2->0 15:7:7->0 16:23:2->0,10,2->0:4 0->7:2 7->0:2 9->0:1 0->9:1,9,0:425 2:4 7:26 8:24 9:25,"(1, 0, 20, 23)",79,"(21, 24)",0:429 7:26 8:24 9:25,True,"(5, 0, 20, 23)",75,"(21, 24)",True,arc-gen
False,True,"(1, 1, 10, 12)",2,1:1:2->0 10:12:2->0,2,2->0:2,10,0:328 2:2 4:22 8:22,"(1, 0, 13, 21)",46,"(17, 22)",0:330 4:22 8:22,True,"(5, 0, 13, 21)",44,"(17, 22)",True,arc-gen
False,True,"(0, 12, 11, 28)",5,0:19:3->0 7:13:0->4 8:13:4->0 10:12:3->0 10:28:3->0 11:12:0->3 11:19:0->3 11:28:0->3,8,3->0:3 0->3:3 0->4:1 4->0:1,11,0:326 3:33 4:31,"(0, 0, 12, 29)",64,"(13, 30)",0:326 3:33 4:31,True,"(6, 0, 12, 29)",64,"(13, 30)",True,arc-gen
False,True,"(0, 3, 23, 13)",9,0:3:4->0 4:10:0->6 5:10:6->0 9:6:4->0 13:11:0->7 13:13:0->7 16:4:2->0 16:13:7->0 18:4:0->2 23:11:7->0,10,4->0:2 0->7:2 7->0:2 0->6:1 6->0:1 2->0:1 0->2:1,12,0:346 2:17 4:2 6:17 7:18,"(0, 0, 23, 15)",54,"(25, 16)",0:348 2:17 6:17 7:18,True,"(3, 0, 19, 15)",52,"(25, 16)",True,arc-gen
False,True,"(1, 7, 10, 20)",8,1:17:1->0 3:8:2->0 3:20:1->0 7:11:1->0 9:7:2->0 10:11:0->1 10:17:0->1 10:20:0->1,8,1->0:3 0->1:3 2->0:2,13,0:271 1:26 2:2 5:23,"(1, 0, 11, 22)",51,"(14, 23)",0:273 1:26 5:23,True,"(5, 0, 11, 22)",49,"(14, 23)",True,arc-gen
False,True,"(10, 16, 10, 16)",1,10:16:8->0,1,8->0:1,14,0:305 2:17 6:17 7:17 8:1,"(0, 3, 16, 18)",52,"(17, 21)",0:306 2:17 6:17 7:17,True,"(0, 3, 16, 18)",51,"(17, 21)",True,arc-gen
False,True,"(4, 0, 27, 11)",7,4:2:4->0 9:4:4->0 11:1:1->0 11:11:0->1 16:0:4->0 27:1:9->0 27:5:0->9,7,4->0:3 1->0:1 0->1:1 9->0:1 0->9:1,15,0:325 1:31 4:3 9:31,"(0, 0, 29, 12)",65,"(30, 13)",0:328 1:31 9:31,True,"(0, 5, 29, 12)",62,"(30, 13)",True,arc-gen
False,True,"(4, 2, 17, 25)",16,4:7:0->3 4:8:0->3 4:9:0->3 4:11:0->3 4:22:0->3 4:25:0->3 5:7:3->0 5:13:4->0 7:17:1->0 8:2:4->0 9:21:4->0 10:17:0->1 12:12:0->1 12:22:0->1 13:8:3->0 13:9:3->0 13:22:3->0 13:25:3->0 14:12:1->0 15:11:3->0 16:11:4->0 17:22:1->0,22,0->3:6 3->0:6 4->0:4 1->0:3 0->1:3,16,0:509 1:32 3:35 4:4,"(3, 0, 17, 28)",71,"(20, 29)",0:513 1:32 3:35,False,"(3, 0, 12, 28)",67,"(20, 29)",True,arc-gen
False,True,"(0, 4, 13, 26)",6,0:4:8->0 4:25:0->4 6:17:8->0 6:25:4->0 10:9:0->3 11:9:3->0 13:26:8->0,7,8->0:3 0->4:1 4->0:1 0->3:1 3->0:1,17,0:319 3:28 4:28 8:3,"(0, 0, 13, 26)",59,"(14, 27)",0:322 3:28 4:28,True,"(3, 0, 10, 26)",56,"(14, 27)",True,arc-gen
False,True,"(1, 6, 27, 28)",15,1:6:1->0 1:20:6->0 1:22:2->0 2:6:8->0 5:6:0->1 10:8:2->0 11:6:0->8 13:7:0->8 14:7:8->0 15:11:2->0 18:8:6->0 19:8:0->6 19:20:0->6 24:11:3->0 24:28:3->0 27:8:0->2 27:11:0->2 27:22:0->2,18,2->0:3 0->2:3 6->0:2 8->0:2 0->8:2 0->6:2 3->0:2 1->0:1 0->1:1,18,0:715 1:30 2:32 3:2 6:31 8:31,"(1, 0, 28, 28)",126,"(29, 29)",0:717 1:30 2:32 6:31 8:31,True,"(5, 0, 28, 28)",124,"(29, 29)",True,arc-gen
False,True,"(1, 0, 22, 25)",15,1:8:6->0 1:11:2->0 7:3:6->0 8:18:2->0 12:0:6->0 12:5:2->0 12:25:2->0 13:0:0->6 13:3:0->6 13:8:0->6 20:15:2->0 21:16:2->0 22:5:0->2 22:11:0->2 22:15:0->2 22:16:0->2 22:18:0->2 22:25:0->2,18,2->0:6 0->2:6 6->0:3 0->6:3,19,0:600 2:35 6:32 9:29,"(1, 0, 23, 28)",96,"(24, 29)",0:600 2:35 6:32 9:29,True,"(5, 0, 23, 28)",96,"(24, 29)",True,arc-gen
False,True,"(2, 1, 19, 8)",2,2:1:5->0 19:8:5->0,2,5->0:2,20,0:284 2:26 4:26 5:2,"(0, 1, 25, 12)",54,"(26, 13)",0:286 2:26 4:26,True,"(0, 5, 25, 12)",52,"(26, 13)",True,arc-gen
False,True,"(2, 5, 11, 17)",6,2:5:0->1 2:8:1->0 9:15:8->0 9:17:0->8 11:5:0->1 11:10:1->0,6,0->1:2 1->0:2 8->0:1 0->8:1,21,0:358 1:21 2:19 8:20,"(0, 4, 18, 18)",60,"(19, 22)",0:358 1:21 2:19 8:20,True,"(0, 4, 18, 18)",60,"(19, 22)",True,arc-gen
False,True,"(5, 7, 14, 25)",9,5:8:3->0 5:12:0->3 6:7:0->9 6:19:9->0 6:25:4->0 8:7:0->9 8:10:9->0 14:7:0->9 14:19:9->0,9,0->9:3 9->0:3 3->0:1 0->3:1 4->0:1,22,0:451 3:20 4:1 6:19 9:22,"(0, 6, 18, 25)",62,"(19, 27)",0:452 3:20 6:19 9:22,True,"(0, 6, 18, 22)",61,"(19, 27)",True,arc-gen
False,True,"(1, 0, 17, 14)",10,1:14:8->0 3:6:1->0 3:10:0->1 4:0:1->0 4:10:0->1 5:4:0->9 5:8:9->0 10:9:1->0 10:10:0->1 15:9:8->0 17:4:0->9 17:9:9->0,12,1->0:3 0->1:3 8->0:2 0->9:2 9->0:2,23,0:279 1:25 8:2 9:24,"(0, 0, 21, 14)",51,"(22, 15)",0:281 1:25 9:24,True,"(0, 3, 21, 11)",49,"(22, 15)",True,arc-gen
False,True,"(4, 5, 22, 15)",5,4:11:0->7 4:15:7->0 16:5:7->0 16:9:0->7 17:5:2->0 22:5:2->0,6,0->7:2 7->0:2 2->0:2,24,0:346 2:2 5:25 7:27,"(0, 3, 24, 15)",54,"(25, 16)",0:348 5:25 7:27,True,"(0, 3, 24, 11)",52,"(25, 16)",True,arc-gen
False,True,"(1, 0, 23, 28)",23,1:20:9->0 1:21:0->9 2:7:9->0 2:21:0->9 3:0:8->0 3:6:0->2 3:12:3->0 3:13:0->8 3:24:2->0 7:17:9->0 7:21:0->9 9:12:9->0 9:21:0->9 10:2:9->0 10:21:0->9 11:0:3->0 14:3:9->0 14:21:0->9 15:6:0->2 15:28:2->0 17:1:3->0 17:7:8->0 17:13:0->8 19:2:2->0 19:4:0->2 22:15:0->8 22:25:8->0 23:25:3->0,28,9->0:6 0->9:6 3->0:4 8->0:3 0->2:3 0->8:3 2->0:3,25,0:608 2:27 3:4 8:27 9:30,"(0, 0, 23, 28)",88,"(24, 29)",0:612 2:27 8:27 9:30,False,"(0, 4, 23, 22)",84,"(24, 29)",True,arc-gen
False,True,"(1, 5, 24, 17)",13,1:11:9->0 3:5:0->7 3:10:7->0 4:14:0->8 4:17:8->0 8:8:8->0 8:12:0->8 9:5:0->7 9:7:7->0 16:5:0->7 16:10:7->0 19:17:9->0 24:5:0->7 24:6:7->0,14,0->7:4 7->0:4 9->0:2 0->8:2 8->0:2,26,0:451 7:31 8:29 9:2,"(0, 4, 26, 17)",62,"(27, 19)",0:453 7:31 8:29,True,"(0, 4, 26, 14)",60,"(27, 19)",True,arc-gen
False,True,"(7, 1, 17, 21)",10,7:16:0->6 7:21:0->6 9:3:1->0 9:16:6->0 10:4:1->0 10:21:7->0 13:3:0->1 13:4:0->1 15:1:0->1 16:21:6->0 17:1:1->0,11,1->0:3 0->1:3 0->6:2 6->0:2 7->0:1,27,0:507 1:30 6:29 7:1,"(6, 0, 17, 26)",60,"(21, 27)",0:508 1:30 6:29,True,"(6, 0, 15, 26)",59,"(21, 27)",True,arc-gen
False,True,"(0, 0, 19, 25)",10,0:9:5->0 0:20:0->5 3:6:6->0 3:11:0->6 6:4:0->7 6:25:7->0 7:0:8->0 10:15:8->0 19:7:5->0 19:20:0->5,10,5->0:2 0->5:2 8->0:2 6->0:1 0->6:1 0->7:1 7->0:1,28,0:474 5:22 6:21 7:21 8:2 9:20,"(0, 0, 19, 27)",86,"(20, 28)",0:476 5:22 6:21 7:21 9:20,True,"(0, 3, 19, 27)",84,"(20, 28)",True,arc-gen
False,True,"(2, 2, 21, 28)",11,2:2:4->0 12:8:3->0 12:28:0->3 17:11:9->0 17:12:0->9 18:14:0->9 18:23:9->0 19:5:0->6 19:7:6->0 19:8:7->0 19:20:0->7 21:2:9->0 21:12:0->9,13,9->0:3 0->9:3 4->0:1 3->0:1 0->3:1 0->6:1 6->0:1 7->0:1 0->7:1,29,0:565 3:23 4:1 6:23 7:23 9:25,"(0, 2, 21, 29)",95,"(22, 30)",0:566 3:23 6:23 7:23 9:25,True,"(0, 4, 21, 29)",94,"(22, 30)",True,arc-gen
False,True,"(2, 2, 17, 20)",15,2:2:2->0 2:9:3->0 3:7:3->0 3:15:3->0 5:2:0->2 7:16:0->2 9:16:2->0 9:20:3->0 10:18:3->0 13:7:0->3 13:9:0->3 13:15:0->3 13:18:0->3 13:20:0->3 17:11:5->0,15,3->0:5 0->3:5 2->0:2 0->2:2 5->0:1,30,0:392 2:27 3:30 5:1,"(2, 0, 17, 24)",58,"(18, 25)",0:393 2:27 3:30,True,"(5, 0, 14, 24)",57,"(18, 25)",True,arc-gen
False,True,"(0, 3, 21, 26)",13,0:22:5->0 0:24:6->0 1:10:2->0 2:24:2->0 2:26:2->0 3:3:7->0 5:3:0->7 11:10:0->2 11:24:0->2 11:26:0->2 13:20:0->2 14:20:2->0 18:22:0->5 21:3:6->0,14,2->0:4 0->2:4 6->0:2 5->0:1 7->0:1 0->7:1 0->5:1,31,0:524 2:32 5:29 6:2 7:29,"(0, 0, 21, 27)",92,"(22, 28)",0:526 2:32 5:29 7:29,True,"(5, 0, 19, 27)",90,"(22, 28)",True,arc-gen
False,True,"(0, 1, 26, 20)",8,0:1:4->0 10:9:4->0 14:12:0->2 14:20:2->0 17:1:2->0 17:10:0->2 17:20:4->0 26:3:4->0,8,4->0:4 0->2:2 2->0:2,32,0:534 2:32 3:30 4:4 8:30,"(0, 1, 29, 20)",96,"(30, 21)",0:538 2:32 3:30 8:30,True,"(0, 5, 29, 18)",92,"(30, 21)",True,arc-gen
False,True,"(1, 12, 16, 28)",4,1:12:9->0 2:12:0->9 5:20:4->0 10:20:0->4 16:28:2->0,5,9->0:1 0->9:1 4->0:1 0->4:1 2->0:1,33,0:461 2:1 4:30 9:30,"(1, 0, 16, 28)",61,"(18, 29)",0:462 4:30 9:30,True,"(2, 0, 11, 28)",60,"(18, 29)",True,arc-gen
False,True,"(10, 1, 10, 12)",2,10:1:3->0 10:12:0->3,2,3->0:1 0->3:1,34,0:299 2:20 3:21,"(0, 1, 19, 13)",41,"(20, 17)",0:299 2:20 3:21,True,"(0, 4, 19, 13)",41,"(20, 17)",True,arc-gen
False,True,"(1, 1, 23, 29)",16,1:11:1->0 2:24:1->0 6:2:0->2 6:29:0->2 7:7:4->0 8:4:4->0 11:1:1->0 12:24:4->0 13:1:0->1 13:11:0->1 13:24:0->1 18:29:2->0 20:4:0->4 20:7:0->4 20:24:0->4 22:28:0->4 23:2:2->0 23:28:4->0,18,4->0:4 0->4:4 1->0:3 0->1:3 0->2:2 2->0:2,35,0:741 1:33 2:32 4:34,"(1, 0, 23, 29)",99,"(28, 30)",0:741 1:33 2:32 4:34,True,"(5, 0, 22, 29)",99,"(28, 30)",True,arc-gen
False,True,"(1, 1, 24, 19)",14,1:8:1->0 2:8:0->1 4:13:0->1 4:19:0->1 6:19:1->0 7:9:5->0 7:14:6->0 9:9:0->5 11:1:0->5 11:4:0->5 13:8:6->0 18:4:5->0 21:1:5->0 21:13:1->0 23:9:7->0 24:9:0->7,16,1->0:3 0->1:3 5->0:3 0->5:3 6->0:2 7->0:1 0->7:1,36,0:431 1:23 3:20 5:23 6:2 7:21,"(1, 0, 25, 19)",89,"(26, 20)",0:433 1:23 3:20 5:23 7:21,True,"(2, 0, 25, 19)",87,"(26, 20)",True,arc-gen
False,True,"(6, 3, 12, 17)",4,6:3:4->0 6:5:0->4 11:4:7->0 12:16:0->3 12:17:3->0,5,4->0:1 0->4:1 7->0:1 0->3:1 3->0:1,37,0:305 3:15 4:15 7:1 9:14,"(0, 3, 13, 23)",45,"(14, 25)",0:306 3:15 4:15 9:14,True,"(0, 5, 13, 23)",44,"(14, 25)",True,arc-gen
False,True,"(0, 0, 18, 25)",14,0:6:0->1 0:14:1->0 11:0:5->0 11:13:4->0 11:19:0->5 12:16:6->0 12:25:0->6 13:13:5->0 13:19:0->5 14:3:1->0 14:4:0->1 15:13:4->0 17:23:4->0 18:12:0->7 18:22:7->0,15,4->0:3 0->1:2 1->0:2 5->0:2 0->5:2 6->0:1 0->6:1 0->7:1 7->0:1,38,0:537 1:23 4:3 5:23 6:22 7:22,"(0, 0, 20, 26)",93,"(21, 30)",0:540 1:23 5:23 6:22 7:22,True,"(0, 4, 20, 26)",90,"(21, 30)",True,arc-gen
False,True,"(1, 3, 15, 19)",7,1:7:0->7 1:15:7->0 4:15:8->0 6:3:8->0 14:4:8->0 15:10:4->0 15:19:0->4,7,8->0:3 0->7:1 7->0:1 4->0:1 0->4:1,39,0:415 2:21 4:22 7:22 8:3,"(0, 3, 20, 20)",68,"(21, 23)",0:418 2:21 4:22 7:22,True,"(0, 6, 20, 20)",65,"(21, 23)",True,arc-gen
False,True,"(3, 0, 23, 18)",11,3:7:5->0 5:6:4->0 5:17:5->0 5:18:0->4 8:8:3->0 8:12:0->3 16:1:4->0 16:18:0->4 21:10:3->0 21:12:0->3 23:0:6->0 23:3:0->6,12,5->0:2 4->0:2 0->4:2 3->0:2 0->3:2 6->0:1 0->6:1,40,0:487 3:28 4:28 5:2 6:27,"(0, 0, 25, 19)",85,"(26, 22)",0:489 3:28 4:28 6:27,True,"(0, 3, 25, 19)",83,"(26, 22)",True,arc-gen
False,True,"(9, 13, 9, 13)",1,9:13:8->0,1,8->0:1,41,0:237 2:17 4:17 8:1,"(0, 5, 16, 13)",35,"(17, 16)",0:238 2:17 4:17,True,"(0, 5, 16, 11)",34,"(17, 16)",True,arc-gen
False,True,"(4, 6, 11, 12)",2,4:6:1->0 11:12:1->0,2,1->0:2,42,0:264 1:2 8:14 9:14,"(4, 0, 15, 13)",30,"(21, 14)",0:266 8:14 9:14,True,"(6, 0, 15, 13)",28,"(21, 14)",True,arc-gen
False,True,"(8, 5, 10, 8)",3,8:6:3->0 10:5:0->1 10:8:1->0,3,3->0:1 0->1:1 1->0:1,43,0:236 1:15 2:14 3:1 7:14,"(0, 4, 13, 17)",44,"(14, 20)",0:237 1:15 2:14 7:14,True,"(0, 4, 13, 17)",43,"(14, 20)",True,arc-gen
False,True,"(6, 8, 12, 18)",5,6:8:3->0 8:12:8->0 8:18:8->0 12:12:0->8 12:18:0->8,5,8->0:2 0->8:2 3->0:1,44,0:270 3:1 7:21 8:23,"(4, 0, 13, 20)",45,"(15, 21)",0:271 7:21 8:23,True,"(4, 0, 13, 20)",44,"(15, 21)",True,arc-gen
False,True,"(2, 0, 18, 8)",5,2:2:9->0 2:3:0->9 10:0:9->0 10:3:0->9 18:5:0->9 18:8:9->0,6,9->0:3 0->9:3,45,0:333 4:28 9:31,"(0, 0, 27, 10)",59,"(28, 14)",0:333 4:28 9:31,True,"(0, 3, 27, 10)",59,"(28, 14)",True,arc-gen
False,True,"(0, 2, 26, 11)",7,0:8:6->0 7:10:1->0 7:11:0->1 9:2:1->0 9:11:0->1 17:8:6->0 18:8:6->0 25:10:6->0 26:8:6->0,9,6->0:5 1->0:2 0->1:2,46,0:317 1:29 6:5 7:27,"(0, 2, 26, 12)",61,"(27, 14)",0:322 1:29 7:27,True,"(0, 6, 26, 12)",56,"(27, 14)",True,arc-gen
False,True,"(9, 1, 21, 16)",6,9:13:4->0 10:1:5->0 12:13:0->4 15:16:9->0 18:1:0->5 20:5:0->5 21:5:5->0,7,5->0:2 0->5:2 4->0:1 0->4:1 9->0:1,47,0:396 4:21 5:22 6:20 9:1,"(5, 0, 21, 19)",64,"(23, 20)",0:397 4:21 5:22 6:20,True,"(5, 0, 20, 19)",63,"(23, 20)",True,arc-gen
False,True,"(13, 10, 14, 16)",4,13:10:0->2 13:15:2->0 14:12:1->0 14:16:0->1,4,0->2:1 2->0:1 1->0:1 0->1:1,48,0:298 1:16 2:16 3:15 7:15,"(0, 3, 14, 23)",62,"(15, 24)",0:298 1:16 2:16 3:15 7:15,True,"(0, 3, 14, 23)",62,"(15, 24)",True,arc-gen
False,True,"(11, 8, 11, 9)",1,11:8:8->0 11:9:0->8,2,8->0:1 0->8:1,49,0:159 8:17 9:16,"(0, 4, 15, 10)",33,"(16, 12)",0:159 8:17 9:16,True,"(0, 4, 15, 10)",33,"(16, 12)",True,arc-gen
False,True,"(8, 2, 14, 5)",3,8:2:7->0 10:5:9->0 14:2:0->7,3,7->0:1 9->0:1 0->7:1,50,0:397 7:20 8:19 9:1,"(6, 0, 15, 18)",40,"(23, 19)",0:398 7:20 8:19,True,"(6, 0, 15, 18)",39,"(23, 19)",True,arc-gen
False,True,"(0, 4, 8, 20)",3,0:4:5->0 4:20:0->2 5:20:2->0 8:4:0->5,4,5->0:1 0->2:1 2->0:1 0->5:1,51,0:448 2:31 4:30 5:31,"(0, 0, 15, 29)",92,"(18, 30)",0:448 2:31 4:30 5:31,True,"(3, 0, 15, 29)",92,"(18, 30)",True,arc-gen
False,True,"(2, 2, 15, 16)",7,2:16:1->0 7:2:4->0 7:9:0->4 9:11:0->4 9:15:4->0 14:2:3->0 14:3:0->3 15:6:1->0,8,1->0:2 4->0:2 0->4:2 3->0:1 0->3:1,52,0:318 1:2 3:20 4:21 5:19,"(0, 2, 18, 18)",62,"(19, 20)",0:320 3:20 4:21 5:19,True,"(0, 3, 18, 18)",60,"(19, 20)",True,arc-gen
False,True,"(0, 2, 19, 19)",16,0:7:0->2 0:15:2->0 0:18:5->0 1:10:5->0 2:2:2->0 2:5:0->2 2:14:0->9 2:19:9->0 12:4:9->0 12:12:0->9 14:2:2->0 14:5:0->2 15:14:0->9 15:17:9->0 19:14:0->9 19:16:9->0,16,0->9:4 9->0:4 0->2:3 2->0:3 5->0:2,53,0:471 2:27 5:2 9:28,"(0, 2, 23, 19)",57,"(24, 22)",0:473 2:27 9:28,True,"(0, 5, 23, 14)",55,"(24, 22)",True,arc-gen
False,True,"(4, 8, 14, 24)",5,4:20:0->9 5:24:4->0 7:8:3->0 10:8:0->3 14:20:9->0,5,0->9:1 4->0:1 3->0:1 0->3:1 9->0:1,54,0:445 3:29 4:1 9:29,"(3, 0, 14, 27)",59,"(18, 28)",0:446 3:29 9:29,True,"(3, 0, 11, 27)",58,"(18, 28)",True,arc-gen
False,True,"(0, 1, 20, 22)",8,0:10:0->9 0:19:9->0 9:1:1->0 11:14:1->0 12:14:1->0 12:18:0->5 12:22:5->0 20:4:0->7 20:11:7->0,9,1->0:3 0->9:1 9->0:1 0->5:1 5->0:1 0->7:1 7->0:1,55,0:414 1:3 5:22 7:22 9:22,"(0, 1, 20, 22)",69,"(21, 23)",0:417 5:22 7:22 9:22,True,"(0, 3, 20, 18)",66,"(21, 23)",True,arc-gen
False,True,"(1, 3, 11, 10)",6,1:7:9->0 4:3:0->6 5:10:9->0 8:3:6->0 11:7:0->9 11:10:0->9,6,9->0:2 0->9:2 0->6:1 6->0:1,56,0:195 6:19 9:20,"(1, 0, 12, 17)",39,"(13, 18)",0:195 6:19 9:20,True,"(3, 0, 12, 17)",39,"(13, 18)",True,arc-gen
False,True,"(4, 12, 16, 22)",6,4:14:1->0 13:14:7->0 13:19:0->7 15:12:0->4 15:22:4->0 16:15:1->0,6,1->0:2 7->0:1 0->7:1 0->4:1 4->0:1,57,0:410 1:2 4:19 7:19 9:18,"(0, 4, 17, 22)",58,"(18, 26)",0:412 4:19 7:19 9:18,True,"(0, 4, 17, 20)",56,"(18, 26)",True,arc-gen
False,True,"(0, 1, 12, 22)",10,0:1:6->0 0:21:3->0 5:1:0->6 7:4:0->6 7:6:0->6 7:8:0->6 7:22:0->6 8:6:6->0 8:22:6->0 9:8:6->0 11:4:6->0 12:6:3->0,12,6->0:5 0->6:5 3->0:2,58,0:281 3:2 6:29,"(0, 0, 12, 23)",31,"(13, 24)",0:283 6:29,True,"(5, 0, 7, 23)",29,"(13, 24)",True,arc-gen
False,True,"(1, 4, 24, 12)",9,1:12:3->0 2:12:0->3 4:5:0->3 4:7:0->3 6:6:8->0 7:9:8->0 13:4:0->7 16:7:3->0 23:4:7->0 24:5:3->0,10,3->0:3 0->3:3 8->0:2 0->7:1 7->0:1,59,0:426 2:18 3:21 7:19 8:2,"(1, 0, 24, 17)",60,"(27, 18)",0:428 2:18 3:21 7:19,True,"(2, 0, 18, 17)",58,"(27, 18)",True,arc-gen
False,True,"(9, 3, 9, 5)",2,9:3:6->0 9:5:0->6,2,6->0:1 0->6:1,60,0:181 5:14 6:15,"(0, 3, 13, 12)",29,"(14, 15)",0:181 5:14 6:15,True,"(0, 5, 13, 12)",29,"(14, 15)",True,arc-gen
False,True,"(6, 2, 19, 24)",11,6:2:9->0 10:2:7->0 10:12:0->7 11:9:7->0 11:12:0->7 12:23:0->1 12:24:1->0 16:15:9->0 17:10:7->0 17:12:0->7 18:3:7->0 18:12:0->7 19:6:0->8 19:8:8->0,14,7->0:4 0->7:4 9->0:2 0->1:1 1->0:1 0->8:1 8->0:1,61,0:432 1:21 7:24 8:21 9:2,"(0, 2, 19, 24)",68,"(20, 25)",0:434 1:21 7:24 8:21,True,"(0, 5, 19, 23)",66,"(20, 25)",True,arc-gen
False,True,"(9, 1, 10, 8)",2,9:1:9->0 9:8:9->0 10:1:0->9 10:8:0->9,4,9->0:2 0->9:2,62,0:202 1:17 9:19,"(4, 0, 11, 16)",36,"(14, 17)",0:202 1:17 9:19,True,"(4, 0, 11, 16)",36,"(14, 17)",True,arc-gen
False,True,"(8, 5, 29, 17)",7,8:11:3->0 9:5:0->2 9:17:2->0 23:5:0->2 23:10:2->0 29:14:0->9 29:17:9->0,7,0->2:2 2->0:2 3->0:1 0->9:1 9->0:1,63,0:506 2:32 3:1 6:30 9:31,"(0, 4, 29, 19)",94,"(30, 20)",0:507 2:32 6:30 9:31,True,"(0, 4, 29, 19)",93,"(30, 20)",True,arc-gen
False,True,"(1, 0, 12, 17)",5,1:12:2->0 1:13:8->0 2:0:9->0 3:0:0->9 8:17:2->0 12:12:0->2 12:17:0->2,7,2->0:2 0->2:2 8->0:1 9->0:1 0->9:1,64,0:262 2:21 8:1 9:20,"(1, 0, 13, 18)",42,"(16, 19)",0:263 2:21 9:20,True,"(3, 0, 13, 18)",41,"(16, 19)",True,arc-gen
False,True,"(2, 2, 22, 29)",11,2:5:0->9 2:17:9->0 5:7:5->0 10:5:0->9 10:6:9->0 17:2:1->0 17:14:0->4 17:24:4->0 17:25:0->1 19:5:0->9 19:24:9->0 19:29:5->0 22:17:5->0,13,0->9:3 9->0:3 5->0:3 1->0:1 0->4:1 4->0:1 0->1:1,65,0:694 1:28 4:28 5:3 7:27 9:30,"(0, 2, 26, 29)",116,"(27, 30)",0:697 1:28 4:28 7:27 9:30,True,"(0, 4, 26, 26)",113,"(27, 30)",True,arc-gen
False,True,"(2, 2, 9, 21)",8,2:2:4->0 3:2:2->0 3:3:0->2 6:15:7->0 6:17:0->7 8:5:0->2 8:15:2->0 8:21:4->0 9:8:7->0 9:17:0->7,10,4->0:2 2->0:2 0->2:2 7->0:2 0->7:2,66,0:309 2:17 4:2 5:15 7:17,"(0, 2, 14, 21)",51,"(15, 24)",0:311 2:17 5:15 7:17,True,"(0, 3, 14, 18)",49,"(15, 24)",True,arc-gen
False,True,"(3, 3, 18, 17)",8,3:7:0->7 3:16:7->0 5:13:0->2 5:17:2->0 7:13:0->2 7:16:2->0 18:3:7->0 18:5:0->7,8,0->7:2 7->0:2 0->2:2 2->0:2,67,0:387 2:25 7:25,"(0, 3, 22, 17)",50,"(23, 19)",0:387 2:25 7:25,True,"(0, 5, 22, 13)",50,"(23, 19)",True,arc-gen
False,True,"(1, 0, 20, 20)",8,1:0:9->0 3:20:9->0 5:11:0->3 5:13:3->0 13:6:9->0 20:1:9->0 20:12:2->0 20:15:0->2,8,9->0:4 0->3:1 3->0:1 2->0:1 0->2:1,68,0:426 2:25 3:25 8:24 9:4,"(0, 0, 23, 20)",78,"(24, 21)",0:430 2:25 3:25 8:24,True,"(0, 3, 23, 16)",74,"(24, 21)",True,arc-gen
False,True,"(1, 0, 22, 24)",16,1:1:5->0 4:2:4->0 4:19:0->4 5:5:0->7 5:9:7->0 9:5:0->7 9:23:7->0 12:7:4->0 12:19:0->4 14:13:0->2 14:24:2->0 16:8:4->0 16:19:0->4 16:22:5->0 22:0:5->0 22:10:2->0 22:11:0->2,17,5->0:3 4->0:3 0->4:3 0->7:2 7->0:2 0->2:2 2->0:2,69,0:518 2:26 4:27 5:3 7:26,"(0, 0, 23, 24)",82,"(24, 25)",0:521 2:26 4:27 7:26,True,"(0, 4, 23, 20)",79,"(24, 25)",True,arc-gen
False,True,"(0, 4, 24, 28)",18,0:6:2->0 1:9:9->0 2:4:4->0 3:16:4->0 4:4:0->4 4:16:0->4 6:26:0->4 7:20:2->0 9:28:9->0 12:9:0->6 12:15:0->6 13:15:6->0 13:26:4->0 14:25:2->0 17:6:0->2 17:20:0->2 17:25:0->2 20:24:9->0 24:9:6->0 24:13:9->0,20,9->0:4 2->0:3 4->0:3 0->4:3 0->2:3 0->6:2 6->0:2,70,0:626 2:32 4:32 6:31 9:4,"(0, 0, 24, 28)",99,"(25, 29)",0:630 2:32 4:32 6:31,True,"(4, 0, 18, 28)",95,"(25, 29)",True,arc-gen
False,True,"(0, 4, 8, 7)",6,0:6:3->0 4:4:0->6 4:5:0->6 4:7:0->6 6:5:6->0 7:7:6->0 8:4:6->0,7,0->6:3 6->0:3 3->0:1,71,0:227 2:21 3:1 6:24,"(0, 0, 12, 20)",46,"(13, 21)",0:228 2:21 6:24,True,"(3, 0, 12, 20)",45,"(13, 21)",True,arc-gen
False,True,"(4, 2, 28, 19)",12,4:2:5->0 7:7:0->9 8:3:5->0 8:9:4->0 14:10:0->6 17:10:6->0 18:5:5->0 19:2:0->5 19:3:0->5 19:5:0->5 21:19:0->5 22:19:5->0 23:3:4->0 28:6:4->0 28:7:9->0 28:14:4->0,16,5->0:4 4->0:4 0->5:4 0->9:1 0->6:1 6->0:1 9->0:1,72,0:490 3:20 4:4 5:24 6:21 9:21,"(4, 0, 28, 19)",90,"(29, 20)",0:494 3:20 5:24 6:21 9:21,True,"(6, 0, 26, 19)",86,"(29, 20)",True,arc-gen
False,True,"(7, 0, 12, 7)",4,7:2:7->0 7:6:0->9 7:7:9->0 12:0:9->0 12:4:0->9,5,0->9:2 9->0:2 7->0:1,73,0:162 7:1 9:17,"(0, 0, 14, 7)",18,"(15, 12)",0:163 9:17,True,"(0, 4, 14, 6)",17,"(15, 12)",True,arc-gen
False,True,"(10, 4, 17, 10)",4,10:6:4->0 10:10:0->4 17:4:0->6 17:7:6->0,4,4->0:1 0->4:1 0->6:1 6->0:1,74,0:286 4:25 6:25,"(0, 3, 23, 11)",50,"(24, 14)",0:286 4:25 6:25,True,"(0, 3, 23, 11)",50,"(24, 14)",True,arc-gen
False,True,"(4, 13, 11, 26)",5,4:13:0->9 4:26:0->9 6:13:9->0 7:18:4->0 8:18:0->4 11:26:9->0,6,0->9:2 9->0:2 4->0:1 0->4:1,75,0:477 3:30 4:31 9:32,"(3, 0, 16, 29)",93,"(19, 30)",0:477 3:30 4:31 9:32,True,"(3, 0, 16, 29)",93,"(19, 30)",True,arc-gen
False,True,"(7, 1, 23, 17)",6,7:6:0->1 16:1:5->0 18:17:5->0 21:15:0->8 22:6:1->0 23:15:8->0,6,5->0:2 0->1:1 0->8:1 1->0:1 8->0:1,76,0:392 1:19 4:18 5:2 8:19,"(6, 0, 23, 17)",58,"(25, 18)",0:394 1:19 4:18 8:19,True,"(6, 0, 21, 17)",56,"(25, 18)",True,arc-gen
False,True,"(4, 3, 20, 23)",10,4:9:0->6 7:5:1->0 9:18:1->0 10:3:7->0 10:9:6->0 10:20:8->0 11:5:0->1 11:18:0->1 17:3:0->7 19:23:0->7 20:23:7->0,11,1->0:2 7->0:2 0->1:2 0->7:2 0->6:1 6->0:1 8->0:1,77,0:480 1:29 6:28 7:29 8:1,"(3, 0, 20, 26)",87,"(21, 27)",0:481 1:29 6:28 7:29,True,"(3, 0, 19, 26)",86,"(21, 27)",True,arc-gen
False,True,"(2, 4, 15, 22)",11,2:6:1->0 2:10:0->1 7:4:0->3 7:16:3->0 8:7:5->0 8:17:0->5 11:4:0->3 11:22:3->0 14:9:1->0 14:10:0->1 15:12:0->1 15:22:1->0,12,1->0:3 0->1:3 0->3:2 3->0:2 5->0:1 0->5:1,78,0:334 1:20 3:19 5:18,"(0, 3, 16, 22)",57,"(17, 23)",0:334 1:20 3:19 5:18,True,"(0, 3, 16, 18)",57,"(17, 23)",True,arc-gen
False,True,"(4, 3, 18, 19)",5,4:3:0->7 4:4:0->7 13:12:0->2 15:19:1->0 16:12:2->0 18:3:7->0 18:4:7->0,7,0->7:2 7->0:2 0->2:1 1->0:1 2->0:1,79,0:500 1:1 2:29 7:30 8:28,"(3, 0, 20, 27)",88,"(21, 28)",0:501 2:29 7:30 8:28,True,"(3, 0, 20, 27)",87,"(21, 28)",True,arc-gen
False,True,"(1, 0, 26, 10)",8,1:3:5->0 1:10:0->5 2:8:5->0 2:10:0->5 17:3:1->0 17:4:0->1 23:0:1->0 23:4:0->1 26:6:0->1 26:8:1->0,10,1->0:3 0->1:3 5->0:2 0->5:2,80,0:331 1:31 5:30,"(0, 0, 27, 11)",61,"(28, 14)",0:331 1:31 5:30,True,"(0, 4, 27, 11)",61,"(28, 14)",True,arc-gen
False,True,"(2, 2, 10, 19)",7,2:2:6->0 2:11:4->0 3:2:0->6 5:16:0->6 5:18:0->6 8:19:4->0 10:16:6->0 10:18:6->0,8,6->0:3 0->6:3 4->0:2,81,0:415 3:28 4:2 6:31,"(2, 0, 13, 27)",61,"(17, 28)",0:417 3:28 6:31,True,"(3, 0, 13, 27)",59,"(17, 28)",True,arc-gen
False,True,"(3, 1, 24, 15)",10,3:15:7->0 12:4:0->2 12:10:2->0 16:8:7->0 17:4:0->2 17:14:2->0 20:13:0->9 20:14:9->0 23:1:9->0 23:4:0->2 23:10:2->0 23:11:0->9 24:10:7->0,13,7->0:3 0->2:3 2->0:3 0->9:2 9->0:2,82,0:342 2:28 7:3 9:27,"(0, 1, 24, 15)",58,"(25, 16)",0:345 2:28 9:27,True,"(0, 3, 24, 13)",55,"(25, 16)",True,arc-gen
False,True,"(11, 6, 29, 22)",6,11:16:9->0 13:13:0->5 13:22:5->0 14:13:0->5 14:22:5->0 28:6:6->0 28:17:0->6 29:15:6->0 29:17:0->6,9,0->5:2 5->0:2 6->0:2 0->6:2 9->0:1,83,0:625 2:30 5:32 6:32 9:1,"(0, 4, 29, 22)",95,"(30, 24)",0:626 2:30 5:32 6:32,True,"(0, 4, 29, 18)",94,"(30, 24)",True,arc-gen
False,True,"(2, 0, 8, 9)",4,2:1:2->0 5:6:0->9 5:9:9->0 6:6:0->9 6:7:9->0 8:0:2->0,6,2->0:2 0->9:2 9->0:2,84,0:212 2:2 9:20,"(0, 0, 17, 9)",22,"(18, 13)",0:214 9:20,True,"(0, 5, 17, 6)",20,"(18, 13)",True,arc-gen
False,True,"(1, 1, 18, 15)",8,1:6:8->0 2:15:8->0 6:5:0->5 9:5:5->0 10:1:8->0 18:1:0->8 18:6:0->8 18:15:0->8,8,8->0:3 0->8:3 0->5:1 5->0:1,85,0:285 5:18 7:17 8:20,"(1, 0, 19, 16)",55,"(20, 17)",0:285 5:18 7:17 8:20,True,"(5, 0, 19, 16)",55,"(20, 17)",True,arc-gen
False,True,"(7, 1, 26, 23)",11,7:1:3->0 13:15:0->2 13:22:2->0 19:21:0->9 19:23:9->0 23:10:2->0 23:13:0->2 24:2:8->0 24:5:0->8 26:2:2->0 26:13:0->2,11,0->2:3 2->0:3 3->0:1 0->9:1 9->0:1 8->0:1 0->8:1,86,0:603 2:32 3:1 8:30 9:30,"(0, 1, 28, 23)",93,"(29, 24)",0:604 2:32 8:30 9:30,True,"(0, 5, 28, 21)",92,"(29, 24)",True,arc-gen
False,True,"(2, 1, 14, 14)",5,2:14:3->0 5:14:0->3 7:1:0->3 7:2:0->3 11:1:3->0 14:2:3->0,6,3->0:3 0->3:3,87,0:263 3:22,"(2, 0, 14, 18)",22,"(15, 19)",0:263 3:22,True,"(5, 0, 7, 18)",22,"(15, 19)",True,arc-gen
False,True,"(3, 0, 24, 22)",16,3:7:8->0 3:11:7->0 3:13:0->8 3:19:0->7 9:6:0->4 9:16:4->0 10:0:4->0 10:4:0->4 10:7:7->0 10:15:0->8 10:19:0->7 10:22:8->0 23:0:8->0 23:13:0->8 23:17:7->0 23:19:0->7 24:0:7->0 24:19:0->7,18,7->0:4 0->7:4 8->0:3 0->8:3 0->4:2 4->0:2,88,0:531 4:29 7:31 8:30,"(0, 0, 26, 22)",90,"(27, 23)",0:531 4:29 7:31 8:30,True,"(0, 4, 26, 20)",90,"(27, 23)",True,arc-gen
False,True,"(9, 1, 26, 12)",6,9:3:4->0 10:10:8->0 10:12:0->8 20:2:4->0 26:1:2->0 26:4:0->2,6,4->0:2 8->0:1 0->8:1 2->0:1 0->2:1,89,0:347 2:28 4:2 8:28,"(0, 1, 26, 13)",58,"(27, 15)",0:349 2:28 8:28,True,"(0, 4, 26, 13)",56,"(27, 15)",True,arc-gen
False,True,"(0, 1, 9, 19)",7,0:16:2->0 3:1:6->0 3:19:6->0 4:1:0->6 4:19:0->6 6:3:0->6 6:12:0->6 9:3:6->0 9:12:6->0,9,6->0:4 0->6:4 2->0:1,90,0:215 2:1 6:24,"(0, 0, 9, 19)",25,"(12, 20)",0:216 6:24,True,"(4, 0, 6, 19)",24,"(12, 20)",True,arc-gen
False,True,"(1, 2, 11, 12)",7,1:7:0->5 1:11:5->0 4:3:2->0 5:8:1->0 5:12:0->1 11:2:1->0 11:12:0->1,7,1->0:2 0->1:2 0->5:1 5->0:1 2->0:1,91,0:302 1:20 2:1 5:19,"(0, 2, 17, 13)",40,"(18, 19)",0:303 1:20 5:19,True,"(0, 6, 17, 13)",39,"(18, 19)",True,arc-gen
False,True,"(1, 1, 28, 20)",11,1:11:2->0 1:20:0->2 9:15:0->9 9:17:9->0 23:1:6->0 23:4:0->6 25:10:2->0 25:17:1->0 25:20:0->2 28:11:2->0 28:20:0->2,11,2->0:3 0->2:3 0->9:1 9->0:1 6->0:1 0->6:1 1->0:1,92,0:594 1:1 2:33 6:31 9:31,"(0, 1, 29, 21)",96,"(30, 23)",0:595 2:33 6:31 9:31,True,"(0, 4, 29, 21)",95,"(30, 23)",True,arc-gen
False,True,"(1, 1, 15, 27)",13,1:5:0->3 1:17:3->0 4:2:2->0 4:5:0->3 4:9:3->0 4:18:0->2 10:6:8->0 10:27:0->8 12:5:0->3 12:9:3->0 13:1:5->0 15:21:8->0 15:27:0->8,13,0->3:3 3->0:3 8->0:2 0->8:2 2->0:1 0->2:1 5->0:1,93,0:409 2:17 3:19 5:1 8:18 9:16,"(0, 1, 15, 28)",71,"(16, 30)",0:410 2:17 3:19 8:18 9:16,True,"(0, 4, 15, 28)",70,"(16, 30)",True,arc-gen
False,True,"(3, 0, 26, 15)",6,3:7:0->3 3:15:3->0 7:0:2->0 17:4:3->0 17:5:0->3 25:3:2->0 26:8:2->0,7,2->0:3 0->3:2 3->0:2,94,0:427 2:3 3:29 7:27,"(0, 0, 26, 15)",59,"(27, 18)",0:430 3:29 7:27,True,"(0, 5, 26, 13)",56,"(27, 18)",True,arc-gen
False,True,"(9, 2, 15, 15)",8,9:11:0->9 9:15:9->0 12:2:9->0 12:9:0->9 14:5:0->1 14:14:1->0 15:11:0->9 15:15:9->0,8,0->9:3 9->0:3 0->1:1 1->0:1,95,0:546 1:26 8:25 9:28,"(0, 2, 24, 19)",79,"(25, 25)",0:546 1:26 8:25 9:28,True,"(0, 4, 24, 19)",79,"(25, 25)",True,arc-gen
False,True,"(0, 0, 9, 16)",8,0:13:0->9 0:14:9->0 3:13:0->9 3:16:9->0 7:0:9->0 7:11:0->9 8:4:0->1 8:10:1->0 9:13:0->9 9:14:9->0,10,0->9:4 9->0:4 0->1:1 1->0:1,96,0:295 1:21 9:24,"(0, 0, 19, 16)",45,"(20, 17)",0:295 1:21 9:24,True,"(0, 3, 19, 13)",45,"(20, 17)",True,arc-gen
False,True,"(1, 1, 17, 29)",13,1:27:0->9 1:28:9->0 4:6:5->0 4:9:0->5 6:7:5->0 6:9:0->5 9:1:5->0 9:9:0->5 11:1:3->0 11:18:0->3 15:5:0->7 15:29:7->0 16:5:0->7 16:24:7->0 17:11:0->5 17:24:5->0,16,5->0:4 0->5:4 0->7:2 7->0:2 0->9:1 9->0:1 3->0:1 0->3:1,97,0:668 3:27 5:30 7:28 9:27,"(0, 1, 25, 29)",112,"(26, 30)",0:668 3:27 5:30 7:28 9:27,True,"(0, 4, 25, 27)",112,"(26, 30)",True,arc-gen
False,True,"(6, 4, 13, 12)",6,6:4:0->6 6:12:0->6 8:8:4->0 11:12:6->0 12:4:6->0 13:8:0->4,6,0->6:2 6->0:2 4->0:1 0->4:1,98,0:192 4:14 6:15,"(5, 0, 14, 12)",29,"(17, 13)",0:192 4:14 6:15,True,"(5, 0, 14, 12)",29,"(17, 13)",True,arc-gen
False,True,"(3, 0, 25, 23)",12,3:0:9->0 3:5:0->2 3:15:2->0 7:15:9->0 12:5:0->2 12:12:2->0 14:5:0->2 14:14:3->0 14:16:2->0 14:17:0->3 20:8:9->0 25:19:0->3 25:23:3->0,13,9->0:3 0->2:3 2->0:3 3->0:2 0->3:2,99,0:538 2:29 3:28 5:26 9:3,"(0, 0, 25, 23)",86,"(26, 24)",0:541 2:29 3:28 5:26,True,"(0, 4, 25, 19)",83,"(26, 24)",True,arc-gen
False,True,"(1, 2, 11, 20)",11,1:2:2->0 1:5:0->2 4:2:2->0 4:5:0->2 5:14:0->3 5:17:3->0 6:7:0->2 6:10:2->0 7:15:1->0 7:20:0->1 11:2:6->0,11,2->0:3 0->2:3 0->3:1 3->0:1 1->0:1 0->1:1 6->0:1,100,0:280 1:14 2:16 3:14 6:1,"(0, 2, 12, 21)",45,"(13, 25)",0:281 1:14 2:16 3:14,True,"(0, 5, 12, 21)",44,"(13, 25)",True,arc-gen
False,True,"(1, 5, 11, 11)",4,1:5:0->4 1:11:4->0 11:5:0->4 11:9:4->0,4,0->4:2 4->0:2,101,0:141 4:15,"(0, 4, 12, 11)",15,"(13, 12)",0:141 4:15,True,"(0, 4, 12, 5)",15,"(13, 12)",True,arc-gen
False,True,"(1, 2, 17, 23)",7,1:11:2->0 1:23:2->0 4:2:0->3 4:23:0->3 6:23:3->0 8:3:2->0 17:2:3->0,7,2->0:3 0->3:2 3->0:2,102,0:565 1:30 2:3 3:32 6:30,"(1, 0, 19, 29)",95,"(22, 30)",0:568 1:30 3:32 6:30,True,"(3, 0, 19, 29)",92,"(22, 30)",True,arc-gen
False,True,"(6, 7, 11, 13)",4,6:12:2->0 9:7:8->0 9:13:0->8 11:12:8->0 11:13:0->8,5,8->0:2 0->8:2 2->0:1,103,0:252 2:1 5:15 8:17,"(0, 5, 14, 14)",33,"(15, 19)",0:253 5:15 8:17,True,"(0, 5, 14, 14)",32,"(15, 19)",True,arc-gen
False,True,"(5, 1, 27, 11)",11,5:1:4->0 5:11:0->4 7:2:2->0 7:6:0->8 7:9:8->0 9:8:2->0 15:2:8->0 15:4:0->8 20:10:4->0 20:11:0->4 27:6:0->8 27:8:8->0,12,0->8:3 8->0:3 4->0:2 0->4:2 2->0:2,104,0:383 2:2 4:32 8:33,"(0, 1, 29, 12)",67,"(30, 15)",0:385 4:32 8:33,True,"(0, 4, 29, 12)",65,"(30, 15)",True,arc-gen
False,True,"(3, 5, 12, 14)",4,3:14:9->0 7:5:0->2 11:5:2->0 12:14:0->9,4,9->0:1 0->2:1 2->0:1 0->9:1,105,0:232 2:19 9:19,"(3, 0, 13, 17)",38,"(15, 18)",0:232 2:19 9:19,True,"(6, 0, 13, 17)",38,"(15, 18)",True,arc-gen
False,True,"(2, 3, 15, 17)",6,2:4:1->0 4:4:0->1 6:3:0->1 7:3:1->0 7:7:5->0 8:9:5->0 14:17:0->2 15:17:2->0,8,1->0:2 0->1:2 5->0:2 0->2:1 2->0:1,106,0:373 1:29 2:28 5:2,"(2, 0, 15, 26)",59,"(16, 27)",0:375 1:29 2:28,True,"(4, 0, 14, 26)",57,"(16, 27)",True,arc-gen
False,True,"(1, 8, 18, 16)",5,1:8:3->0 5:13:0->1 5:15:1->0 15:16:3->0 18:8:3->0,5,3->0:3 0->1:1 1->0:1,107,0:353 1:22 3:3 6:21,"(0, 3, 20, 16)",46,"(21, 19)",0:356 1:22 6:21,True,"(0, 3, 20, 13)",43,"(21, 19)",True,arc-gen
False,True,"(1, 0, 23, 21)",12,1:17:3->0 1:20:6->0 1:21:7->0 3:20:0->6 5:0:0->6 5:14:0->6 8:2:7->0 10:2:0->7 10:21:0->7 16:0:6->0 16:14:6->0 19:17:0->3 23:19:5->0,13,6->0:3 0->6:3 7->0:2 0->7:2 3->0:1 0->3:1 5->0:1,108,0:476 3:24 5:1 6:26 7:25,"(1, 0, 23, 22)",76,"(24, 23)",0:477 3:24 6:26 7:25,True,"(3, 0, 20, 22)",75,"(24, 23)",True,arc-gen
False,True,"(2, 7, 17, 14)",5,2:7:8->0 5:13:0->3 5:14:0->3 11:14:9->0 12:14:0->9 16:13:3->0 17:14:3->0,7,0->3:2 3->0:2 8->0:1 9->0:1 0->9:1,109,0:341 1:15 3:17 8:1 9:16,"(2, 0, 19, 14)",49,"(26, 15)",0:342 1:15 3:17 9:16,True,"(4, 0, 19, 14)",48,"(26, 15)",True,arc-gen
False,True,"(2, 11, 7, 13)",3,2:11:8->0 4:11:0->8 6:13:0->8 7:13:8->0,4,8->0:2 0->8:2,110,0:240 2:22 8:24,"(2, 0, 12, 21)",46,"(13, 22)",0:240 2:22 8:24,True,"(4, 0, 12, 21)",46,"(13, 22)",True,arc-gen
False,True,"(7, 2, 23, 13)",9,7:7:0->3 7:10:0->3 7:13:0->3 8:10:3->0 12:3:1->0 12:12:2->0 13:12:0->2 15:2:0->2 16:2:2->0 19:13:3->0 20:3:0->1 23:7:3->0,12,0->3:3 3->0:3 2->0:2 0->2:2 1->0:1 0->1:1,111,0:500 1:23 2:24 3:25,"(6, 0, 23, 21)",72,"(26, 22)",0:500 1:23 2:24 3:25,True,"(6, 0, 21, 21)",72,"(26, 22)",True,arc-gen
False,True,"(2, 0, 11, 10)",4,2:0:6->0 2:3:0->6 5:1:8->0 11:10:8->0,4,8->0:2 6->0:1 0->6:1,112,0:184 6:18 8:2,"(0, 0, 16, 10)",20,"(17, 12)",0:186 6:18,True,"(0, 3, 16, 4)",18,"(17, 12)",True,arc-gen
False,True,"(4, 1, 4, 12)",2,4:1:5->0 4:12:0->5,2,5->0:1 0->5:1,113,0:179 1:12 5:13,"(0, 1, 11, 13)",25,"(12, 17)",0:179 1:12 5:13,True,"(0, 6, 11, 13)",25,"(12, 17)",True,arc-gen
False,True,"(0, 0, 29, 21)",22,0:18:6->0 2:6:4->0 3:0:6->0 6:6:0->5 6:11:0->5 6:21:0->5 7:4:6->0 9:15:2->0 11:2:6->0 14:17:0->7 15:11:5->0 15:17:2->0 17:17:4->0 18:6:5->0 18:17:7->0 19:0:0->6 19:2:0->6 19:4:0->6 19:18:0->6 22:21:5->0 25:15:0->2 25:17:0->2 27:2:0->2 29:2:2->0,24,6->0:4 0->6:4 0->5:3 2->0:3 5->0:3 0->2:3 4->0:2 0->7:1 7->0:1,114,0:585 2:26 4:2 5:26 6:27 7:24,"(0, 0, 29, 22)",105,"(30, 23)",0:587 2:26 5:26 6:27 7:24,False,"(5, 0, 27, 22)",103,"(30, 23)",True,arc-gen
False,True,"(1, 0, 11, 17)",8,1:17:8->0 2:0:4->0 2:5:0->4 7:17:8->0 9:10:5->0 9:12:0->5 11:7:0->4 11:10:4->0,8,8->0:2 4->0:2 0->4:2 5->0:1 0->5:1,115,0:216 4:15 5:14 8:2,"(0, 0, 12, 17)",31,"(13, 19)",0:218 4:15 5:14,True,"(0, 5, 12, 13)",29,"(13, 19)",True,arc-gen
False,True,"(0, 0, 17, 28)",15,0:6:0->7 0:11:7->0 3:0:5->0 3:12:0->5 5:15:1->0 5:20:0->1 8:19:1->0 8:20:0->1 9:2:1->0 9:20:0->1 10:2:9->0 10:27:2->0 10:28:0->9 11:7:9->0 11:28:0->9 12:2:2->0 13:15:1->0 13:20:0->1 17:6:0->7 17:24:7->0,20,1->0:4 0->1:4 0->7:2 7->0:2 9->0:2 2->0:2 0->9:2 5->0:1 0->5:1,116,0:743 1:33 2:2 5:30 7:31 9:31,"(0, 0, 28, 29)",127,"(29, 30)",0:745 1:33 5:30 7:31 9:31,True,"(0, 5, 28, 29)",125,"(29, 30)",True,arc-gen
False,True,"(0, 3, 21, 28)",11,0:9:4->0 1:11:1->0 3:9:0->4 5:3:0->4 5:28:0->4 10:24:8->0 10:28:4->0 12:24:0->8 14:14:0->8 15:3:4->0 15:14:8->0 21:11:0->1,12,4->0:3 0->4:3 8->0:2 0->8:2 1->0:1 0->1:1,117,0:603 1:30 4:32 8:31,"(0, 0, 22, 28)",93,"(24, 29)",0:603 1:30 4:32 8:31,True,"(3, 0, 22, 28)",93,"(24, 29)",True,arc-gen
False,True,"(4, 9, 11, 11)",4,4:9:0->1 4:11:0->1 6:11:1->0 11:9:1->0,4,0->1:2 1->0:2,118,0:208 1:17 5:15 6:15,"(3, 0, 16, 14)",47,"(17, 15)",0:208 1:17 5:15 6:15,True,"(3, 0, 16, 14)",47,"(17, 15)",True,arc-gen
False,True,"(4, 3, 22, 16)",7,4:10:0->3 5:16:1->0 6:10:3->0 12:3:0->4 13:3:4->0 17:6:1->0 21:6:0->5 21:15:0->5 22:6:5->0 22:15:5->0,10,1->0:2 0->5:2 5->0:2 0->3:1 3->0:1 0->4:1 4->0:1,119,0:444 1:2 3:19 4:19 5:20,"(3, 0, 22, 17)",60,"(28, 18)",0:446 3:19 4:19 5:20,True,"(3, 0, 21, 17)",58,"(28, 18)",True,arc-gen
False,True,"(10, 2, 19, 21)",5,10:2:7->0 10:3:0->7 17:14:0->4 17:16:4->0 19:15:2->0 19:21:0->2,6,7->0:1 0->7:1 0->4:1 4->0:1 2->0:1 0->2:1,120,0:503 2:24 4:24 7:24,"(0, 2, 22, 22)",72,"(23, 25)",0:503 2:24 4:24 7:24,True,"(0, 3, 22, 22)",72,"(23, 25)",True,arc-gen
False,True,"(12, 0, 24, 19)",14,12:4:0->5 12:8:8->0 12:16:5->0 12:19:0->8 13:0:8->0 13:19:0->8 15:13:0->3 15:17:3->0 16:6:8->0 16:19:0->8 22:18:8->0 22:19:0->8 23:1:3->0 23:11:0->3 24:13:0->3 24:15:3->0,16,8->0:4 0->8:4 0->3:3 3->0:3 0->5:1 5->0:1,121,0:580 3:31 5:29 8:32,"(0, 0, 27, 20)",92,"(28, 24)",0:580 3:31 5:29 8:32,True,"(0, 3, 27, 20)",92,"(28, 24)",True,arc-gen
False,True,"(0, 5, 13, 19)",9,0:17:1->0 7:10:0->5 7:11:0->5 7:19:0->5 8:5:1->0 8:11:5->0 9:19:5->0 10:10:5->0 12:7:1->0 13:5:0->1 13:7:0->1 13:17:0->1,12,1->0:3 0->5:3 5->0:3 0->1:3,122,0:324 1:25 5:25,"(0, 0, 14, 21)",50,"(17, 22)",0:324 1:25 5:25,True,"(6, 0, 14, 21)",50,"(17, 22)",True,arc-gen
False,True,"(8, 12, 13, 19)",3,8:12:7->0 11:19:9->0 13:12:0->7,3,7->0:1 9->0:1 0->7:1,123,0:343 1:23 7:24 9:1,"(6, 0, 14, 22)",48,"(17, 23)",0:344 1:23 7:24,True,"(6, 0, 14, 22)",47,"(17, 23)",True,arc-gen
False,True,"(1, 2, 21, 13)",11,1:10:5->0 4:10:0->5 6:3:0->5 6:12:0->5 6:13:0->5 8:2:7->0 8:4:7->0 9:3:5->0 12:6:0->3 13:6:3->0 13:12:5->0 16:3:9->0 17:3:0->9 21:13:5->0,14,5->0:4 0->5:4 7->0:2 0->3:1 3->0:1 9->0:1 0->9:1,124,0:286 3:15 5:18 7:2 9:15,"(1, 0, 21, 13)",50,"(24, 14)",0:288 3:15 5:18 9:15,True,"(4, 0, 18, 13)",48,"(24, 14)",True,arc-gen
False,True,"(1, 2, 24, 11)",8,1:9:9->0 6:2:0->5 9:2:5->0 11:9:0->9 14:11:2->0 18:11:0->2 21:11:7->0 24:11:0->7,8,9->0:1 0->5:1 5->0:1 0->9:1 2->0:1 0->2:1 7->0:1 0->7:1,125,0:296 2:13 5:13 7:13 9:13,"(1, 0, 25, 11)",52,"(29, 12)",0:296 2:13 5:13 7:13 9:13,True,"(5, 0, 25, 11)",52,"(29, 12)",True,arc-gen
False,True,"(1, 1, 28, 22)",19,1:17:4->0 8:10:9->0 8:12:0->9 9:1:3->0 9:18:0->3 10:7:9->0 10:12:0->9 12:15:4->0 14:22:4->0 15:1:9->0 15:12:0->9 20:7:4->0 21:2:3->0 21:18:0->3 23:6:0->7 23:11:7->0 26:14:0->9 26:16:9->0 28:14:0->9 28:15:9->0,20,9->0:5 0->9:5 4->0:4 3->0:2 0->3:2 0->7:1 7->0:1,126,0:597 3:31 4:4 7:30 9:34,"(0, 1, 28, 22)",99,"(29, 24)",0:601 3:31 7:30 9:34,True,"(0, 5, 28, 19)",95,"(29, 24)",True,arc-gen
False,True,"(6, 4, 25, 17)",8,6:7:7->0 7:6:2->0 7:9:0->2 11:4:0->3 11:17:3->0 15:4:0->3 15:7:3->0 25:8:2->0 25:9:0->2,9,2->0:2 0->2:2 0->3:2 3->0:2 7->0:1,127,0:463 2:28 3:28 7:1 9:26,"(0, 3, 25, 19)",83,"(26, 21)",0:464 2:28 3:28 9:26,True,"(0, 3, 25, 19)",82,"(26, 21)",True,arc-gen
False,True,"(0, 1, 26, 17)",11,0:9:3->0 6:5:0->8 6:6:0->8 8:17:1->0 10:1:4->0 11:17:0->1 16:3:3->0 16:5:8->0 17:12:4->0 19:1:0->4 19:12:0->4 26:6:8->0,12,3->0:2 0->8:2 4->0:2 8->0:2 0->4:2 1->0:1 0->1:1,128,0:449 1:20 3:2 4:21 8:21,"(0, 0, 26, 18)",64,"(27, 19)",0:451 1:20 4:21 8:21,True,"(5, 0, 20, 18)",62,"(27, 19)",True,arc-gen
False,True,"(0, 7, 10, 9)",5,0:8:8->0 0:9:2->0 5:9:0->5 7:7:2->0 7:9:8->0 8:9:5->0 10:8:0->8 10:9:0->8,8,8->0:2 2->0:2 0->8:2 0->5:1 5->0:1,129,0:151 2:2 5:13 8:14,"(0, 0, 11, 11)",29,"(15, 12)",0:153 5:13 8:14,True,"(4, 0, 11, 11)",27,"(15, 12)",True,arc-gen
False,True,"(1, 0, 22, 25)",23,1:17:5->0 2:2:7->0 2:18:0->7 3:11:0->2 3:13:2->0 6:0:2->0 6:9:0->2 6:20:0->7 6:25:7->0 8:11:0->2 8:24:2->0 12:5:0->9 12:23:9->0 13:1:7->0 13:18:0->7 13:23:5->0 14:6:5->0 14:11:0->2 14:15:2->0 20:7:7->0 20:11:0->2 20:13:2->0 20:18:0->7 21:11:0->2 21:12:2->0 22:8:5->0,26,0->2:6 2->0:6 5->0:4 7->0:4 0->7:4 0->9:1 9->0:1,130,0:606 2:33 5:4 7:31 9:28,"(0, 0, 26, 25)",96,"(27, 26)",0:610 2:33 7:31 9:28,False,"(0, 4, 26, 20)",92,"(27, 26)",True,arc-gen
False,True,"(13, 2, 18, 11)",3,13:11:3->0 15:4:8->0 15:5:0->8 18:2:3->0,4,3->0:2 8->0:1 0->8:1,131,0:206 3:2 8:20,"(0, 2, 18, 11)",22,"(19, 12)",0:208 8:20,True,"(0, 5, 18, 6)",20,"(19, 12)",True,arc-gen
False,True,"(0, 0, 24, 16)",5,0:15:8->0 5:15:0->8 7:16:0->8 10:0:9->0 11:0:0->9 24:16:8->0,6,8->0:2 0->8:2 9->0:1 0->9:1,132,0:393 6:18 8:20 9:19,"(0, 0, 24, 17)",57,"(25, 18)",0:393 6:18 8:20 9:19,True,"(5, 0, 19, 17)",57,"(25, 18)",True,arc-gen
False,True,"(2, 1, 23, 21)",20,2:9:6->0 2:10:0->6 3:6:0->4 3:15:4->0 4:3:6->0 4:10:0->6 4:20:9->0 5:7:2->0 5:17:0->2 6:19:0->2 6:21:2->0 7:8:6->0 7:10:0->6 11:9:2->0 11:17:0->2 16:1:4->0 16:4:0->4 18:14:2->0 18:17:0->2 23:7:2->0 23:17:0->2,21,2->0:5 0->2:5 6->0:3 0->6:3 0->4:2 4->0:2 9->0:1,133,0:469 2:29 4:26 6:27 9:1,"(0, 1, 23, 21)",83,"(24, 23)",0:470 2:29 4:26 6:27,False,"(0, 4, 23, 19)",82,"(24, 23)",True,arc-gen
False,True,"(1, 1, 27, 24)",17,1:23:9->0 2:15:4->0 3:3:7->0 3:24:9->0 4:23:0->9 4:24:0->9 6:1:0->9 12:3:0->7 14:11:0->7 14:16:0->7 15:24:8->0 17:24:4->0 18:1:9->0 21:24:0->8 23:21:0->8 24:4:4->0 25:11:7->0 25:21:8->0 27:16:7->0,19,9->0:3 4->0:3 7->0:3 0->9:3 0->7:3 8->0:2 0->8:2,134,0:665 4:3 7:29 8:28 9:29,"(1, 0, 27, 25)",89,"(29, 26)",0:668 7:29 8:28 9:29,True,"(4, 0, 23, 25)",86,"(29, 26)",True,arc-gen
False,True,"(9, 6, 21, 10)",4,9:10:9->0 11:10:0->9 13:6:0->9 21:6:9->0,4,9->0:2 0->9:2,135,0:245 1:13 5:13 9:15,"(5, 0, 21, 12)",41,"(22, 13)",0:245 1:13 5:13 9:15,True,"(5, 0, 18, 12)",41,"(22, 13)",True,arc-gen
False,True,"(1, 0, 20, 18)",8,1:11:2->0 2:3:5->0 2:5:0->5 10:0:2->0 19:16:0->8 19:18:8->0 20:7:0->5 20:11:5->0,8,2->0:2 5->0:2 0->5:2 0->8:1 8->0:1,136,0:470 2:2 5:27 8:26,"(0, 0, 24, 18)",55,"(25, 21)",0:472 5:27 8:26,True,"(0, 5, 24, 16)",53,"(25, 21)",True,arc-gen
False,True,"(0, 0, 10, 23)",7,0:11:7->0 4:1:5->0 4:13:0->5 6:16:7->0 7:22:0->9 7:23:9->0 10:0:5->0 10:13:0->5,8,7->0:2 5->0:2 0->5:2 0->9:1 9->0:1,137,0:370 5:17 7:2 8:15 9:16,"(0, 0, 14, 23)",50,"(15, 28)",0:372 5:17 8:15 9:16,True,"(0, 5, 14, 22)",48,"(15, 28)",True,arc-gen
False,True,"(0, 0, 28, 29)",20,0:11:8->0 2:9:7->0 5:9:0->7 7:6:0->7 7:7:0->7 7:11:0->7 7:28:0->7 10:28:7->0 11:20:9->0 13:16:8->0 16:5:0->6 19:6:7->0 20:5:6->0 20:29:9->0 22:20:0->9 22:29:0->9 24:23:0->9 26:23:9->0 27:11:7->0 28:0:8->0 28:7:7->0,21,7->0:5 0->7:5 8->0:3 9->0:3 0->9:3 0->6:1 6->0:1,138,0:768 6:31 7:35 8:3 9:33,"(0, 0, 28, 29)",102,"(29, 30)",0:771 6:31 7:35 9:33,False,"(5, 0, 24, 29)",99,"(29, 30)",True,arc-gen
False,True,"(0, 1, 27, 24)",15,0:20:8->0 1:6:7->0 2:1:7->0 4:1:0->7 4:6:0->7 11:18:6->0 13:18:0->6 15:5:0->6 15:24:0->6 18:3:4->0 20:20:0->8 22:3:0->8 26:5:6->0 26:24:6->0 27:3:8->0,15,6->0:3 0->6:3 8->0:2 7->0:2 0->7:2 0->8:2 4->0:1,139,0:642 4:1 6:29 7:28 8:28,"(0, 0, 27, 25)",86,"(28, 26)",0:643 6:29 7:28 8:28,True,"(4, 0, 22, 25)",85,"(28, 26)",True,arc-gen
False,True,"(15, 0, 28, 10)",6,15:2:2->0 15:8:4->0 15:10:0->4 26:0:2->0 28:0:4->0 28:10:0->4,6,2->0:2 4->0:2 0->4:2,140,0:518 2:2 4:31 5:29 9:29,"(0, 0, 28, 17)",91,"(29, 21)",0:520 4:31 5:29 9:29,True,"(0, 4, 28, 17)",89,"(29, 21)",True,arc-gen
False,True,"(2, 0, 23, 29)",20,2:0:9->0 3:10:5->0 3:26:8->0 3:29:5->0 7:15:0->1 7:16:0->1 7:20:0->1 9:8:9->0 9:16:5->0 11:16:8->0 11:20:1->0 12:0:0->9 12:8:0->9 14:2:0->9 16:7:8->0 17:15:1->0 18:16:1->0 20:7:0->8 20:16:0->8 20:26:0->8 23:2:9->0,21,9->0:3 5->0:3 8->0:3 0->1:3 1->0:3 0->9:3 0->8:3,141,0:708 1:33 5:3 8:33 9:33,"(2, 0, 23, 29)",102,"(27, 30)",0:711 1:33 8:33 9:33,False,"(6, 0, 21, 29)",99,"(27, 30)",True,arc-gen
False,True,"(0, 3, 15, 21)",13,0:19:8->0 1:17:7->0 2:17:0->7 4:3:0->7 4:5:0->7 4:15:0->7 5:18:8->0 6:5:7->0 6:8:6->0 7:3:7->0 7:4:6->0 7:15:7->0 8:21:8->0 9:18:0->8 9:19:0->8 9:21:0->8 15:9:6->0,17,7->0:4 0->7:4 8->0:3 6->0:3 0->8:3,142,0:396 6:3 7:33 8:32,"(0, 0, 15, 28)",68,"(16, 29)",0:399 7:33 8:32,True,"(2, 0, 10, 28)",65,"(16, 29)",True,arc-gen
False,True,"(2, 0, 29, 10)",11,2:6:8->0 3:0:6->0 3:10:8->0 5:0:0->6 13:5:0->4 16:0:8->0 25:5:4->0 26:0:0->8 26:6:0->8 26:10:0->8 29:5:3->0,11,8->0:3 0->8:3 6->0:1 0->6:1 0->4:1 4->0:1 3->0:1,143,0:384 3:1 4:16 6:16 7:15 8:18,"(2, 0, 29, 14)",66,"(30, 15)",0:385 4:16 6:16 7:15 8:18,True,"(5, 0, 27, 14)",65,"(30, 15)",True,arc-gen
False,True,"(3, 6, 13, 6)",3,3:6:3->0 10:6:0->3 13:6:9->0,3,3->0:1 0->3:1 9->0:1,144,0:193 3:16 6:15 9:1,"(3, 0, 13, 14)",32,"(15, 15)",0:194 3:16 6:15,True,"(5, 0, 11, 14)",31,"(15, 15)",True,arc-gen
False,True,"(1, 5, 20, 27)",7,1:27:4->0 6:16:6->0 8:8:6->0 15:7:6->0 16:9:4->0 17:9:0->4 17:27:0->4 20:5:6->0,8,6->0:4 4->0:2 0->4:2,145,0:545 4:31 5:29 6:4 8:29,"(1, 0, 20, 28)",93,"(22, 29)",0:549 4:31 5:29 8:29,True,"(4, 0, 18, 28)",89,"(22, 29)",True,arc-gen
False,True,"(0, 0, 15, 23)",12,0:0:9->0 0:17:0->9 1:1:1->0 1:2:0->1 4:8:8->0 5:4:0->1 5:21:1->0 9:19:0->9 9:23:9->0 10:4:0->1 10:14:1->0 15:4:0->1 15:16:1->0,13,1->0:4 0->1:4 9->0:2 0->9:2 8->0:1,146,0:455 1:25 5:21 8:1 9:23,"(0, 0, 20, 23)",70,"(21, 25)",0:456 1:25 5:21 9:23,True,"(0, 2, 20, 19)",69,"(21, 25)",True,arc-gen
False,True,"(1, 2, 15, 18)",9,1:7:0->2 1:10:2->0 8:2:2->0 8:5:0->2 8:15:0->9 8:18:9->0 12:7:0->2 12:9:2->0 15:17:7->0,9,0->2:3 2->0:3 0->9:1 9->0:1 7->0:1,147,0:403 2:27 7:1 9:25,"(0, 2, 23, 18)",53,"(24, 19)",0:404 2:27 9:25,True,"(0, 5, 23, 15)",52,"(24, 19)",True,arc-gen
False,True,"(1, 1, 12, 26)",10,1:8:3->0 4:9:5->0 4:10:0->5 5:6:0->1 5:21:0->4 5:22:1->0 5:26:4->0 9:24:3->0 11:1:5->0 11:10:0->5 12:7:4->0 12:19:0->4,12,3->0:2 5->0:2 0->5:2 0->4:2 4->0:2 0->1:1 1->0:1,148,0:418 1:18 3:2 4:19 5:19,"(0, 1, 16, 26)",58,"(17, 28)",0:420 1:18 4:19 5:19,True,"(0, 5, 16, 21)",56,"(17, 28)",True,arc-gen
False,True,"(7, 0, 17, 23)",6,7:0:0->1 7:12:0->1 10:0:1->0 11:0:2->0 11:12:1->0 14:0:0->2 16:23:0->2 17:23:2->0,8,0->1:2 1->0:2 2->0:2 0->2:2,149,0:421 1:27 2:27,"(6, 0, 17, 24)",54,"(19, 25)",0:421 1:27 2:27,True,"(6, 0, 16, 24)",54,"(19, 25)",True,arc-gen
False,True,"(1, 0, 11, 12)",9,1:0:5->0 1:3:0->5 3:5:0->5 3:6:5->0 6:8:4->0 8:5:0->5 8:12:5->0 10:0:4->0 11:5:0->5 11:11:5->0,10,5->0:4 0->5:4 4->0:2,150,0:138 4:2 5:16,"(0, 0, 11, 12)",18,"(12, 13)",0:140 5:16,True,"(0, 3, 11, 5)",16,"(12, 13)",True,arc-gen
False,True,"(1, 2, 10, 19)",8,1:2:6->0 1:9:2->0 1:13:0->6 1:19:0->2 9:4:2->0 9:19:0->2 10:15:0->6 10:18:6->0,8,6->0:2 2->0:2 0->6:2 0->2:2,151,0:336 2:19 4:17 6:19,"(0, 2, 16, 20)",55,"(17, 23)",0:336 2:19 4:17 6:19,True,"(0, 6, 16, 20)",55,"(17, 23)",True,arc-gen
False,True,"(4, 0, 16, 28)",13,4:13:0->9 4:22:0->9 4:27:0->9 5:0:8->0 6:0:5->0 6:25:5->0 7:28:8->0 8:0:0->8 8:28:0->8 10:7:0->8 12:22:9->0 14:7:8->0 14:22:5->0 15:13:9->0 16:27:9->0,15,0->9:3 8->0:3 5->0:3 0->8:3 9->0:3,152,0:426 5:3 8:32 9:32,"(3, 0, 16, 28)",67,"(17, 29)",0:429 8:32 9:32,True,"(3, 0, 10, 28)",64,"(17, 29)",True,arc-gen
False,True,"(6, 11, 12, 11)",2,6:11:3->0 12:11:3->0,2,3->0:2,153,0:250 1:21 3:2,"(0, 6, 20, 11)",23,"(21, 13)",0:252 1:21,True,"(0, 6, 20, 6)",21,"(21, 13)",True,arc-gen
False,True,"(9, 1, 20, 4)",3,9:4:6->0 10:1:6->0 20:3:6->0,3,6->0:3,154,0:309 4:26 6:3,"(0, 1, 25, 6)",29,"(26, 13)",0:312 4:26,True,"(0, 6, 25, 6)",26,"(26, 13)",True,arc-gen
False,True,"(7, 0, 14, 12)",5,7:3:6->0 7:12:0->6 13:11:8->0 14:0:2->0 14:4:0->2,5,6->0:1 0->6:1 8->0:1 2->0:1 0->2:1,155,0:537 2:28 3:27 6:28 8:1,"(0, 0, 26, 20)",84,"(27, 23)",0:538 2:28 3:27 6:28,True,"(0, 4, 26, 20)",83,"(27, 23)",True,arc-gen
False,True,"(0, 0, 25, 14)",12,0:0:1->0 1:1:1->0 7:4:0->6 7:10:6->0 10:6:1->0 12:10:9->0 12:11:0->9 13:14:1->0 21:4:0->6 21:6:6->0 21:8:9->0 21:11:0->9 25:4:0->6 25:5:6->0,14,1->0:4 0->6:3 6->0:3 9->0:2 0->9:2,156,0:441 1:4 6:33 9:32,"(0, 0, 29, 14)",69,"(30, 17)",0:445 6:33 9:32,True,"(0, 3, 29, 12)",65,"(30, 17)",True,arc-gen
False,True,"(0, 0, 20, 15)",10,0:0:4->0 2:1:6->0 2:5:0->6 4:8:3->0 4:11:0->3 9:8:3->0 9:11:0->3 16:15:4->0 20:1:6->0 20:5:0->6,10,4->0:2 6->0:2 0->6:2 3->0:2 0->3:2,157,0:400 3:31 4:2 6:31,"(0, 0, 28, 15)",64,"(29, 16)",0:402 3:31 6:31,True,"(0, 5, 28, 12)",62,"(29, 16)",True,arc-gen
False,True,"(9, 3, 18, 13)",5,9:3:5->0 10:13:5->0 13:3:0->5 13:13:0->5 18:11:4->0,5,5->0:2 0->5:2 4->0:1,158,0:501 1:28 4:1 5:30,"(5, 0, 18, 27)",59,"(20, 28)",0:502 1:28 5:30,True,"(5, 0, 14, 27)",58,"(20, 28)",True,arc-gen
False,True,"(4, 0, 21, 25)",9,4:20:0->1 5:5:7->0 6:4:7->0 8:0:9->0 8:14:9->0 8:25:3->0 9:0:0->9 9:14:0->9 15:4:0->7 15:5:0->7 18:19:3->0 18:20:1->0 21:5:3->0,13,3->0:3 7->0:2 9->0:2 0->9:2 0->7:2 0->1:1 1->0:1,159,0:640 1:28 3:3 5:27 7:29 9:29,"(3, 0, 24, 26)",116,"(28, 27)",0:643 1:28 5:27 7:29 9:29,True,"(3, 0, 24, 26)",113,"(28, 27)",True,arc-gen
False,True,"(2, 4, 15, 11)",11,2:8:1->0 2:11:0->1 3:4:0->9 3:9:9->0 6:4:0->9 6:5:9->0 7:6:1->0 7:11:0->1 13:6:1->0 13:11:0->1 15:4:0->9 15:5:7->0 15:10:9->0,13,1->0:3 0->1:3 0->9:3 9->0:3 7->0:1,160,0:191 1:21 7:1 9:21,"(0, 3, 17, 12)",43,"(18, 13)",0:192 1:21 9:21,True,"(0, 3, 17, 12)",42,"(18, 13)",True,arc-gen
False,True,"(0, 0, 14, 18)",13,0:1:8->0 0:2:0->8 0:15:3->0 3:0:5->0 3:18:0->5 4:6:5->0 4:18:0->5 5:1:3->0 7:9:1->0 7:11:0->1 8:4:0->8 8:15:8->0 10:17:5->0 10:18:0->5 14:8:5->0 14:18:0->5,16,5->0:4 0->5:4 8->0:2 0->8:2 3->0:2 1->0:1 0->1:1,161,0:246 1:16 3:2 5:19 8:17,"(0, 0, 14, 19)",54,"(15, 20)",0:248 1:16 5:19 8:17,True,"(0, 2, 14, 19)",52,"(15, 20)",True,arc-gen
False,True,"(5, 3, 12, 13)",6,5:3:0->4 7:13:1->0 9:3:4->0 11:3:1->0 11:10:1->0 12:3:0->1 12:10:0->1 12:13:0->1,8,1->0:3 0->1:3 0->4:1 4->0:1,162,0:269 1:24 4:22,"(4, 0, 13, 20)",46,"(15, 21)",0:269 1:24 4:22,True,"(4, 0, 13, 20)",46,"(15, 21)",True,arc-gen
False,True,"(1, 0, 19, 14)",10,1:6:5->0 1:7:1->0 1:9:0->5 8:1:3->0 8:2:0->3 9:4:0->3 9:8:3->0 14:11:0->5 14:14:5->0 17:0:3->0 17:2:0->3 19:7:1->0,12,3->0:3 0->3:3 5->0:2 1->0:2 0->5:2,163,0:292 1:2 3:26 5:25,"(0, 0, 22, 14)",53,"(23, 15)",0:294 3:26 5:25,True,"(0, 2, 22, 11)",51,"(23, 15)",True,arc-gen
False,True,"(0, 0, 20, 22)",19,0:9:1->0 0:18:2->0 0:21:3->0 1:22:2->0 2:3:7->0 2:9:2->0 4:3:0->7 6:6:0->7 6:12:0->7 8:21:2->0 11:21:0->3 13:11:0->3 13:16:0->3 13:19:0->3 14:6:7->0 14:11:3->0 14:12:7->0 16:0:2->0 17:9:0->1 20:16:3->0 20:19:3->0,21,2->0:5 3->0:4 0->3:4 7->0:3 0->7:3 1->0:1 0->1:1,164,0:491 1:29 2:5 3:32 7:31,"(0, 0, 20, 27)",97,"(21, 28)",0:496 1:29 3:32 7:31,False,"(4, 0, 18, 27)",92,"(21, 28)",True,arc-gen
False,True,"(2, 7, 9, 25)",6,2:7:8->0 2:25:8->0 3:7:0->8 3:25:0->8 5:24:0->8 6:16:2->0 9:21:2->0 9:24:8->0,8,8->0:3 0->8:3 2->0:2,165,0:319 2:2 7:27 8:30,"(2, 0, 12, 26)",59,"(14, 27)",0:321 7:27 8:30,True,"(3, 0, 12, 26)",57,"(14, 27)",True,arc-gen
False,True,"(4, 6, 24, 18)",9,4:12:0->7 7:6:5->0 13:12:7->0 14:13:5->0 14:18:5->0 22:8:3->0 24:6:0->5 24:13:0->5 24:18:0->5,9,5->0:3 0->5:3 0->7:1 7->0:1 3->0:1,166,0:593 2:23 3:1 5:26 7:24 8:23,"(3, 0, 25, 22)",97,"(30, 23)",0:594 2:23 5:26 7:24 8:23,True,"(3, 0, 25, 22)",96,"(30, 23)",True,arc-gen
False,True,"(11, 0, 26, 11)",6,11:3:3->0 15:0:2->0 15:4:0->2 23:7:3->0 26:3:4->0 26:11:0->4,6,3->0:2 2->0:1 0->2:1 4->0:1 0->4:1,167,0:431 2:30 3:2 4:30,"(0, 0, 28, 12)",62,"(29, 17)",0:433 2:30 4:30,True,"(0, 4, 28, 12)",60,"(29, 17)",True,arc-gen
False,True,"(4, 4, 17, 11)",5,4:7:5->0 4:11:0->5 11:4:0->8 11:5:8->0 17:4:0->8 17:9:8->0,6,0->8:2 8->0:2 5->0:1 0->5:1,168,0:357 5:19 6:18 8:20,"(0, 3, 17, 20)",57,"(18, 23)",0:357 5:19 6:18 8:20,True,"(0, 3, 17, 20)",57,"(18, 23)",True,arc-gen
False,True,"(1, 0, 13, 26)",10,1:16:4->0 2:25:4->0 5:7:0->6 5:19:6->0 6:3:6->0 6:5:0->6 9:7:0->6 9:17:6->0 12:0:2->0 12:26:0->2 13:0:2->0 13:26:0->2,12,0->6:3 6->0:3 4->0:2 2->0:2 0->2:2,169,0:329 1:14 2:16 3:14 4:2 6:17,"(0, 0, 13, 27)",63,"(14, 28)",0:331 1:14 2:16 3:14 6:17,True,"(0, 5, 13, 27)",61,"(14, 28)",True,arc-gen
False,True,"(1, 2, 12, 22)",12,1:3:4->0 1:4:0->4 2:12:0->1 2:20:1->0 4:6:0->4 4:13:4->0 4:22:8->0 6:19:0->5 6:22:5->0 8:12:0->1 8:20:1->0 12:2:1->0 12:10:0->1,13,0->1:3 1->0:3 4->0:2 0->4:2 8->0:1 0->5:1 5->0:1,170,0:329 1:19 4:18 5:17 8:1,"(0, 2, 15, 22)",55,"(16, 24)",0:330 1:19 4:18 5:17,True,"(0, 4, 15, 19)",54,"(16, 24)",True,arc-gen
False,True,"(3, 2, 17, 13)",4,3:2:8->0 7:13:0->3 12:2:0->8 17:13:3->0,4,8->0:1 0->3:1 0->8:1 3->0:1,171,0:253 3:16 8:16,"(3, 0, 17, 14)",32,"(19, 15)",0:253 3:16 8:16,True,"(6, 0, 13, 14)",32,"(19, 15)",True,arc-gen
False,True,"(2, 1, 23, 13)",6,2:12:0->4 2:13:4->0 10:6:0->8 10:9:8->0 20:1:1->0 23:2:8->0 23:4:0->8,7,0->8:2 8->0:2 0->4:1 4->0:1 1->0:1,172,0:360 1:1 4:29 8:30,"(0, 1, 27, 13)",60,"(28, 15)",0:361 4:29 8:30,True,"(0, 4, 27, 12)",59,"(28, 15)",True,arc-gen
False,True,"(2, 1, 8, 12)",5,2:1:6->0 2:4:0->6 4:10:5->0 4:12:0->5 8:10:3->0,5,6->0:1 0->6:1 5->0:1 0->5:1 3->0:1,173,0:141 3:1 5:13 6:13,"(0, 1, 11, 13)",27,"(12, 14)",0:142 5:13 6:13,True,"(0, 4, 11, 13)",26,"(12, 14)",True,arc-gen
False,True,"(5, 1, 5, 2)",1,5:1:2->0 5:2:0->2,2,2->0:1 0->2:1,174,0:139 2:15 3:14,"(0, 1, 13, 10)",29,"(14, 12)",0:139 2:15 3:14,True,"(0, 2, 13, 10)",29,"(14, 12)",True,arc-gen
False,True,"(0, 0, 13, 27)",13,0:0:7->0 0:21:1->0 0:23:0->7 3:16:1->0 4:1:1->0 5:4:0->4 5:27:4->0 11:6:5->0 11:8:1->0 11:9:0->5 12:4:0->4 12:5:6->0 12:17:0->6 12:21:4->0 13:16:1->0,15,1->0:5 0->4:2 4->0:2 7->0:1 0->7:1 5->0:1 0->5:1 6->0:1 0->6:1,175,0:350 1:5 4:17 5:16 6:16 7:16,"(0, 0, 14, 27)",70,"(15, 28)",0:355 4:17 5:16 6:16 7:16,True,"(0, 3, 14, 24)",65,"(15, 28)",True,arc-gen
False,True,"(1, 3, 10, 18)",8,1:12:3->0 3:13:2->0 3:14:0->2 6:3:4->0 6:4:3->0 6:5:0->4 9:16:0->2 9:18:2->0 10:9:3->0 10:11:2->0 10:14:0->2,11,3->0:3 2->0:3 0->2:3 4->0:1 0->4:1,176,0:293 2:18 3:3 4:16,"(0, 3, 14, 18)",37,"(15, 22)",0:296 2:18 4:16,True,"(0, 5, 14, 16)",34,"(15, 22)",True,arc-gen
False,True,"(8, 2, 21, 15)",5,8:12:0->2 8:15:2->0 18:12:0->2 18:15:2->0 21:2:5->0,5,0->2:2 2->0:2 5->0:1,177,0:372 1:25 2:27 5:1,"(0, 2, 24, 15)",53,"(25, 17)",0:373 1:25 2:27,True,"(0, 4, 24, 12)",52,"(25, 17)",True,arc-gen
False,True,"(0, 4, 28, 27)",16,0:27:7->0 1:12:5->0 6:24:0->2 8:14:8->0 8:24:2->0 10:7:9->0 10:19:8->0 13:27:0->7 15:20:0->7 18:4:5->0 19:4:0->5 19:12:0->5 23:24:8->0 25:14:0->8 25:19:0->8 25:24:0->8 28:20:7->0,17,8->0:3 0->8:3 7->0:2 5->0:2 0->7:2 0->5:2 0->2:1 2->0:1 9->0:1,178,0:691 2:29 5:30 7:30 8:31 9:1,"(0, 0, 28, 27)",121,"(29, 28)",0:692 2:29 5:30 7:30 8:31,True,"(5, 0, 26, 27)",120,"(29, 28)",True,arc-gen
False,True,"(8, 6, 10, 10)",4,8:6:0->2 8:10:2->0 10:6:0->2 10:8:2->0,4,0->2:2 2->0:2,179,0:152 2:16 3:14,"(0, 5, 13, 12)",30,"(14, 13)",0:152 2:16 3:14,True,"(0, 5, 13, 12)",30,"(14, 13)",True,arc-gen
False,True,"(2, 3, 27, 14)",13,2:9:4->0 6:8:0->2 6:11:0->2 7:3:6->0 8:10:8->0 11:3:0->6 15:14:4->0 18:8:2->0 20:9:0->4 20:14:0->4 24:11:7->0 26:11:2->0 27:10:0->8,13,4->0:2 0->2:2 2->0:2 0->4:2 6->0:1 8->0:1 0->6:1 7->0:1 0->8:1,180,0:383 2:17 4:17 6:16 7:1 8:16,"(2, 0, 28, 14)",67,"(30, 15)",0:384 2:17 4:17 6:16 8:16,True,"(5, 0, 28, 14)",66,"(30, 15)",True,arc-gen
False,True,"(0, 3, 19, 18)",9,0:18:4->0 3:18:0->4 6:7:5->0 8:5:9->0 8:6:5->0 9:3:2->0 12:6:0->5 12:7:0->5 14:11:0->5 17:11:5->0 19:3:0->2,11,5->0:3 0->5:3 4->0:1 0->4:1 9->0:1 2->0:1 0->2:1,181,0:569 2:26 4:26 5:28 9:1,"(0, 0, 20, 24)",81,"(26, 25)",0:570 2:26 4:26 5:28,True,"(3, 0, 20, 24)",80,"(26, 25)",True,arc-gen
False,True,"(3, 1, 20, 12)",8,3:5:0->2 3:10:2->0 8:6:1->0 8:12:0->1 13:1:5->0 13:2:2->0 13:3:0->2 16:1:1->0 16:12:0->1 20:11:1->0 20:12:0->1,11,1->0:3 0->1:3 0->2:2 2->0:2 5->0:1,182,0:390 1:25 2:24 5:1,"(0, 1, 21, 13)",50,"(22, 20)",0:391 1:25 2:24,True,"(0, 3, 21, 13)",49,"(22, 20)",True,arc-gen
False,True,"(4, 3, 14, 3)",4,4:3:0->1 7:3:3->0 9:3:0->3 14:3:1->0,4,0->1:1 3->0:1 0->3:1 1->0:1,183,0:232 1:19 3:19,"(3, 0, 14, 17)",38,"(15, 18)",0:232 1:19 3:19,True,"(3, 0, 10, 17)",38,"(15, 18)",True,arc-gen
False,True,"(10, 14, 12, 14)",2,10:14:6->0 12:14:0->6,2,6->0:1 0->6:1,184,0:311 1:26 6:27,"(6, 0, 13, 25)",53,"(14, 26)",0:311 1:26 6:27,True,"(6, 0, 13, 25)",53,"(14, 26)",True,arc-gen
False,True,"(2, 2, 13, 19)",6,2:9:6->0 2:19:9->0 3:18:9->0 4:2:2->0 4:6:9->0 5:2:0->2 13:9:0->6,7,9->0:3 6->0:1 2->0:1 0->2:1 0->6:1,185,0:294 2:24 6:24 9:3,"(2, 0, 14, 22)",51,"(15, 23)",0:297 2:24 6:24,True,"(5, 0, 14, 22)",48,"(15, 23)",True,arc-gen
False,True,"(1, 0, 20, 10)",10,1:8:2->0 6:3:0->6 9:0:3->0 11:0:0->3 14:2:4->0 15:10:2->0 18:8:4->0 19:3:6->0 20:2:0->4 20:8:0->4,10,2->0:2 4->0:2 0->4:2 0->6:1 3->0:1 0->3:1 6->0:1,186,0:294 2:2 3:13 4:14 6:13,"(1, 0, 21, 11)",42,"(28, 12)",0:296 3:13 4:14 6:13,True,"(5, 0, 21, 11)",40,"(28, 12)",True,arc-gen
False,True,"(1, 5, 15, 26)",7,1:14:0->7 1:15:7->0 9:19:9->0 9:20:0->9 11:11:6->0 14:5:0->5 14:10:5->0 15:19:1->0 15:26:0->1,9,0->7:1 7->0:1 9->0:1 0->9:1 6->0:1 0->5:1 5->0:1 1->0:1 0->1:1,187,0:427 1:19 5:19 6:1 7:19 9:19,"(0, 4, 17, 27)",77,"(18, 28)",0:428 1:19 5:19 7:19 9:19,True,"(0, 4, 17, 27)",76,"(18, 28)",True,arc-gen
False,True,"(1, 0, 21, 12)",8,1:10:8->0 1:12:0->8 6:8:9->0 16:1:8->0 16:12:0->8 17:0:8->0 17:12:0->8 21:3:3->0 21:5:0->3,9,8->0:3 0->8:3 9->0:1 3->0:1 0->3:1,188,0:527 3:29 8:31 9:1,"(0, 0, 27, 13)",61,"(28, 21)",0:528 3:29 8:31,True,"(0, 5, 27, 13)",60,"(28, 21)",True,arc-gen
False,True,"(5, 1, 23, 18)",11,5:8:1->0 6:4:0->4 6:5:6->0 6:7:4->0 6:18:0->6 13:1:6->0 13:18:0->6 15:5:6->0 15:18:0->6 18:8:7->0 18:11:0->7 23:1:1->0,12,6->0:3 0->6:3 1->0:2 0->4:1 4->0:1 7->0:1 0->7:1,189,0:435 1:2 4:27 6:29 7:27,"(0, 1, 25, 19)",85,"(26, 20)",0:437 4:27 6:29 7:27,True,"(0, 3, 25, 19)",83,"(26, 20)",True,arc-gen
False,True,"(1, 0, 28, 18)",11,1:5:0->8 1:17:8->0 4:0:3->0 10:10:2->0 10:12:0->2 15:11:2->0 15:12:0->2 16:0:3->0 22:0:2->0 22:12:0->2 22:16:3->0 28:18:3->0,12,3->0:4 2->0:3 0->2:3 0->8:1 8->0:1,190,0:485 2:32 3:4 8:30,"(0, 0, 28, 18)",66,"(29, 19)",0:489 2:32 8:30,True,"(0, 4, 28, 13)",62,"(29, 19)",True,arc-gen
False,True,"(5, 1, 19, 26)",11,5:10:6->0 5:12:0->6 12:14:0->6 12:25:6->0 14:5:0->9 14:18:9->0 16:8:5->0 18:9:2->0 18:26:0->2 19:1:3->0 19:19:0->3,11,6->0:2 0->6:2 0->9:1 9->0:1 5->0:1 2->0:1 0->2:1 3->0:1 0->3:1,191,0:566 2:23 3:23 5:1 6:24 9:23,"(0, 1, 21, 27)",94,"(22, 30)",0:567 2:23 3:23 6:24 9:23,True,"(0, 4, 21, 27)",93,"(22, 30)",True,arc-gen
False,True,"(1, 0, 18, 15)",7,1:0:2->0 1:15:0->2 14:13:7->0 17:5:2->0 17:15:0->2 18:0:6->0 18:2:0->6,7,2->0:2 0->2:2 7->0:1 6->0:1 0->6:1,192,0:276 2:22 6:21 7:1 9:20,"(0, 0, 19, 16)",64,"(20, 17)",0:277 2:22 6:21 9:20,True,"(0, 2, 19, 16)",63,"(20, 17)",True,arc-gen
False,True,"(3, 0, 18, 12)",8,3:10:5->0 5:11:3->0 5:12:0->3 8:0:3->0 8:12:0->3 16:11:5->0 17:1:9->0 17:4:0->9 18:7:5->0,9,5->0:3 3->0:2 0->3:2 9->0:1 0->9:1,193,0:234 3:22 5:3 9:21,"(0, 0, 19, 13)",46,"(20, 14)",0:237 3:22 9:21,True,"(0, 4, 19, 13)",43,"(20, 14)",True,arc-gen
False,True,"(9, 5, 12, 7)",3,9:5:0->1 9:7:1->0 12:7:4->0,3,0->1:1 1->0:1 4->0:1,194,0:226 1:20 4:1 9:19,"(0, 4, 18, 12)",40,"(19, 14)",0:227 1:20 9:19,True,"(0, 4, 18, 12)",39,"(19, 14)",True,arc-gen
False,True,"(0, 0, 26, 23)",17,0:12:5->0 0:20:8->0 5:0:0->2 5:1:0->2 5:6:0->2 8:2:5->0 9:0:2->0 9:6:2->0 11:2:0->5 11:12:0->5 13:0:0->5 13:14:0->5 15:1:2->0 15:23:8->0 22:0:5->0 22:6:9->0 22:14:5->0 26:6:0->9,18,5->0:4 0->5:4 0->2:3 2->0:3 8->0:2 9->0:1 0->9:1,195,0:692 1:27 2:30 5:31 8:2 9:28,"(0, 0, 27, 26)",118,"(30, 27)",0:694 1:27 2:30 5:31 9:28,True,"(4, 0, 27, 26)",116,"(30, 27)",True,arc-gen
False,True,"(3, 0, 26, 25)",13,3:8:2->0 3:10:0->2 12:15:1->0 12:18:0->1 14:6:4->0 15:0:2->0 15:10:0->2 18:20:0->1 18:25:1->0 21:7:4->0 24:4:0->6 24:9:6->0 26:9:4->0,13,4->0:3 2->0:2 0->2:2 1->0:2 0->1:2 0->6:1 6->0:1,196,0:694 1:29 2:29 4:3 6:28 9:27,"(0, 0, 26, 27)",116,"(27, 30)",0:697 1:29 2:29 6:28 9:27,True,"(0, 3, 26, 27)",113,"(27, 30)",True,arc-gen
False,True,"(0, 2, 12, 17)",6,0:2:9->0 4:17:0->1 7:10:4->0 8:13:9->0 9:10:0->4 12:17:1->0,6,9->0:2 0->1:1 4->0:1 0->4:1 1->0:1,197,0:316 1:21 4:21 9:2,"(0, 0, 12, 19)",44,"(18, 20)",0:318 1:21 4:21,True,"(3, 0, 10, 19)",42,"(18, 20)",True,arc-gen
False,True,"(1, 3, 10, 12)",8,1:8:3->0 6:3:7->0 6:5:0->7 8:7:0->7 8:10:7->0 9:4:2->0 9:12:0->2 10:9:2->0 10:12:0->2,9,7->0:2 0->7:2 2->0:2 0->2:2 3->0:1,198,0:211 2:14 3:1 7:14,"(0, 3, 11, 13)",29,"(12, 20)",0:212 2:14 7:14,True,"(0, 5, 11, 13)",28,"(12, 20)",True,arc-gen
False,True,"(3, 2, 15, 11)",5,3:4:8->0 9:2:1->0 11:2:0->1 13:11:0->1 15:11:1->0,5,1->0:2 0->1:2 8->0:1,199,0:192 1:15 8:1 9:13,"(3, 0, 15, 12)",29,"(17, 13)",0:193 1:15 9:13,True,"(6, 0, 13, 12)",28,"(17, 13)",True,arc-gen
False,True,"(0, 0, 16, 16)",10,0:0:9->0 1:6:1->0 1:10:3->0 2:10:0->3 4:0:0->3 6:0:3->0 7:16:9->0 8:3:9->0 10:6:0->1 12:13:0->1 16:13:1->0,11,9->0:3 1->0:2 3->0:2 0->3:2 0->1:2,200,0:323 1:24 3:24 9:3,"(0, 0, 16, 21)",51,"(17, 22)",0:326 1:24 3:24,True,"(2, 0, 12, 21)",48,"(17, 22)",True,arc-gen
False,True,"(0, 1, 13, 27)",10,0:20:2->0 1:12:5->0 4:1:0->6 4:2:0->6 4:20:0->6 6:27:2->0 9:1:6->0 10:12:0->5 12:26:0->5 13:2:6->0 13:20:6->0 13:26:5->0,12,0->6:3 6->0:3 2->0:2 5->0:2 0->5:2,201,0:329 2:2 5:30 6:31,"(0, 0, 13, 27)",63,"(14, 28)",0:331 5:30 6:31,True,"(3, 0, 12, 27)",61,"(14, 28)",True,arc-gen
False,True,"(0, 1, 22, 18)",7,0:8:3->0 7:2:6->0 7:18:0->6 13:13:3->0 18:6:0->5 18:7:5->0 22:1:6->0 22:18:0->6,8,3->0:2 6->0:2 0->6:2 0->5:1 5->0:1,202,0:386 2:23 3:2 5:24 6:25,"(0, 1, 22, 19)",74,"(23, 20)",0:388 2:23 5:24 6:25,True,"(0, 5, 22, 19)",72,"(23, 20)",True,arc-gen
False,True,"(1, 3, 18, 19)",10,1:3:3->0 4:7:4->0 4:10:0->4 5:7:2->0 5:19:0->2 8:13:2->0 8:19:0->2 9:7:3->0 9:9:2->0 9:19:0->2 17:8:3->0 18:18:3->0,12,3->0:4 2->0:3 0->2:3 4->0:1 0->4:1,203,0:352 2:23 3:4 4:21 9:20,"(0, 3, 19, 20)",68,"(20, 21)",0:356 2:23 4:21 9:20,True,"(0, 5, 19, 20)",64,"(20, 21)",True,arc-gen
False,True,"(0, 2, 25, 26)",14,0:10:9->0 0:16:5->0 2:14:6->0 3:14:0->6 5:20:0->6 5:21:0->6 5:24:0->6 7:2:5->0 11:18:0->1 13:21:6->0 14:20:6->0 16:26:9->0 18:10:0->9 18:26:0->9 22:24:6->0 25:18:1->0,16,6->0:4 0->6:4 9->0:2 5->0:2 0->9:2 0->1:1 1->0:1,204,0:635 1:29 5:2 6:32 9:30,"(0, 0, 25, 27)",93,"(26, 28)",0:637 1:29 6:32 9:30,True,"(3, 0, 19, 27)",91,"(26, 28)",True,arc-gen
False,True,"(0, 5, 12, 6)",3,0:6:6->0 5:5:0->3 6:5:3->0 12:6:0->6,4,6->0:1 0->3:1 3->0:1 0->6:1,205,0:343 3:24 6:24,"(0, 0, 13, 22)",48,"(17, 23)",0:343 3:24 6:24,True,"(4, 0, 13, 22)",48,"(17, 23)",True,arc-gen
False,True,"(5, 0, 6, 9)",4,5:0:7->0 5:3:0->7 6:7:9->0 6:9:0->9,4,7->0:1 0->7:1 9->0:1 0->9:1,206,0:188 7:20 9:20,"(0, 0, 18, 10)",40,"(19, 12)",0:188 7:20 9:20,True,"(0, 3, 18, 10)",40,"(19, 12)",True,arc-gen
False,True,"(1, 0, 22, 11)",6,1:11:7->0 3:8:7->0 19:0:8->0 19:4:0->8 22:2:8->0 22:4:0->8,6,7->0:2 8->0:2 0->8:2,207,0:272 7:2 8:25,"(0, 0, 22, 11)",27,"(23, 13)",0:274 8:25,True,"(0, 4, 22, 5)",25,"(23, 13)",True,arc-gen
False,True,"(3, 4, 11, 25)",6,3:11:0->3 3:15:3->0 4:4:0->7 4:21:7->0 11:23:2->0 11:25:0->2,6,0->3:1 3->0:1 0->7:1 7->0:1 2->0:1 0->2:1,208,0:333 2:15 3:15 7:15 8:14,"(0, 3, 13, 26)",59,"(14, 28)",0:333 2:15 3:15 7:15 8:14,True,"(0, 3, 13, 26)",59,"(14, 28)",True,arc-gen
False,True,"(0, 9, 11, 13)",6,0:13:8->0 1:9:8->0 2:12:8->0 7:11:0->7 8:9:4->0 8:11:7->0 11:9:0->4,7,8->0:3 0->7:1 4->0:1 7->0:1 0->4:1,209,0:175 4:16 7:16 8:3,"(0, 0, 12, 14)",35,"(14, 15)",0:178 4:16 7:16,True,"(6, 0, 12, 14)",32,"(14, 15)",True,arc-gen
False,True,"(0, 2, 18, 20)",10,0:2:3->0 2:3:3->0 3:2:0->3 3:3:0->3 5:14:0->3 7:20:6->0 8:19:1->0 10:19:0->1 12:9:0->1 17:3:9->0 17:9:1->0 17:14:3->0 17:15:6->0 18:3:0->9,14,3->0:3 0->3:3 6->0:2 1->0:2 0->1:2 9->0:1 0->9:1,210,0:349 1:23 3:24 6:2 9:22,"(0, 0, 19, 20)",71,"(20, 21)",0:351 1:23 3:24 9:22,True,"(3, 0, 19, 20)",69,"(20, 21)",True,arc-gen
False,True,"(1, 2, 24, 15)",7,1:2:7->0 2:7:2->0 6:2:9->0 13:15:0->4 18:7:0->2 21:15:4->0 24:2:0->9,7,7->0:1 2->0:1 9->0:1 0->4:1 0->2:1 4->0:1 0->9:1,211,0:421 1:17 2:18 4:18 7:1 9:18,"(1, 0, 25, 16)",72,"(29, 17)",0:422 1:17 2:18 4:18 9:18,True,"(4, 0, 25, 16)",71,"(29, 17)",True,arc-gen
False,True,"(3, 1, 4, 10)",3,3:1:4->0 3:10:0->4 4:7:4->0 4:10:0->4,4,4->0:2 0->4:2,212,0:152 4:16 9:14,"(0, 1, 13, 11)",30,"(14, 13)",0:152 4:16 9:14,True,"(0, 5, 13, 11)",30,"(14, 13)",True,arc-gen
False,True,"(10, 5, 13, 13)",3,10:9:9->0 13:5:0->6 13:13:6->0,3,9->0:1 0->6:1 6->0:1,213,0:238 5:15 6:16 9:1,"(0, 4, 14, 13)",32,"(15, 18)",0:239 5:15 6:16,True,"(0, 4, 14, 11)",31,"(15, 18)",True,arc-gen
False,True,"(1, 2, 11, 17)",7,1:12:5->0 2:5:0->7 2:14:7->0 7:2:7->0 7:3:0->7 8:5:0->7 8:12:7->0 11:16:9->0 11:17:0->9,9,0->7:3 7->0:3 5->0:1 9->0:1 0->9:1,214,0:250 5:1 7:18 8:15 9:16,"(0, 2, 14, 18)",50,"(15, 20)",0:251 7:18 8:15 9:16,True,"(0, 3, 14, 18)",49,"(15, 20)",True,arc-gen
False,True,"(9, 1, 19, 16)",5,9:1:9->0 12:16:9->0 13:1:0->9 13:16:0->9 15:5:0->9 19:5:9->0,6,9->0:3 0->9:3,215,0:434 2:23 9:26,"(5, 0, 19, 22)",49,"(21, 23)",0:434 2:23 9:26,True,"(5, 0, 15, 22)",49,"(21, 23)",True,arc-gen
False,True,"(0, 1, 26, 25)",25,0:16:5->0 1:14:1->0 3:22:5->0 4:17:3->0 7:20:0->2 7:22:0->2 7:25:0->2 9:23:3->0 11:20:2->0 12:3:1->0 12:22:1->0 13:16:0->5 13:22:0->5 15:6:0->5 15:21:0->5 16:4:1->0 16:25:2->0 17:1:3->0 17:21:5->0 20:1:0->3 20:17:0->3 20:23:0->3 22:10:0->3 24:6:5->0 25:22:2->0 26:10:3->0,26,5->0:4 1->0:4 3->0:4 0->5:4 0->3:4 0->2:3 2->0:3,216,0:657 1:4 2:31 3:32 5:32,"(0, 0, 26, 27)",99,"(27, 28)",0:661 2:31 3:32 5:32,False,"(6, 0, 22, 27)",95,"(27, 28)",True,arc-gen
False,True,"(3, 1, 27, 20)",9,3:6:7->0 13:6:0->7 15:1:0->7 18:1:7->0 18:20:3->0 21:20:0->3 23:1:0->3 25:5:6->0 27:1:3->0,9,7->0:2 0->7:2 3->0:2 0->3:2 6->0:1,217,0:745 3:32 5:30 6:1 7:32,"(3, 0, 27, 29)",95,"(28, 30)",0:746 3:32 5:30 7:32,True,"(5, 0, 23, 29)",94,"(28, 30)",True,arc-gen
False,True,"(1, 1, 12, 17)",5,1:16:0->8 1:17:8->0 2:1:8->0 2:14:0->8 7:1:9->0 12:13:8->0 12:14:0->8,7,0->8:3 8->0:3 9->0:1,218,0:295 2:13 3:13 8:16 9:1,"(0, 1, 12, 24)",43,"(13, 26)",0:296 2:13 3:13 8:16,True,"(0, 6, 12, 24)",42,"(13, 26)",True,arc-gen
False,True,"(4, 5, 10, 26)",5,4:10:1->0 4:11:0->1 7:5:0->8 7:7:8->0 10:9:7->0 10:26:0->7,6,1->0:1 0->1:1 0->8:1 8->0:1 7->0:1 0->7:1,219,0:347 1:15 5:14 7:15 8:15,"(0, 4, 13, 27)",59,"(14, 29)",0:347 1:15 5:14 7:15 8:15,True,"(0, 4, 13, 27)",59,"(14, 29)",True,arc-gen
False,True,"(1, 5, 20, 14)",5,1:13:7->0 10:6:7->0 20:5:0->3 20:6:4->0 20:9:0->4 20:14:3->0,6,7->0:2 0->3:1 4->0:1 0->4:1 3->0:1,220,0:346 3:26 4:26 7:2,"(0, 4, 24, 14)",54,"(25, 16)",0:348 3:26 4:26,True,"(0, 4, 24, 10)",52,"(25, 16)",True,arc-gen
False,True,"(3, 0, 17, 11)",7,3:11:9->0 7:0:2->0 7:5:0->2 14:1:2->0 14:5:0->2 17:7:0->2 17:11:2->0,7,2->0:3 0->2:3 9->0:1,221,0:236 2:23 9:1,"(0, 0, 19, 11)",24,"(20, 13)",0:237 2:23,True,"(0, 5, 19, 7)",23,"(20, 13)",True,arc-gen
False,True,"(2, 0, 11, 15)",5,2:8:6->0 3:13:6->0 4:8:0->6 4:13:0->6 8:0:3->0 11:15:3->0,6,6->0:2 0->6:2 3->0:2,222,0:194 3:2 6:20,"(2, 0, 11, 17)",22,"(12, 18)",0:196 6:20,True,"(4, 0, 5, 17)",20,"(12, 18)",True,arc-gen
False,True,"(3, 0, 9, 19)",6,3:5:2->0 4:6:7->0 4:19:0->7 8:0:9->0 8:11:0->9 9:4:0->4 9:5:4->0,7,2->0:1 7->0:1 0->7:1 9->0:1 0->9:1 0->4:1 4->0:1,223,0:212 2:1 4:13 7:13 9:13,"(0, 0, 11, 20)",40,"(12, 21)",0:213 4:13 7:13 9:13,True,"(0, 3, 11, 20)",39,"(12, 21)",True,arc-gen
False,True,"(0, 2, 12, 20)",7,0:15:1->0 0:20:0->1 2:14:0->5 2:17:5->0 9:9:7->0 12:2:8->0 12:5:0->8,7,1->0:1 0->1:1 0->5:1 5->0:1 7->0:1 8->0:1 0->8:1,224,0:300 1:17 5:17 7:1 8:17,"(0, 2, 15, 21)",52,"(16, 22)",0:301 1:17 5:17 8:17,True,"(0, 5, 15, 21)",51,"(16, 22)",True,arc-gen
False,True,"(1, 0, 24, 24)",14,1:6:9->0 3:0:3->0 5:0:0->3 7:4:0->3 7:9:0->3 7:19:0->3 7:21:0->3 7:24:0->3 9:9:3->0 11:19:3->0 13:6:0->9 16:21:3->0 20:4:3->0 24:24:3->0,14,3->0:6 0->3:6 9->0:1 0->9:1,225,0:617 3:32 8:26 9:27,"(1, 0, 24, 25)",85,"(27, 26)",0:617 3:32 8:26 9:27,True,"(5, 0, 22, 25)",85,"(27, 26)",True,arc-gen
False,True,"(10, 7, 10, 7)",1,10:7:5->0,1,5->0:1,226,0:167 4:14 5:1,"(0, 5, 13, 7)",15,"(14, 13)",0:168 4:14,True,"(0, 5, 13, 5)",14,"(14, 13)",True,arc-gen
False,True,"(2, 0, 12, 15)",10,2:0:2->0 2:3:0->2 2:6:6->0 2:11:0->6 3:1:2->0 3:3:0->2 3:6:8->0 4:5:0->2 4:6:2->0 9:10:8->0 10:0:6->0 10:11:0->6 11:0:8->0 12:5:0->2 12:13:0->6 12:14:2->0 12:15:6->0,17,2->0:4 0->2:4 6->0:3 0->6:3 8->0:3,227,0:298 2:26 6:25 8:3,"(0, 0, 21, 15)",54,"(22, 16)",0:301 2:26 6:25,True,"(0, 3, 21, 13)",51,"(22, 16)",True,arc-gen
False,True,"(1, 0, 22, 20)",12,1:18:4->0 2:8:4->0 5:13:0->5 5:16:5->0 14:0:3->0 14:20:0->3 16:13:0->5 16:18:5->0 20:1:3->0 20:20:0->3 22:3:5->0 22:10:4->0 22:11:0->5,13,4->0:3 0->5:3 5->0:3 3->0:2 0->3:2,228,0:613 1:27 3:29 4:3 5:30,"(0, 0, 26, 21)",89,"(27, 26)",0:616 1:27 3:29 5:30,True,"(0, 6, 26, 21)",86,"(27, 26)",True,arc-gen
False,True,"(1, 6, 8, 27)",5,1:16:9->0 1:27:9->0 5:6:9->0 6:22:8->0 8:22:0->8,5,9->0:3 8->0:1 0->8:1,229,0:388 1:28 5:28 8:29 9:3,"(1, 0, 16, 27)",88,"(17, 28)",0:391 1:28 5:28 8:29,True,"(3, 0, 16, 27)",85,"(17, 28)",True,arc-gen
False,True,"(0, 1, 11, 4)",4,0:2:7->0 4:3:7->0 8:1:7->0 11:4:7->0,4,7->0:4,230,0:172 2:16 7:4,"(0, 1, 15, 6)",20,"(16, 12)",0:176 2:16,True,"(0, 6, 15, 6)",16,"(16, 12)",True,arc-gen
False,True,"(6, 0, 11, 23)",8,6:4:0->3 8:4:3->0 9:5:6->0 9:18:6->0 10:0:6->0 10:23:6->0 11:0:0->6 11:5:0->6 11:18:0->6 11:23:0->6,10,6->0:4 0->6:4 0->3:1 3->0:1,231,0:385 3:31 6:34,"(5, 0, 12, 29)",65,"(15, 30)",0:385 3:31 6:34,True,"(5, 0, 12, 29)",65,"(15, 30)",True,arc-gen
False,True,"(5, 0, 14, 10)",3,5:0:1->0 5:2:4->0 5:3:0->1 14:9:5->0 14:10:0->5,5,1->0:1 4->0:1 0->1:1 5->0:1 0->5:1,232,0:162 1:16 4:1 5:16,"(0, 0, 14, 11)",33,"(15, 13)",0:163 1:16 5:16,True,"(0, 3, 14, 11)",32,"(15, 13)",True,arc-gen
False,True,"(4, 2, 20, 12)",6,4:2:2->0 4:4:0->2 6:12:8->0 15:12:8->0 20:6:0->2 20:7:8->0 20:12:2->0,7,8->0:3 2->0:2 0->2:2,233,0:320 2:27 8:3,"(0, 2, 24, 12)",30,"(25, 14)",0:323 2:27,True,"(0, 4, 24, 6)",27,"(25, 14)",True,arc-gen
False,True,"(3, 1, 3, 3)",2,3:1:9->0 3:3:0->9,2,9->0:1 0->9:1,234,0:259 6:20 9:21,"(0, 1, 19, 13)",41,"(20, 15)",0:259 6:20 9:21,True,"(0, 3, 19, 13)",41,"(20, 15)",True,arc-gen
False,True,"(4, 0, 12, 17)",4,4:0:1->0 4:17:0->1 8:0:4->0 12:5:4->0,4,4->0:2 1->0:1 0->1:1,235,0:235 1:15 4:2 5:14 7:14,"(0, 0, 13, 18)",45,"(14, 20)",0:237 1:15 5:14 7:14,True,"(0, 3, 13, 18)",43,"(14, 20)",True,arc-gen
False,True,"(5, 1, 24, 17)",6,5:11:0->2 5:16:2->0 21:5:0->3 21:17:3->0 24:1:2->0 24:9:0->2,6,0->2:2 2->0:2 0->3:1 3->0:1,236,0:519 2:31 3:30 5:29,"(0, 1, 28, 19)",90,"(29, 21)",0:519 2:31 3:30 5:29,True,"(0, 4, 28, 19)",90,"(29, 21)",True,arc-gen
False,True,"(3, 0, 17, 13)",6,3:0:4->0 5:0:0->4 8:7:5->0 11:13:8->0 13:7:0->5 17:12:8->0,6,8->0:2 4->0:1 0->4:1 5->0:1 0->5:1,237,0:316 4:21 5:21 8:2,"(3, 0, 17, 19)",44,"(18, 20)",0:318 4:21 5:21,True,"(5, 0, 14, 19)",42,"(18, 20)",True,arc-gen
False,True,"(5, 0, 17, 10)",6,5:1:3->0 5:7:8->0 5:10:0->3 8:3:1->0 8:4:0->1 10:9:3->0 10:10:0->3 17:0:8->0,8,3->0:2 8->0:2 0->3:2 1->0:1 0->1:1,238,0:281 1:27 3:28 8:2,"(0, 0, 25, 11)",57,"(26, 13)",0:283 1:27 3:28,True,"(0, 4, 25, 11)",55,"(26, 13)",True,arc-gen
False,True,"(0, 0, 29, 12)",16,0:0:9->0 1:0:2->0 4:0:0->1 4:1:0->1 4:11:0->1 5:12:8->0 6:8:6->0 7:2:9->0 8:8:0->6 10:4:0->6 15:11:1->0 16:0:0->2 20:9:8->0 23:9:0->8 23:12:0->8 27:1:1->0 29:0:1->0 29:4:6->0,18,0->1:3 1->0:3 9->0:2 8->0:2 6->0:2 0->6:2 0->8:2 2->0:1 0->2:1,239,0:328 1:16 2:14 6:15 8:15 9:2,"(0, 0, 29, 12)",62,"(30, 13)",0:330 1:16 2:14 6:15 8:15,True,"(3, 0, 24, 12)",60,"(30, 13)",True,arc-gen
False,True,"(4, 1, 21, 10)",8,4:2:5->0 13:6:0->9 13:10:9->0 14:1:5->0 17:6:0->9 17:7:9->0 19:6:0->9 19:7:9->0 19:9:5->0 21:1:5->0,10,5->0:4 0->9:3 9->0:3,240,0:293 5:4 9:28,"(0, 1, 24, 10)",32,"(25, 13)",0:297 9:28,True,"(0, 5, 24, 6)",28,"(25, 13)",True,arc-gen
False,True,"(0, 1, 18, 12)",7,0:1:2->0 1:6:7->0 1:9:0->7 9:5:0->9 9:12:9->0 14:12:2->0 18:8:7->0 18:9:0->7,8,2->0:2 7->0:2 0->7:2 0->9:1 9->0:1,241,0:215 2:2 7:22 9:21,"(0, 1, 19, 12)",45,"(20, 13)",0:217 7:22 9:21,True,"(0, 4, 19, 10)",43,"(20, 13)",True,arc-gen
False,True,"(6, 0, 16, 23)",11,6:2:3->0 6:10:0->3 8:12:0->3 8:21:3->0 11:14:8->0 13:1:2->0 13:23:0->2 14:0:9->0 14:3:2->0 14:4:0->9 14:23:0->2 16:7:2->0 16:23:0->2,13,2->0:3 0->2:3 3->0:2 0->3:2 8->0:1 9->0:1 0->9:1,242,0:443 2:21 3:20 7:18 8:1 9:19,"(0, 0, 17, 24)",79,"(18, 29)",0:444 2:21 3:20 7:18 9:19,True,"(0, 4, 17, 24)",78,"(18, 29)",True,arc-gen
False,True,"(1, 2, 16, 12)",7,1:9:7->0 5:9:0->7 7:2:0->7 8:2:7->0 9:9:8->0 13:9:0->8 16:6:6->0 16:12:6->0,8,7->0:2 0->7:2 6->0:2 8->0:1 0->8:1,243,0:295 6:2 7:22 8:21,"(1, 0, 16, 19)",45,"(17, 20)",0:297 7:22 8:21,True,"(5, 0, 14, 19)",43,"(17, 20)",True,arc-gen
False,True,"(1, 8, 29, 28)",16,1:21:6->0 2:18:3->0 4:18:0->3 6:11:0->3 10:8:7->0 10:9:6->0 12:11:3->0 13:9:0->6 13:21:0->6 15:23:0->6 21:10:0->4 22:13:2->0 24:28:7->0 26:8:0->7 26:28:0->7 29:10:4->0 29:23:6->0,17,6->0:3 0->6:3 3->0:2 0->3:2 7->0:2 0->7:2 0->4:1 2->0:1 4->0:1,244,0:771 2:1 3:32 4:31 6:33 7:32,"(1, 0, 29, 29)",129,"(30, 30)",0:772 3:32 4:31 6:33 7:32,True,"(4, 0, 27, 29)",128,"(30, 30)",True,arc-gen
False,True,"(0, 1, 19, 19)",12,0:19:7->0 5:7:0->5 8:12:7->0 9:16:7->0 10:14:2->0 12:12:0->7 12:16:0->7 12:19:0->7 14:11:0->7 16:7:5->0 18:1:2->0 19:11:7->0,12,7->0:4 0->7:4 2->0:2 0->5:1 5->0:1,245,0:407 2:2 5:24 7:27,"(0, 0, 19, 22)",53,"(20, 23)",0:409 5:24 7:27,True,"(4, 0, 14, 22)",51,"(20, 23)",True,arc-gen
False,True,"(1, 2, 21, 23)",17,1:6:0->8 1:13:8->0 6:3:1->0 7:2:9->0 7:10:0->9 7:23:1->0 8:13:5->0 8:19:0->5 10:2:9->0 10:10:0->9 12:8:5->0 12:19:0->5 15:16:1->0 19:12:0->9 19:16:9->0 21:21:0->5 21:23:5->0,17,1->0:3 9->0:3 0->9:3 5->0:3 0->5:3 0->8:1 8->0:1,246,0:496 1:3 5:26 8:24 9:26,"(0, 2, 22, 23)",79,"(23, 25)",0:499 5:26 8:24 9:26,True,"(0, 5, 22, 21)",76,"(23, 25)",True,arc-gen
False,True,"(4, 0, 15, 16)",8,4:13:3->0 6:7:3->0 7:7:3->0 10:2:2->0 10:10:0->2 12:12:0->2 12:14:2->0 15:0:4->0 15:16:0->4,9,3->0:3 2->0:2 0->2:2 4->0:1 0->4:1,247,0:283 2:19 3:3 4:18 8:17,"(0, 0, 16, 17)",57,"(17, 20)",0:286 2:19 4:18 8:17,True,"(0, 5, 16, 17)",54,"(17, 20)",True,arc-gen
False,True,"(1, 4, 12, 9)",4,1:4:1->0 1:9:2->0 5:4:0->1 12:9:0->2,4,1->0:1 2->0:1 0->1:1 0->2:1,248,0:180 1:15 2:15,"(1, 0, 13, 13)",30,"(15, 14)",0:180 1:15 2:15,True,"(5, 0, 13, 13)",30,"(15, 14)",True,arc-gen
False,True,"(0, 1, 24, 27)",15,0:19:7->0 1:22:3->0 2:22:0->3 4:23:0->3 6:27:6->0 7:23:3->0 11:27:0->6 13:1:0->6 13:9:0->6 14:25:1->0 15:5:7->0 20:1:6->0 20:9:6->0 21:26:1->0 24:5:0->7 24:19:0->7,16,6->0:3 0->6:3 7->0:2 3->0:2 0->3:2 1->0:2 0->7:2,249,0:741 1:2 3:32 4:30 6:33 7:32,"(0, 0, 25, 29)",129,"(29, 30)",0:743 3:32 4:30 6:33 7:32,True,"(2, 0, 25, 29)",127,"(29, 30)",True,arc-gen
False,True,"(0, 4, 28, 20)",11,0:5:8->0 0:6:8->0 4:5:3->0 5:5:0->3 7:4:0->3 7:15:0->3 9:9:8->0 11:15:3->0 16:20:0->7 20:6:6->0 20:20:7->0 21:6:0->6 27:20:8->0 28:4:3->0,14,8->0:4 3->0:3 0->3:3 0->7:1 6->0:1 7->0:1 0->6:1,250,0:612 3:26 6:24 7:24 8:4,"(0, 0, 28, 22)",78,"(30, 23)",0:616 3:26 6:24 7:24,True,"(5, 0, 22, 22)",74,"(30, 23)",True,arc-gen
False,True,"(0, 0, 23, 16)",11,0:16:9->0 2:0:3->0 3:16:0->9 5:14:0->9 6:12:7->0 7:14:9->0 8:9:7->0 12:9:0->7 12:12:0->7 14:15:0->7 23:15:7->0,11,7->0:3 0->7:3 9->0:2 0->9:2 3->0:1,251,0:351 2:17 3:1 7:20 9:19,"(0, 0, 23, 16)",57,"(24, 17)",0:352 2:17 7:20 9:19,True,"(3, 0, 21, 16)",56,"(24, 17)",True,arc-gen
False,True,"(0, 4, 21, 17)",7,0:17:9->0 2:17:0->9 5:11:7->0 13:4:0->3 13:17:0->3 15:4:3->0 21:17:3->0,7,0->3:2 3->0:2 9->0:1 0->9:1 7->0:1,252,0:556 1:28 3:30 7:1 9:29,"(0, 0, 21, 27)",88,"(23, 28)",0:557 1:28 3:30 9:29,True,"(2, 0, 18, 27)",87,"(23, 28)",True,arc-gen
False,True,"(0, 0, 24, 28)",16,0:11:2->0 7:9:0->6 8:9:6->0 9:0:7->0 10:17:3->0 10:20:3->0 10:28:2->0 11:18:3->0 14:11:0->2 14:28:0->2 16:1:0->2 16:5:0->2 16:8:0->2 20:1:2->0 21:0:0->7 24:5:2->0 24:8:2->0,17,2->0:5 0->2:5 3->0:3 0->6:1 6->0:1 7->0:1 0->7:1,253,0:680 2:35 3:3 6:31 7:31,"(0, 0, 24, 29)",100,"(26, 30)",0:683 2:35 6:31 7:31,True,"(6, 0, 22, 29)",97,"(26, 30)",True,arc-gen
False,True,"(1, 4, 22, 16)",9,1:4:5->0 2:4:0->5 4:15:0->5 7:5:1->0 10:16:0->6 16:5:0->1 19:8:2->0 19:11:2->0 20:16:6->0 22:15:5->0,10,5->0:2 0->5:2 2->0:2 1->0:1 0->6:1 0->1:1 6->0:1,254,0:354 1:19 2:2 5:20 6:19,"(1, 0, 22, 17)",60,"(23, 18)",0:356 1:19 5:20 6:19,True,"(2, 0, 17, 17)",58,"(23, 18)",True,arc-gen
False,True,"(5, 4, 23, 17)",13,5:7:1->0 5:11:0->1 10:8:5->0 10:17:0->5 13:6:5->0 13:17:0->5 17:13:0->1 17:15:1->0 20:4:0->2 20:8:2->0 21:4:0->2 21:15:2->0 21:16:5->0 21:17:0->5 23:6:1->0 23:11:0->1,16,1->0:3 0->1:3 5->0:3 0->5:3 0->2:2 2->0:2,255,0:543 1:32 2:31 5:32,"(0, 3, 28, 18)",95,"(29, 22)",0:543 1:32 2:31 5:32,True,"(0, 3, 28, 18)",95,"(29, 22)",True,arc-gen
False,True,"(3, 1, 12, 14)",3,3:7:0->2 3:8:2->0 10:14:4->0 12:1:4->0,4,4->0:2 0->2:1 2->0:1,256,0:192 1:13 2:14 4:2,"(0, 1, 12, 14)",29,"(13, 17)",0:194 1:13 2:14,True,"(0, 6, 12, 12)",27,"(13, 17)",True,arc-gen
False,True,"(3, 2, 23, 3)",2,3:2:8->0 23:3:8->0,2,8->0:2,257,0:310 1:26 4:26 8:2,"(0, 2, 25, 11)",54,"(26, 14)",0:312 1:26 4:26,True,"(0, 5, 25, 11)",52,"(26, 14)",True,arc-gen
False,True,"(8, 1, 20, 21)",8,8:3:2->0 8:5:0->2 10:1:9->0 10:14:0->9 11:2:7->0 14:18:7->0 20:12:1->0 20:21:0->1,8,7->0:2 2->0:1 0->2:1 9->0:1 0->9:1 1->0:1 0->1:1,258,0:435 1:23 2:23 7:2 9:23,"(0, 1, 21, 22)",71,"(22, 23)",0:437 1:23 2:23 9:23,True,"(0, 5, 21, 22)",69,"(22, 23)",True,arc-gen
False,True,"(0, 6, 0, 19)",2,0:6:0->9 0:19:9->0,2,0->9:1 9->0:1,259,0:265 4:14 9:15,"(0, 5, 13, 19)",29,"(14, 21)",0:265 4:14 9:15,True,"(0, 5, 13, 13)",29,"(14, 21)",True,arc-gen
False,True,"(0, 1, 13, 23)",11,0:1:8->0 0:12:0->8 2:6:0->1 2:11:1->0 8:7:9->0 8:20:0->9 11:7:8->0 11:12:0->8 11:23:4->0 13:14:0->8 13:16:8->0,11,8->0:3 0->8:3 0->1:1 1->0:1 9->0:1 0->9:1 4->0:1,260,0:330 1:17 4:1 8:19 9:17,"(0, 1, 15, 23)",54,"(16, 24)",0:331 1:17 8:19 9:17,True,"(0, 5, 15, 21)",53,"(16, 24)",True,arc-gen
False,True,"(7, 5, 13, 11)",6,7:5:0->9 7:10:0->9 10:5:9->0 10:11:7->0 11:10:9->0 13:11:0->7,6,0->9:2 9->0:2 7->0:1 0->7:1,261,0:235 7:18 9:19,"(6, 0, 14, 16)",37,"(16, 17)",0:235 7:18 9:19,True,"(6, 0, 14, 16)",37,"(16, 17)",True,arc-gen
False,True,"(1, 0, 18, 26)",22,1:19:0->3 1:21:3->0 2:7:6->0 2:26:0->6 4:4:0->1 4:6:1->0 7:11:0->5 7:12:5->0 7:20:9->0 10:4:0->1 10:6:1->0 12:11:0->5 12:23:5->0 14:15:9->0 14:19:0->3 14:25:3->0 15:11:0->5 15:24:5->0 16:0:6->0 16:11:0->5 16:16:5->0 16:26:0->6 18:21:6->0 18:26:0->6,24,0->5:4 5->0:4 6->0:3 0->6:3 0->3:2 3->0:2 0->1:2 1->0:2 9->0:2,262,0:562 1:25 3:25 5:27 6:26 9:2,"(0, 0, 22, 27)",105,"(23, 29)",0:564 1:25 3:25 5:27 6:26,False,"(0, 3, 22, 27)",103,"(23, 29)",True,arc-gen
False,True,"(0, 1, 26, 23)",20,0:22:8->0 2:15:9->0 3:22:0->8 5:1:0->8 6:13:7->0 8:5:7->0 10:11:7->0 11:22:9->0 11:23:7->0 14:3:0->6 14:14:0->6 16:14:6->0 17:12:5->0 20:5:0->7 20:11:0->7 20:13:0->7 20:23:0->7 23:3:6->0 24:1:8->0 26:15:0->9 26:22:0->9,21,7->0:4 0->7:4 8->0:2 9->0:2 0->8:2 0->6:2 6->0:2 0->9:2 5->0:1,263,0:589 5:1 6:27 7:29 8:27 9:27,"(0, 0, 27, 24)",111,"(28, 25)",0:590 6:27 7:29 8:27 9:27,False,"(3, 0, 27, 24)",110,"(28, 25)",True,arc-gen
False,True,"(0, 6, 27, 18)",7,0:6:2->0 0:7:1->0 3:7:0->1 5:18:0->1 9:6:0->2 11:17:0->2 26:17:2->0 27:18:1->0,8,2->0:2 1->0:2 0->1:2 0->2:2,264,0:452 1:21 2:21 4:19 6:19,"(0, 0, 27, 18)",80,"(28, 19)",0:452 1:21 2:21 4:19 6:19,True,"(3, 0, 23, 18)",80,"(28, 19)",True,arc-gen
False,True,"(1, 0, 12, 11)",5,1:0:7->0 1:11:0->7 2:2:7->0 2:11:0->7 5:0:9->0 12:10:7->0 12:11:0->7,7,7->0:3 0->7:3 9->0:1,265,0:176 1:15 7:18 9:1,"(0, 0, 14, 12)",34,"(15, 14)",0:177 1:15 7:18,True,"(0, 6, 14, 12)",33,"(15, 14)",True,arc-gen
