task_id,route,baseline_cost,node_count,initializer_count,target_op_node_count,dominant_ops,recommended_bank,priority
286,sparse_edit_or_object_completion,110902,13,7,4,Reshape:2;Cast:2;MatMul:2;Gather:1;Sub:1;Mul:1;ReduceSum:1;Less:1,sparse_object,1
187,same_shape_global_transform,105313,87,14,24,Greater:24;And:17;Cast:15;MaxPool:14;Gather:10;Or:3;ReduceSum:1;LessOrEqual:1,sparse_object,2
198,same_shape_global_transform,103821,51,14,15,Mul:16;Slice:10;MaxPool:5;ReduceSum:4;Sub:4;Cast:3;Max:3;ReduceMax:2,sparse_object,3
366,crop_or_resize,99849,13,8,4,Reshape:2;Cast:2;MatMul:2;Gather:1;Sub:1;Mul:1;ReduceSum:1;Less:1,crop_resize,4
29,crop_or_resize,97117,88,15,12,Cast:12;Sub:12;Greater:9;Add:9;ArgMax:8;Mul:7;Gather:6;ReduceMax:5,crop_resize,5
133,sparse_edit_or_object_completion,93312,13,7,4,Reshape:2;Cast:2;MatMul:2;Gather:1;Sub:1;Mul:1;ReduceSum:1;Less:1,sparse_object,6
109,crop_or_resize,92303,13,8,4,Reshape:2;Cast:2;MatMul:2;Gather:1;Sub:1;Mul:1;ReduceSum:1;Less:1,crop_resize,7
204,sparse_edit_or_object_completion,92242,13,7,4,Reshape:2;Cast:2;MatMul:2;Gather:1;Sub:1;Mul:1;ReduceSum:1;Less:1,sparse_object,8
13,sparse_edit_or_object_completion,92022,13,7,4,Reshape:2;Cast:2;MatMul:2;Gather:1;Sub:1;Mul:1;ReduceSum:1;Less:1,sparse_object,9
216,crop_or_resize,91861,13,8,4,Reshape:2;Cast:2;MatMul:2;Gather:1;Sub:1;Mul:1;ReduceSum:1;Less:1,crop_resize,10
54,sparse_edit_or_object_completion,90855,13,7,4,Reshape:2;Cast:2;MatMul:2;Gather:1;Sub:1;Mul:1;ReduceSum:1;Less:1,sparse_object,11
280,sparse_edit_or_object_completion,90506,144,16,50,Where:32;And:22;MaxPool:15;Or:10;Not:7;Cast:6;Equal:6;Sub:6,sparse_object,12
159,crop_or_resize,89501,57,16,16,Gather:12;Pad:8;Cast:7;Add:6;Sub:4;Mul:4;Less:4;Where:4,crop_resize,13
128,sparse_edit_or_object_completion,89482,13,7,4,Reshape:2;Cast:2;MatMul:2;Gather:1;Sub:1;Mul:1;ReduceSum:1;Less:1,sparse_object,14
205,crop_or_resize,89266,13,8,4,Reshape:2;Cast:2;MatMul:2;Gather:1;Sub:1;Mul:1;ReduceSum:1;Less:1,crop_resize,15
203,sparse_edit_or_object_completion,88402,36,15,7,Unsqueeze:5;Cast:4;ReduceSum:3;Squeeze:3;Where:3;And:3;ReduceMax:2;Gather:2,sparse_object,16
110,same_shape_global_transform,87213,13,7,4,Reshape:2;Cast:2;MatMul:2;Gather:1;Sub:1;Mul:1;ReduceSum:1;Less:1,sparse_object,17
201,crop_or_resize,86868,13,8,4,Reshape:2;Cast:2;MatMul:2;Gather:1;Sub:1;Mul:1;ReduceSum:1;Less:1,crop_resize,18
396,crop_or_resize,86741,13,8,4,Reshape:2;Cast:2;MatMul:2;Gather:1;Sub:1;Mul:1;ReduceSum:1;Less:1,crop_resize,19
382,sparse_edit_or_object_completion,86049,13,7,4,Reshape:2;Cast:2;MatMul:2;Gather:1;Sub:1;Mul:1;ReduceSum:1;Less:1,sparse_object,20
239,crop_or_resize,85612,13,8,4,Reshape:2;Cast:2;MatMul:2;Gather:1;Sub:1;Mul:1;ReduceSum:1;Less:1,crop_resize,21
2,sparse_edit_or_object_completion,84626,13,7,4,Reshape:2;Cast:2;MatMul:2;Gather:1;Sub:1;Mul:1;ReduceSum:1;Less:1,sparse_object,22
398,crop_or_resize,84295,44,26,13,And:7;Slice:6;Where:6;Equal:5;Add:4;Or:4;Cast:3;Less:2,crop_resize,23
275,crop_or_resize,83879,253,26,79,Gather:63;Reshape:52;Sum:28;Mul:24;MatMul:16;Transpose:16;Pad:13;ReduceSum:10,crop_resize,24
313,sparse_edit_or_object_completion,83572,34,12,4,Add:5;Cast:4;ReduceMax:4;Sub:4;Mul:4;Greater:2;ReduceMin:2;Where:2,sparse_object,25
158,sparse_edit_or_object_completion,81918,13,7,4,Reshape:2;Cast:2;MatMul:2;Gather:1;Sub:1;Mul:1;ReduceSum:1;Less:1,sparse_object,26
234,sparse_edit_or_object_completion,81703,58,14,13,Where:12;Greater:7;ReduceSum:6;Sub:5;Cast:4;ReduceMin:4;ReduceMax:4;Add:4,sparse_object,27
19,crop_or_resize,81346,32,13,8,Cast:4;ReduceSum:4;Add:3;ReduceMax:2;Mod:2;Less:2;Where:2;Gather:2,crop_resize,28
9,sparse_edit_or_object_completion,81241,22,6,4,MatMul:4;Greater:4;Cast:2;And:2;Transpose:2;GatherND:1;Reshape:1;Or:1,sparse_object,29
285,sparse_edit_or_object_completion,81220,13,7,4,Reshape:2;Cast:2;MatMul:2;Gather:1;Sub:1;Mul:1;ReduceSum:1;Less:1,sparse_object,30
303,sparse_edit_or_object_completion,80710,8,4,3,Conv:3;ReduceMax:3;Sum:1;Mul:1,sparse_object,31
383,sparse_edit_or_object_completion,80650,13,7,4,Reshape:2;Cast:2;MatMul:2;Gather:1;Sub:1;Mul:1;ReduceSum:1;Less:1,sparse_object,32
34,sparse_edit_or_object_completion,80368,13,7,4,Reshape:2;Cast:2;MatMul:2;Gather:1;Sub:1;Mul:1;ReduceSum:1;Less:1,sparse_object,33
202,sparse_edit_or_object_completion,80176,13,7,4,Reshape:2;Cast:2;MatMul:2;Gather:1;Sub:1;Mul:1;ReduceSum:1;Less:1,sparse_object,34
36,crop_or_resize,79962,56,17,11,Gather:8;Add:8;Sub:7;Reshape:6;Cast:5;ArgMax:5;Mul:4;Less:4,crop_resize,35
157,sparse_edit_or_object_completion,79930,28,18,6,Mul:5;Cast:4;Gather:3;Less:3;ReduceSum:2;Reshape:2;MatMul:2;Pad:2,sparse_object,36
5,sparse_edit_or_object_completion,79847,13,7,4,Reshape:2;Cast:2;MatMul:2;Gather:1;Sub:1;Mul:1;ReduceSum:1;Less:1,sparse_object,37
281,sparse_edit_or_object_completion,79812,13,7,4,Reshape:2;Cast:2;MatMul:2;Gather:1;Sub:1;Mul:1;ReduceSum:1;Less:1,sparse_object,38
264,crop_or_resize,79536,47,17,3,Cast:10;Equal:10;Mul:10;ReduceSum:9;Conv:2;Where:1;ReduceMax:1;Sum:1,crop_resize,39
69,sparse_edit_or_object_completion,79246,13,7,4,Reshape:2;Cast:2;MatMul:2;Gather:1;Sub:1;Mul:1;ReduceSum:1;Less:1,sparse_object,40
18,sparse_edit_or_object_completion,79207,13,7,4,Reshape:2;Cast:2;MatMul:2;Gather:1;Sub:1;Mul:1;ReduceSum:1;Less:1,sparse_object,41
358,sparse_edit_or_object_completion,78978,13,7,4,Reshape:2;Cast:2;MatMul:2;Gather:1;Sub:1;Mul:1;ReduceSum:1;Less:1,sparse_object,42
85,sparse_edit_or_object_completion,78662,13,7,4,Reshape:2;Cast:2;MatMul:2;Gather:1;Sub:1;Mul:1;ReduceSum:1;Less:1,sparse_object,43
170,crop_or_resize,78564,681,33,163,Concat:135;Mul:112;Where:93;Slice:66;Add:58;Sum:46;Sub:37;Cast:32,crop_resize,44
284,sparse_edit_or_object_completion,78555,13,7,4,Reshape:2;Cast:2;MatMul:2;Gather:1;Sub:1;Mul:1;ReduceSum:1;Less:1,sparse_object,45
364,sparse_edit_or_object_completion,77859,63,23,32,Where:12;MaxPool:10;And:7;Slice:6;Pad:5;Greater:4;Sum:3;Equal:3,sparse_object,46
300,crop_or_resize,77546,43,14,7,Reshape:6;Sub:5;ArgMax:5;Gather:5;Add:5;Cast:4;Less:4;Mul:3,crop_resize,47
64,sparse_edit_or_object_completion,77502,13,7,4,Reshape:2;Cast:2;MatMul:2;Gather:1;Sub:1;Mul:1;ReduceSum:1;Less:1,sparse_object,48
370,sparse_edit_or_object_completion,77380,13,7,4,Reshape:2;Cast:2;MatMul:2;Gather:1;Sub:1;Mul:1;ReduceSum:1;Less:1,sparse_object,49
208,sparse_edit_or_object_completion,76717,13,7,4,Reshape:2;Cast:2;MatMul:2;Gather:1;Sub:1;Mul:1;ReduceSum:1;Less:1,sparse_object,50
251,sparse_edit_or_object_completion,76717,13,7,4,Reshape:2;Cast:2;MatMul:2;Gather:1;Sub:1;Mul:1;ReduceSum:1;Less:1,sparse_object,51
25,sparse_edit_or_object_completion,76682,13,7,4,Reshape:2;Cast:2;MatMul:2;Gather:1;Sub:1;Mul:1;ReduceSum:1;Less:1,sparse_object,52
77,sparse_edit_or_object_completion,76589,13,7,4,Reshape:2;Cast:2;MatMul:2;Gather:1;Sub:1;Mul:1;ReduceSum:1;Less:1,sparse_object,53
71,sparse_edit_or_object_completion,76482,13,7,4,Reshape:2;Cast:2;MatMul:2;Gather:1;Sub:1;Mul:1;ReduceSum:1;Less:1,sparse_object,54
173,sparse_edit_or_object_completion,76356,13,7,4,Reshape:2;Cast:2;MatMul:2;Gather:1;Sub:1;Mul:1;ReduceSum:1;Less:1,sparse_object,55
20,sparse_edit_or_object_completion,75134,13,7,4,Reshape:2;Cast:2;MatMul:2;Gather:1;Sub:1;Mul:1;ReduceSum:1;Less:1,sparse_object,56
126,sparse_edit_or_object_completion,74727,13,7,4,Reshape:2;Cast:2;MatMul:2;Gather:1;Sub:1;Mul:1;ReduceSum:1;Less:1,sparse_object,57
384,crop_or_resize,74722,39,13,7,Cast:5;Reshape:4;ArgMax:4;Gather:4;Sub:4;Add:4;Less:4;Mul:4,crop_resize,58
255,same_shape_global_transform,74403,115,30,25,Gather:22;Less:21;Reshape:20;And:16;Sub:11;Add:10;Or:4;Cast:3,sparse_object,59
191,sparse_edit_or_object_completion,73993,36,18,11,Gather:7;Cast:6;Equal:3;ArgMax:3;ScatterElements:3;Unsqueeze:2;Reshape:2;ReduceMax:2,sparse_object,60
107,crop_or_resize,73131,52,30,28,Where:19;Gather:9;Less:7;Sub:4;Mul:4;Squeeze:4;ReduceSum:2;Cast:1,crop_resize,61
88,crop_or_resize,72766,48,20,7,Sub:7;ReduceMax:6;Add:6;Mul:5;Where:5;Reshape:4;Cast:3;Greater:2,crop_resize,62
379,sparse_edit_or_object_completion,72499,107,29,28,Greater:16;Where:16;Sub:13;Mul:11;ReduceSum:9;Cast:7;MaxPool:6;Sum:6,sparse_object,63
137,same_shape_global_transform,72472,36,9,1,Cast:7;ReduceSum:5;Sub:4;Mul:4;Div:4;And:3;Equal:2;Abs:2,sparse_object,64
340,sparse_edit_or_object_completion,70342,72,25,15,Where:11;Cast:10;ReduceSum:8;Equal:8;Sub:7;Greater:6;Mul:6;Slice:4,sparse_object,65
145,same_shape_global_transform,69757,325,34,63,Sum:120;Mul:120;Gather:62;Concat:5;Cast:4;Sub:4;And:3;Equal:2,sparse_object,66
51,sparse_edit_or_object_completion,68437,58,12,5,And:10;ReduceMax:7;Unsqueeze:7;Equal:7;ArgMax:6;Slice:4;Greater:4;Or:3,sparse_object,67
328,sparse_edit_or_object_completion,68053,102,20,10,And:21;Or:12;Cast:10;Greater:10;Where:8;Less:5;Equal:4;GatherND:4,sparse_object,68
243,sparse_edit_or_object_completion,67878,27,17,7,Gather:5;Cast:3;Reshape:2;Div:2;Floor:2;Mul:2;Sub:2;ReduceSum:1,sparse_object,69
165,sparse_edit_or_object_completion,67524,25,15,8,Cast:5;Conv:3;Reshape:3;Mul:3;Slice:2;Greater:2;ReduceMax:2;Sub:2,sparse_object,70
209,crop_or_resize,67337,21,12,6,Gather:4;ArgMax:2;Cast:2;Equal:2;Add:2;Less:2;GatherND:1;Unsqueeze:1,crop_resize,71
11,sparse_edit_or_object_completion,66247,52,22,20,Mul:18;Slice:10;Conv:10;ReduceMax:9;Cast:1;Sub:1;Relu:1;Sum:1,sparse_object,72
70,sparse_edit_or_object_completion,66138,71,16,22,Conv:20;Greater:20;Cast:19;Mul:3;Slice:2;ReduceMax:2;And:2;Pad:2,sparse_object,73
101,sparse_edit_or_object_completion,65875,31,16,8,Cast:6;Slice:3;Concat:2;Unsqueeze:2;Equal:2;Reshape:2;ArgMax:2;Gather:2,sparse_object,74
301,sparse_edit_or_object_completion,64988,48,11,5,Cast:10;ReduceSum:4;Greater:4;Less:4;ReduceMax:3;Unsqueeze:3;And:3;Not:2,sparse_object,75
161,sparse_edit_or_object_completion,64647,39,11,3,Greater:7;And:7;Cast:5;ReduceMax:5;Slice:3;ArgMax:2;Expand:2;GatherElements:2,sparse_object,76
306,sparse_edit_or_object_completion,64444,33,33,16,Slice:14;Or:5;Concat:3;Greater:2;Tile:2;Pad:2;And:2;Cast:1,sparse_object,77
238,crop_or_resize,64372,102,40,37,Where:29;Mul:19;Sum:12;ReduceMax:9;Gather:8;ArgMax:4;Add:4;ReduceSum:3,crop_resize,78
37,sparse_edit_or_object_completion,63726,27,13,8,Relu:7;Conv:6;Mul:5;Slice:2;Cast:1;Sum:1;ReduceMax:1;Sub:1,sparse_object,79
387,sparse_edit_or_object_completion,63558,125,25,42,Where:34;Equal:28;Add:13;Sub:9;Greater:5;Cast:4;ReduceMax:4;Tile:4,sparse_object,80
233,crop_or_resize,63540,25,16,7,Cast:5;Gather:4;Less:3;Reshape:2;ReduceSum:1;MatMul:1;Unsqueeze:1;Equal:1,crop_resize,81
90,sparse_edit_or_object_completion,63354,246,41,30,Relu:50;Mul:46;ConvTranspose:46;Conv:28;Sum:25;ReduceMax:23;Sub:23;Cast:1,sparse_object,82
162,sparse_edit_or_object_completion,63291,19,11,8,Conv:5;Sub:3;Cast:2;Greater:2;Where:2;Mul:2;Pad:1;Slice:1,sparse_object,83
377,crop_or_resize,61924,197,13,22,Cast:28;Reshape:23;Less:22;Where:20;Not:20;ReduceMax:18;And:17;Min:13,crop_resize,84
206,sparse_edit_or_object_completion,61387,39,15,9,Where:8;Cast:4;Sub:4;Equal:3;Add:3;Greater:2;Not:2;ReduceMin:2,sparse_object,85
177,crop_or_resize,61194,33,16,7,ReduceMax:5;Where:5;Reshape:4;Sub:3;Cast:2;Greater:2;ReduceMin:2;Add:2,crop_resize,86
118,sparse_edit_or_object_completion,60026,19,10,3,Cast:4;Equal:4;Reshape:2;Unsqueeze:2;Where:2;GatherND:1;ReduceMin:1;ReduceSum:1,sparse_object,87
185,crop_or_resize,59584,242,19,32,Equal:64;And:45;Gather:23;Cast:20;Not:20;ReduceSum:19;Unsqueeze:19;Where:9,crop_resize,88
112,sparse_edit_or_object_completion,59270,44,18,10,Mul:6;Sub:6;Cast:5;Slice:5;Less:4;Max:3;Gather:3;ReduceMax:2,sparse_object,89
330,sparse_edit_or_object_completion,59024,21,12,15,Where:7;MaxPool:4;Slice:2;Greater:1;Neg:1;Cast:1;Unsqueeze:1;ScatterND:1,sparse_object,90
365,crop_or_resize,58814,234,12,27,Cast:51;Less:30;Gather:25;Add:16;Unsqueeze:14;ReduceMax:12;Squeeze:11;ReduceSum:11,crop_resize,91
222,crop_or_resize,58035,21,11,4,Cast:3;Greater:3;ReduceSum:3;Mul:3;Conv:2;Sum:2;Slice:1;ReduceMax:1,crop_resize,92
221,crop_or_resize,55869,28,26,13,Where:10;Equal:5;Slice:3;Cast:3;ReduceSum:2;Sum:2;ConvTranspose:1;Sub:1,crop_resize,93
97,sparse_edit_or_object_completion,55812,14,1,3,Cast:4;Sub:2;Greater:2;ReduceSum:1;Slice:1;Conv:1;Constant:1;Concat:1,sparse_object,94
33,sparse_edit_or_object_completion,55161,16,6,6,Gather:5;Cast:3;Mul:2;ReduceSum:1;Pad:1;Sub:1;ReduceMax:1;Greater:1,sparse_object,95
4,sparse_edit_or_object_completion,55020,4,4,2,Conv:2;Cast:1;Relu:1,sparse_object,96
363,sparse_edit_or_object_completion,54241,26,18,5,Concat:4;Slice:3;Sub:3;Mul:3;MatMul:2;Div:2;Floor:2;Flatten:1,sparse_object,97
193,sparse_edit_or_object_completion,53661,14,12,7,Conv:4;Cast:2;Greater:2;Where:2;Slice:1;Mul:1;Sum:1;Pad:1,sparse_object,98
174,crop_or_resize,52019,790,24,155,Gather:100;Sub:74;Mul:73;Less:64;Unsqueeze:54;Where:54;Cast:46;Equal:45,crop_resize,99
192,sparse_edit_or_object_completion,51968,17,10,2,Cast:5;ReduceSum:2;Greater:2;Conv:1;ConvTranspose:1;Slice:1;ArgMax:1;Equal:1,sparse_object,100
