task_id,baseline_cost,new_cost,baseline_points,new_points,baseline_bytes,new_bytes,optimizer_level,status,reason
1,2843,2843,17.047384888349,17.047384888349,1319,1319,none,unchanged,extended: custom domain com.microsoft.nchwc
2,97293,97293,13.514517676859928,13.514517676859928,13796,13796,none,unchanged,extended: custom domain com.microsoft.nchwc
3,9102,9102,15.883750551423413,15.883750551423413,3638,3638,none,unchanged,extended: custom domain com.microsoft.nchwc
4,55020,55020,14.084547965521434,14.084547965521434,2666,2666,none,unchanged,extended: custom domain com.microsoft.nchwc
5,117225,117225,13.328149556042213,13.328149556042213,13978,13978,none,unchanged,extended: custom domain com.microsoft.nchwc
6,1631,1631,17.603051397378987,17.603051397378987,1450,1450,none,unchanged,extended: custom domain com.microsoft.nchwc
7,7271,7271,16.108350887349943,16.108350887349943,1591,1591,none,unchanged,extended: custom domain com.microsoft.nchwc
8,23289,23289,14.94426357492621,14.94426357492621,9516,9516,none,unchanged,extended: custom domain com.microsoft.nchwc
9,81241,81241,13.69482467517415,13.69482467517415,31914,31914,none,unchanged,extended: custom domain com.microsoft.nchwc
10,5016,5016,16.479611917687244,16.479611917687244,5285,5285,none,unchanged,extended: custom domain com.microsoft.nchwc
11,66247,66247,13.898854540195707,13.898854540195707,11830,11830,none,unchanged,extended: custom domain com.microsoft.nchwc
12,12639,12639,15.555457449352874,15.555457449352874,2599,2599,none,unchanged,extended: custom domain com.microsoft.nchwc
13,116882,116882,13.3310798421544,13.3310798421544,16641,16641,none,unchanged,extended: custom domain com.microsoft.nchwc
14,39049,39049,14.427427453254685,14.427427453254685,6239,6239,none,unchanged,extended: custom domain com.microsoft.nchwc
15,900,900,18.197605236675688,18.197605236675688,3802,3802,none,unchanged,extended: custom domain com.microsoft.nchwc
16,10,10,22.697414907005953,22.697414907005953,174,174,none,unchanged,extended: custom domain com.microsoft.nchwc
17,35329,35329,14.527540564604424,14.527540564604424,10570,10570,none,unchanged,extended: custom domain com.microsoft.nchwc
18,114578,114578,13.35098890724301,13.35098890724301,50524,50524,none,unchanged,extended: custom domain com.microsoft.nchwc
19,81346,81346,13.69353305881371,13.69353305881371,3217,3217,none,unchanged,extended: custom domain com.microsoft.nchwc
20,90133,90133,13.590958363748854,13.590958363748854,30379,30379,none,unchanged,extended: custom domain com.microsoft.nchwc
21,51223,51223,14.156056071090937,14.156056071090937,39349,39349,none,unchanged,extended: custom domain com.microsoft.nchwc
22,34821,34821,14.542024067963268,14.542024067963268,6565,6565,none,unchanged,extended: custom domain com.microsoft.nchwc
23,21433,21433,15.027312930662868,15.027312930662868,3518,3518,none,unchanged,extended: custom domain com.microsoft.nchwc
24,9080,9080,15.88617052840466,15.88617052840466,3824,3824,none,unchanged,extended: custom domain com.microsoft.nchwc
25,89286,89286,13.600400020341894,13.600400020341894,61869,61869,none,unchanged,extended: custom domain com.microsoft.nchwc
26,738,738,18.39605617539953,18.39605617539953,1526,1526,none,unchanged,extended: custom domain com.microsoft.nchwc
27,36791,36791,14.486991470971319,14.486991470971319,16875,16875,none,unchanged,extended: custom domain com.microsoft.nchwc
28,8990,8990,15.896131872534333,15.896131872534333,2106,2106,none,unchanged,extended: custom domain com.microsoft.nchwc
29,97117,97117,13.516328283804857,13.516328283804857,9892,9892,none,unchanged,extended: custom domain com.microsoft.nchwc
30,11998,11998,15.607504751786962,15.607504751786962,5853,5853,none,unchanged,extended: custom domain com.microsoft.nchwc
31,18616,18616,15.168223295017873,15.168223295017873,3504,3504,none,unchanged,extended: custom domain com.microsoft.nchwc
32,3405,3405,16.86699978141639,16.86699978141639,2765,2765,none,unchanged,extended: custom domain com.microsoft.nchwc
33,55161,55161,14.081988539178049,14.081988539178049,2047,2047,none,unchanged,extended: custom domain com.microsoft.nchwc
34,106316,106316,13.425828929592994,13.425828929592994,10866,10866,none,unchanged,extended: custom domain com.microsoft.nchwc
35,15363,15363,15.36028269986934,15.36028269986934,5343,5343,none,unchanged,extended: custom domain com.microsoft.nchwc
36,79962,79962,13.710693199192217,13.710693199192217,6912,6912,none,unchanged,extended: custom domain com.microsoft.nchwc
37,63726,63726,13.937652078450405,13.937652078450405,20513,20513,none,unchanged,extended: custom domain com.microsoft.nchwc
38,2193,2193,17.306974251582112,17.306974251582112,2630,2630,none,unchanged,extended: custom domain com.microsoft.nchwc
39,7772,7772,16.04171718950267,16.04171718950267,2013,2013,none,unchanged,extended: custom domain com.microsoft.nchwc
40,7868,7868,16.02944082049105,16.02944082049105,5036,5036,none,unchanged,extended: custom domain com.microsoft.nchwc
41,11769,11769,15.626775765122337,15.626775765122337,2556,2556,none,unchanged,extended: custom domain com.microsoft.nchwc
42,8518,8518,15.950063149516842,15.950063149516842,8469,8469,none,unchanged,extended: custom domain com.microsoft.nchwc
43,7119,7119,16.129477454896126,16.129477454896126,2092,2092,none,unchanged,extended: custom domain com.microsoft.nchwc
44,31805,31805,14.632621210887095,14.632621210887095,25971,25971,none,unchanged,extended: custom domain com.microsoft.nchwc
45,7428,7428,16.0869880775274,16.0869880775274,1586,1586,none,unchanged,extended: custom domain com.microsoft.nchwc
46,33426,33426,14.58291068075113,14.58291068075113,8068,8068,none,unchanged,extended: custom domain com.microsoft.nchwc
47,3024,3024,16.985664262700574,16.985664262700574,3823,3823,none,unchanged,extended: custom domain com.microsoft.nchwc
48,5609,5609,16.367872270491663,16.367872270491663,4683,4683,none,unchanged,extended: custom domain com.microsoft.nchwc
49,30489,30489,14.674878758194124,14.674878758194124,4016,4016,none,unchanged,extended: custom domain com.microsoft.nchwc
50,9475,9475,15.843587970049374,15.843587970049374,2319,2319,none,unchanged,extended: custom domain com.microsoft.nchwc
51,68437,68437,13.866331106969804,13.866331106969804,5091,5091,none,unchanged,extended: custom domain com.microsoft.nchwc
52,1228,1228,17.886857891292912,17.886857891292912,1342,1342,none,unchanged,extended: custom domain com.microsoft.nchwc
53,30,30,21.598802618337846,21.598802618337846,199,199,none,unchanged,extended: custom domain com.microsoft.nchwc
54,150548,150548,13.07796275080141,13.07796275080141,8874,8874,none,unchanged,extended: custom domain com.microsoft.nchwc
55,26370,26370,14.820017720652668,14.820017720652668,15660,15660,none,unchanged,extended: custom domain com.microsoft.nchwc
56,213,213,19.638707834290575,19.638707834290575,1004,1004,none,unchanged,extended: custom domain com.microsoft.nchwc
57,29304,29304,14.71452069554135,14.71452069554135,1988,1988,none,unchanged,extended: custom domain com.microsoft.nchwc
58,16105,16105,15.313114938234701,15.313114938234701,14579,14579,none,unchanged,extended: custom domain com.microsoft.nchwc
59,20387,20387,15.077347278202861,15.077347278202861,7242,7242,none,unchanged,extended: custom domain com.microsoft.nchwc
60,5581,5581,16.372876749211567,16.372876749211567,2524,2524,none,unchanged,extended: custom domain com.microsoft.nchwc
61,18914,18914,15.152342332424542,15.152342332424542,17113,17113,none,unchanged,extended: custom domain com.microsoft.nchwc
62,30609,30609,14.670950637656585,14.670950637656585,19486,19486,none,unchanged,extended: custom domain com.microsoft.nchwc
63,30732,30732,14.666940264012474,14.666940264012474,4431,4431,none,unchanged,extended: custom domain com.microsoft.nchwc
64,114153,114153,13.354705067178468,13.354705067178468,8580,8580,none,unchanged,extended: custom domain com.microsoft.nchwc
65,35109,35109,14.533787213157124,14.533787213157124,3215,3215,none,unchanged,extended: custom domain com.microsoft.nchwc
66,21408,21408,15.028480037072045,15.028480037072045,25831,25831,none,unchanged,extended: custom domain com.microsoft.nchwc
67,315,315,19.247427361174367,19.247427361174367,1053,1053,none,unchanged,extended: custom domain com.microsoft.nchwc
68,12589,12589,15.55942130423374,15.55942130423374,2203,2203,none,unchanged,extended: custom domain com.microsoft.nchwc
69,84250,84250,13.658456151785392,13.658456151785392,48710,48710,none,unchanged,extended: custom domain com.microsoft.nchwc
70,66138,66138,13.90050125280863,13.90050125280863,9304,9304,none,unchanged,extended: custom domain com.microsoft.nchwc
71,129780,129780,13.22640401182484,13.22640401182484,13061,13061,none,unchanged,extended: custom domain com.microsoft.nchwc
72,1309,1309,17.8229812340901,17.8229812340901,1389,1389,none,unchanged,extended: custom domain com.microsoft.nchwc
73,910,910,18.186555400489105,18.186555400489105,3870,3870,none,unchanged,extended: custom domain com.microsoft.nchwc
74,21825,21825,15.009188619292196,15.009188619292196,2292,2292,none,unchanged,extended: custom domain com.microsoft.nchwc
75,28487,28487,14.742796878157792,14.742796878157792,6113,6113,none,unchanged,extended: custom domain com.microsoft.nchwc
76,36184,36184,14.503627688842322,14.503627688842322,22903,22903,none,unchanged,extended: custom domain com.microsoft.nchwc
77,157913,157913,13.030200472556263,13.030200472556263,9825,9825,none,unchanged,extended: custom domain com.microsoft.nchwc
78,11496,11496,15.65024557224114,15.65024557224114,2275,2275,none,unchanged,extended: custom domain com.microsoft.nchwc
79,21383,21383,15.029648507210364,15.029648507210364,3601,3601,none,unchanged,extended: custom domain com.microsoft.nchwc
80,42082,42082,14.352624625200743,14.352624625200743,12166,12166,none,unchanged,extended: custom domain com.microsoft.nchwc
81,2307,2307,17.256296741826247,17.256296741826247,5225,5225,none,unchanged,extended: custom domain com.microsoft.nchwc
82,23479,23479,14.936138316402742,14.936138316402742,2070,2070,none,unchanged,extended: custom domain com.microsoft.nchwc
83,1800,1800,17.504458056115745,17.504458056115745,7476,7476,none,unchanged,extended: custom domain com.microsoft.nchwc
84,19513,19513,15.121163810905001,15.121163810905001,3361,3361,none,unchanged,extended: custom domain com.microsoft.nchwc
85,113178,113178,13.36328292042622,13.36328292042622,3083,3083,none,unchanged,extended: custom domain com.microsoft.nchwc
86,25857,25857,14.83966336368449,14.83966336368449,4566,4566,none,unchanged,extended: custom domain com.microsoft.nchwc
87,368,368,19.09191706183107,19.09191706183107,433,433,none,unchanged,extended: custom domain com.microsoft.nchwc
88,72766,72766,13.80499590787612,13.80499590787612,4857,4857,none,unchanged,extended: custom domain com.microsoft.nchwc
89,49703,49703,14.186179427563964,14.186179427563964,15672,15672,none,unchanged,extended: custom domain com.microsoft.nchwc
90,63354,63354,13.94350667496543,13.94350667496543,31419,31419,none,unchanged,extended: custom domain com.microsoft.nchwc
91,51466,51466,14.151323325547068,14.151323325547068,5270,5270,none,unchanged,extended: custom domain com.microsoft.nchwc
92,46289,46289,14.25734036914603,14.25734036914603,2507,2507,none,unchanged,extended: custom domain com.microsoft.nchwc
93,15458,15458,15.354118052333183,15.354118052333183,6944,6944,none,unchanged,extended: custom domain com.microsoft.nchwc
94,10453,10453,15.745355702467293,15.745355702467293,3609,3609,none,unchanged,extended: custom domain com.microsoft.nchwc
95,910,910,18.186555400489105,18.186555400489105,3953,3953,none,unchanged,extended: custom domain com.microsoft.nchwc
96,26948,26948,14.79833563791945,14.79833563791945,20402,20402,none,unchanged,extended: custom domain com.microsoft.nchwc
97,55812,55812,14.070255820987903,14.070255820987903,1190,1190,none,unchanged,extended: custom domain com.microsoft.nchwc
98,910,910,18.186555400489105,18.186555400489105,3880,3880,none,unchanged,extended: custom domain com.microsoft.nchwc
99,4910,4910,16.500970779211436,16.500970779211436,19883,19883,none,unchanged,extended: custom domain com.microsoft.nchwc
100,6536,6536,16.21491936346016,16.21491936346016,3692,3692,none,unchanged,extended: custom domain com.microsoft.nchwc
101,65875,65875,13.904485714156337,13.904485714156337,34098,34098,none,unchanged,extended: custom domain com.microsoft.nchwc
102,12607,12607,15.55799250576873,15.55799250576873,7489,7489,none,unchanged,extended: custom domain com.microsoft.nchwc
103,193,193,19.737309811095116,19.737309811095116,1251,1251,none,unchanged,extended: custom domain com.microsoft.nchwc
104,3682,3682,16.788788638206977,16.788788638206977,4136,4136,none,unchanged,extended: custom domain com.microsoft.nchwc
105,7055,7055,16.138508135713085,16.138508135713085,8010,8010,none,unchanged,extended: custom domain com.microsoft.nchwc
106,1164,1164,17.940382371708615,17.940382371708615,2647,2647,none,unchanged,extended: custom domain com.microsoft.nchwc
107,73131,73131,13.799992367549814,13.799992367549814,33960,33960,none,unchanged,extended: custom domain com.microsoft.nchwc
108,1800,1800,17.504458056115745,17.504458056115745,7476,7476,none,unchanged,extended: custom domain com.microsoft.nchwc
109,94878,94878,13.539652865248629,13.539652865248629,5912,5912,none,unchanged,extended: custom domain com.microsoft.nchwc
110,109201,109201,13.399054500239831,13.399054500239831,25121,25121,none,unchanged,extended: custom domain com.microsoft.nchwc
111,797,797,18.319145321209785,18.319145321209785,2007,2007,none,unchanged,extended: custom domain com.microsoft.nchwc
112,59270,59270,14.010141445218116,14.010141445218116,5493,5493,none,unchanged,extended: custom domain com.microsoft.nchwc
113,30,30,21.598802618337846,21.598802618337846,523,523,none,unchanged,extended: custom domain com.microsoft.nchwc
114,1254,1254,17.865906278807135,17.865906278807135,4349,4349,none,unchanged,extended: custom domain com.microsoft.nchwc
115,4122,4122,16.675906238549594,16.675906238549594,4708,4708,none,unchanged,extended: custom domain com.microsoft.nchwc
116,30,30,21.598802618337846,21.598802618337846,503,503,none,unchanged,extended: custom domain com.microsoft.nchwc
117,18454,18454,15.1769635718615,15.1769635718615,10768,10768,none,unchanged,extended: custom domain com.microsoft.nchwc
118,60026,60026,13.997466919324204,13.997466919324204,19659,19659,none,unchanged,extended: custom domain com.microsoft.nchwc
119,16640,16640,15.280435285624801,15.280435285624801,11316,11316,none,unchanged,extended: custom domain com.microsoft.nchwc
120,910,910,18.186555400489105,18.186555400489105,3880,3880,none,unchanged,extended: custom domain com.microsoft.nchwc
121,6530,6530,16.215837777729526,16.215837777729526,3528,3528,none,unchanged,extended: custom domain com.microsoft.nchwc
122,2510,2510,17.17196196787417,17.17196196787417,10280,10280,none,unchanged,extended: custom domain com.microsoft.nchwc
123,4104,4104,16.680282613149394,16.680282613149394,9143,9143,none,unchanged,extended: custom domain com.microsoft.nchwc
124,11673,11673,15.634966238347337,15.634966238347337,4882,4882,none,unchanged,extended: custom domain com.microsoft.nchwc
125,13417,13417,15.495722161409528,15.495722161409528,3785,3785,none,unchanged,extended: custom domain com.microsoft.nchwc
126,86091,86091,13.636839844664504,13.636839844664504,3870,3870,none,unchanged,extended: custom domain com.microsoft.nchwc
127,900,900,18.197605236675688,18.197605236675688,3800,3800,none,unchanged,extended: custom domain com.microsoft.nchwc
128,95042,95042,13.537925821853902,13.537925821853902,4030,4030,none,unchanged,extended: custom domain com.microsoft.nchwc
129,807,807,18.306676331730053,18.306676331730053,997,997,none,unchanged,extended: custom domain com.microsoft.nchwc
130,15948,15948,15.322911291498754,15.322911291498754,1742,1742,none,unchanged,extended: custom domain com.microsoft.nchwc
131,44550,44550,14.295632567101045,14.295632567101045,10020,10020,none,unchanged,extended: custom domain com.microsoft.nchwc
132,29458,29458,14.709279200950512,14.709279200950512,3465,3465,none,unchanged,extended: custom domain com.microsoft.nchwc
133,193923,193923,12.824783547959548,12.824783547959548,190542,190542,none,unchanged,extended: custom domain com.microsoft.nchwc
134,12388,12388,15.575516458906906,15.575516458906906,9408,9408,none,unchanged,extended: custom domain com.microsoft.nchwc
135,360,360,19.113895968549844,19.113895968549844,280,280,none,unchanged,extended: custom domain com.microsoft.nchwc
136,4837,4837,16.515950027177016,16.515950027177016,3640,3640,none,unchanged,extended: custom domain com.microsoft.nchwc
137,72472,72472,13.809044440650876,13.809044440650876,5213,5213,none,unchanged,extended: custom domain com.microsoft.nchwc
138,48467,48467,14.211361567031112,14.211361567031112,7673,7673,none,unchanged,extended: custom domain com.microsoft.nchwc
139,3630,3630,16.803012072741105,16.803012072741105,5416,5416,none,unchanged,extended: custom domain com.microsoft.nchwc
140,368,368,19.09191706183107,19.09191706183107,433,433,none,unchanged,extended: custom domain com.microsoft.nchwc
141,15819,15819,15.33103297180142,15.33103297180142,2986,2986,none,unchanged,extended: custom domain com.microsoft.nchwc
142,1800,1800,17.504458056115745,17.504458056115745,7476,7476,none,unchanged,extended: custom domain com.microsoft.nchwc
143,19441,19441,15.12486048297936,15.12486048297936,2635,2635,none,unchanged,extended: custom domain com.microsoft.nchwc
144,786,786,18.333043207570793,18.333043207570793,1530,1530,none,unchanged,extended: custom domain com.microsoft.nchwc
145,69757,69757,13.847226946929018,13.847226946929018,26837,26837,none,unchanged,extended: custom domain com.microsoft.nchwc
146,2256,2256,17.27865138738205,17.27865138738205,2622,2622,none,unchanged,extended: custom domain com.microsoft.nchwc
147,910,910,18.186555400489105,18.186555400489105,3870,3870,none,unchanged,extended: custom domain com.microsoft.nchwc
148,22029,22029,14.99988495388028,14.99988495388028,10291,10291,none,unchanged,extended: custom domain com.microsoft.nchwc
149,437,437,18.92006680490441,18.92006680490441,1048,1048,none,unchanged,extended: custom domain com.microsoft.nchwc
150,1014,1014,18.078341815848873,18.078341815848873,1583,1583,none,unchanged,extended: custom domain com.microsoft.nchwc
151,910,910,18.186555400489105,18.186555400489105,3929,3929,none,unchanged,extended: custom domain com.microsoft.nchwc
152,1800,1800,17.504458056115745,17.504458056115745,7476,7476,none,unchanged,extended: custom domain com.microsoft.nchwc
153,11212,11212,15.675260087715321,15.675260087715321,5740,5740,none,unchanged,extended: custom domain com.microsoft.nchwc
154,45574,45574,14.27290734254795,14.27290734254795,9074,9074,none,unchanged,extended: custom domain com.microsoft.nchwc
155,1014,1014,18.078341815848873,18.078341815848873,1583,1583,none,unchanged,extended: custom domain com.microsoft.nchwc
156,26552,26552,14.81313964660019,14.81313964660019,47528,47528,none,unchanged,extended: custom domain com.microsoft.nchwc
157,79930,79930,13.711093469379936,13.711093469379936,50746,50746,none,unchanged,extended: custom domain com.microsoft.nchwc
158,182776,182776,12.883983361645681,12.883983361645681,177323,177323,none,unchanged,extended: custom domain com.microsoft.nchwc
159,89501,89501,13.597994922615115,13.597994922615115,15010,15010,none,unchanged,extended: custom domain com.microsoft.nchwc
160,4586,4586,16.56923653658215,16.56923653658215,2830,2830,none,unchanged,extended: custom domain com.microsoft.nchwc
161,64647,64647,13.923303020588978,13.923303020588978,4933,4933,none,unchanged,extended: custom domain com.microsoft.nchwc
162,63291,63291,13.944501582071068,13.944501582071068,2707,2707,none,unchanged,extended: custom domain com.microsoft.nchwc
163,24085,24085,14.910655480935679,14.910655480935679,10179,10179,none,unchanged,extended: custom domain com.microsoft.nchwc
164,30,30,21.598802618337846,21.598802618337846,503,503,none,unchanged,extended: custom domain com.microsoft.nchwc
165,67524,67524,13.87976163077872,13.87976163077872,5384,5384,none,unchanged,extended: custom domain com.microsoft.nchwc
166,24789,24789,14.881844714630706,14.881844714630706,1433,1433,none,unchanged,extended: custom domain com.microsoft.nchwc
167,685,685,18.470581161737776,18.470581161737776,1744,1744,none,unchanged,extended: custom domain com.microsoft.nchwc
168,20403,20403,15.076562772156251,15.076562772156251,4677,4677,none,unchanged,extended: custom domain com.microsoft.nchwc
169,23629,23629,14.929769949800432,14.929769949800432,22889,22889,none,unchanged,extended: custom domain com.microsoft.nchwc
170,78564,78564,13.728331141770909,13.728331141770909,80838,80838,none,unchanged,extended: custom domain com.microsoft.nchwc
171,910,910,18.186555400489105,18.186555400489105,3870,3870,none,unchanged,extended: custom domain com.microsoft.nchwc
172,30,30,21.598802618337846,21.598802618337846,503,503,none,unchanged,extended: custom domain com.microsoft.nchwc
173,175243,175243,12.926071138839562,12.926071138839562,10179,10179,none,unchanged,extended: custom domain com.microsoft.nchwc
174,52019,52019,14.140635684557754,14.140635684557754,88405,88405,none,unchanged,extended: custom domain com.microsoft.nchwc
175,23859,23859,14.920083216374755,14.920083216374755,5696,5696,none,unchanged,extended: custom domain com.microsoft.nchwc
176,7920,7920,16.022853515191528,16.022853515191528,1206,1206,none,unchanged,extended: custom domain com.microsoft.nchwc
177,61194,61194,13.978195575521427,13.978195575521427,3685,3685,none,unchanged,extended: custom domain com.microsoft.nchwc
178,29331,29331,14.713599743826219,14.713599743826219,11178,11178,none,unchanged,extended: custom domain com.microsoft.nchwc
179,0,0,25.0,25.0,178,178,none,unchanged,extended: custom domain com.microsoft.nchwc
180,7450,7450,16.084030688626395,16.084030688626395,2610,2610,none,unchanged,extended: custom domain com.microsoft.nchwc
181,1194,1194,17.91493570604745,17.91493570604745,3575,3575,none,unchanged,extended: custom domain com.microsoft.nchwc
182,47624,47624,14.228907885166773,14.228907885166773,15528,15528,none,unchanged,extended: custom domain com.microsoft.nchwc
183,24878,24878,14.87826084223009,14.87826084223009,6411,6411,none,unchanged,extended: custom domain com.microsoft.nchwc
184,38855,38855,14.432407952356657,14.432407952356657,44106,44106,none,unchanged,extended: custom domain com.microsoft.nchwc
185,59584,59584,14.00485763936326,14.00485763936326,23762,23762,none,unchanged,extended: custom domain com.microsoft.nchwc
186,364,364,19.10284613236326,19.10284613236326,1253,1253,none,unchanged,extended: custom domain com.microsoft.nchwc
187,105313,105313,13.435307852707972,13.435307852707972,7916,7916,none,unchanged,extended: custom domain com.microsoft.nchwc
188,10664,10664,15.725371138141455,15.725371138141455,3972,3972,none,unchanged,extended: custom domain com.microsoft.nchwc
189,24649,24649,14.887508389303385,14.887508389303385,11016,11016,none,unchanged,extended: custom domain com.microsoft.nchwc
190,11204,11204,15.675973863620001,15.675973863620001,9783,9783,none,unchanged,extended: custom domain com.microsoft.nchwc
191,73993,73993,13.788274226882638,13.788274226882638,45679,45679,none,unchanged,extended: custom domain com.microsoft.nchwc
192,51968,51968,14.14161657647865,14.14161657647865,2553,2553,none,unchanged,extended: custom domain com.microsoft.nchwc
193,53661,53661,14.109558240338645,14.109558240338645,2282,2282,none,unchanged,extended: custom domain com.microsoft.nchwc
194,1800,1800,17.504458056115745,17.504458056115745,7476,7476,none,unchanged,extended: custom domain com.microsoft.nchwc
195,14229,14229,15.436962585454308,15.436962585454308,6269,6269,none,unchanged,extended: custom domain com.microsoft.nchwc
196,32242,32242,14.618974770564057,14.618974770564057,3150,3150,none,unchanged,extended: custom domain com.microsoft.nchwc
197,50688,50688,14.166555524825903,14.166555524825903,1646,1646,none,unchanged,extended: custom domain com.microsoft.nchwc
198,103821,103821,13.449576458609688,13.449576458609688,8402,8402,none,unchanged,extended: custom domain com.microsoft.nchwc
199,16157,16157,15.30989132872317,15.30989132872317,3260,3260,none,unchanged,extended: custom domain com.microsoft.nchwc
200,8306,8306,15.975266575809302,15.975266575809302,4721,4721,none,unchanged,extended: custom domain com.microsoft.nchwc
201,92700,92700,13.562876248446054,13.562876248446054,15537,15537,none,unchanged,extended: custom domain com.microsoft.nchwc
202,125720,125720,13.258187509088495,13.258187509088495,3680,3680,none,unchanged,extended: custom domain com.microsoft.nchwc
203,88402,88402,13.610350127195805,13.610350127195805,7171,7171,none,unchanged,extended: custom domain com.microsoft.nchwc
204,104544,104544,13.442636685599203,13.442636685599203,5559,5559,none,unchanged,extended: custom domain com.microsoft.nchwc
205,112313,112313,13.370955104619776,13.370955104619776,39030,39030,none,unchanged,extended: custom domain com.microsoft.nchwc
206,61387,61387,13.975046634666326,13.975046634666326,4900,4900,none,unchanged,extended: custom domain com.microsoft.nchwc
207,1875,1875,17.463636061595487,17.463636061595487,2718,2718,none,unchanged,extended: custom domain com.microsoft.nchwc
208,92273,92273,13.56749314667969,13.56749314667969,18209,18209,none,unchanged,extended: custom domain com.microsoft.nchwc
209,67337,67337,13.882534858321867,13.882534858321867,61236,61236,none,unchanged,extended: custom domain com.microsoft.nchwc
210,30,30,21.598802618337846,21.598802618337846,503,503,none,unchanged,extended: custom domain com.microsoft.nchwc
211,1800,1800,17.504458056115745,17.504458056115745,7476,7476,none,unchanged,extended: custom domain com.microsoft.nchwc
212,9969,9969,15.792764442977296,15.792764442977296,4967,4967,none,unchanged,extended: custom domain com.microsoft.nchwc
213,50225,50225,14.175731810316865,14.175731810316865,44339,44339,none,unchanged,extended: custom domain com.microsoft.nchwc
214,1800,1800,17.504458056115745,17.504458056115745,7476,7476,none,unchanged,extended: custom domain com.microsoft.nchwc
215,38094,38094,14.452187931601495,14.452187931601495,1952,1952,none,unchanged,extended: custom domain com.microsoft.nchwc
216,103572,103572,13.451977697992342,13.451977697992342,19717,19717,none,unchanged,extended: custom domain com.microsoft.nchwc
217,17924,17924,15.206104124093967,15.206104124093967,1684,1684,none,unchanged,extended: custom domain com.microsoft.nchwc
218,23202,23202,14.948006239164648,14.948006239164648,16279,16279,none,unchanged,extended: custom domain com.microsoft.nchwc
219,47688,47688,14.227564927100238,14.227564927100238,60615,60615,none,unchanged,extended: custom domain com.microsoft.nchwc
220,900,900,18.197605236675688,18.197605236675688,3803,3803,none,unchanged,extended: custom domain com.microsoft.nchwc
221,55869,55869,14.069235056400384,14.069235056400384,14298,14298,none,unchanged,extended: custom domain com.microsoft.nchwc
222,58035,58035,14.031198444197276,14.031198444197276,3044,3044,none,unchanged,extended: custom domain com.microsoft.nchwc
223,1800,1800,17.504458056115745,17.504458056115745,7476,7476,none,unchanged,extended: custom domain com.microsoft.nchwc
224,45458,45458,14.275455898281896,14.275455898281896,5184,5184,none,unchanged,extended: custom domain com.microsoft.nchwc
225,11078,11078,15.68728356140695,15.68728356140695,6961,6961,none,unchanged,extended: custom domain com.microsoft.nchwc
226,5559,5559,16.37682648504653,16.37682648504653,3827,3827,none,unchanged,extended: custom domain com.microsoft.nchwc
227,2927,2927,17.018266713308115,17.018266713308115,1579,1579,none,unchanged,extended: custom domain com.microsoft.nchwc
228,25086,25086,14.86993479941538,14.86993479941538,5206,5206,none,unchanged,extended: custom domain com.microsoft.nchwc
229,1409,1409,17.74936448810132,17.74936448810132,1695,1695,none,unchanged,extended: custom domain com.microsoft.nchwc
230,900,900,18.197605236675688,18.197605236675688,3803,3803,none,unchanged,extended: custom domain com.microsoft.nchwc
231,38342,38342,14.445698819920006,14.445698819920006,3983,3983,none,unchanged,extended: custom domain com.microsoft.nchwc
232,29497,29497,14.707956157758622,14.707956157758622,2772,2772,none,unchanged,extended: custom domain com.microsoft.nchwc
233,63540,63540,13.940575092176493,13.940575092176493,40762,40762,none,unchanged,extended: custom domain com.microsoft.nchwc
234,81703,81703,13.689154000119816,13.689154000119816,4894,4894,none,unchanged,extended: custom domain com.microsoft.nchwc
235,1338,1338,17.801068759311825,17.801068759311825,3616,3616,none,unchanged,extended: custom domain com.microsoft.nchwc
236,643,643,18.53385527576238,18.53385527576238,958,958,none,unchanged,extended: custom domain com.microsoft.nchwc
237,14324,14324,15.430308268881676,15.430308268881676,2499,2499,none,unchanged,extended: custom domain com.microsoft.nchwc
238,64372,64372,13.927565965061614,13.927565965061614,15947,15947,none,unchanged,extended: custom domain com.microsoft.nchwc
239,94477,94477,13.54388830238479,13.54388830238479,3677,3677,none,unchanged,extended: custom domain com.microsoft.nchwc
240,27847,27847,14.765519480374964,14.765519480374964,66199,66199,none,unchanged,extended: custom domain com.microsoft.nchwc
241,0,0,25.0,25.0,178,178,none,unchanged,extended: custom domain com.microsoft.nchwc
242,20119,20119,15.090580078810763,15.090580078810763,2028,2028,none,unchanged,extended: custom domain com.microsoft.nchwc
243,67878,67878,13.874532744845478,13.874532744845478,18595,18595,none,unchanged,extended: custom domain com.microsoft.nchwc
244,31782,31782,14.633344629227418,14.633344629227418,8484,8484,none,unchanged,extended: custom domain com.microsoft.nchwc
245,29015,29015,14.724431783375291,14.724431783375291,3499,3499,none,unchanged,extended: custom domain com.microsoft.nchwc
246,13391,13391,15.497661881504435,15.497661881504435,4453,4453,none,unchanged,extended: custom domain com.microsoft.nchwc
247,22031,22031,14.999794168587435,14.999794168587435,2179,2179,none,unchanged,extended: custom domain com.microsoft.nchwc
248,6581,6581,16.208058011543883,16.208058011543883,2295,2295,none,unchanged,extended: custom domain com.microsoft.nchwc
249,8999,8999,15.895131260966052,15.895131260966052,2770,2770,none,unchanged,extended: custom domain com.microsoft.nchwc
250,12141,12141,15.595656566456025,15.595656566456025,9660,9660,none,unchanged,extended: custom domain com.microsoft.nchwc
251,100580,100580,13.481291290274044,13.481291290274044,6781,6781,none,unchanged,extended: custom domain com.microsoft.nchwc
252,38062,38062,14.453028311923028,14.453028311923028,4108,4108,none,unchanged,extended: custom domain com.microsoft.nchwc
253,48269,48269,14.215455188361384,14.215455188361384,4035,4035,none,unchanged,extended: custom domain com.microsoft.nchwc
254,7956,7956,16.018318360026136,16.018318360026136,5035,5035,none,unchanged,extended: custom domain com.microsoft.nchwc
255,74403,74403,13.782748457411104,13.782748457411104,35175,35175,none,unchanged,extended: custom domain com.microsoft.nchwc
256,21123,21123,15.041882226812756,15.041882226812756,5497,5497,none,unchanged,extended: custom domain com.microsoft.nchwc
257,1077,1077,18.01806532284361,18.01806532284361,1891,1891,none,unchanged,extended: custom domain com.microsoft.nchwc
258,160,160,19.924826184766175,19.924826184766175,929,929,none,unchanged,extended: custom domain com.microsoft.nchwc
259,6843,6843,16.169018489047502,16.169018489047502,3995,3995,none,unchanged,extended: custom domain com.microsoft.nchwc
260,12474,12474,15.568598242913932,15.568598242913932,2879,2879,none,unchanged,extended: custom domain com.microsoft.nchwc
261,200,200,19.701682633451963,19.701682633451963,1003,1003,none,unchanged,extended: custom domain com.microsoft.nchwc
262,3770,3770,16.765169719557946,16.765169719557946,1095,1095,none,unchanged,extended: custom domain com.microsoft.nchwc
263,8054,8054,16.006075858588602,16.006075858588602,12625,12625,none,unchanged,extended: custom domain com.microsoft.nchwc
264,79536,79536,13.716034971665547,13.716034971665547,8493,8493,none,unchanged,extended: custom domain com.microsoft.nchwc
265,39162,39162,14.424537832136728,14.424537832136728,3046,3046,none,unchanged,extended: custom domain com.microsoft.nchwc
266,910,910,18.186555400489105,18.186555400489105,3870,3870,none,unchanged,extended: custom domain com.microsoft.nchwc
267,1255,1255,17.865109148434115,17.865109148434115,1543,1543,none,unchanged,extended: custom domain com.microsoft.nchwc
268,22387,22387,14.983764287772118,14.983764287772118,14058,14058,none,unchanged,extended: custom domain com.microsoft.nchwc
269,8602,8602,15.940249986656319,15.940249986656319,3084,3084,none,unchanged,extended: custom domain com.microsoft.nchwc
270,27301,27301,14.785321389461183,14.785321389461183,14311,14311,none,unchanged,extended: custom domain com.microsoft.nchwc
271,28991,28991,14.725259284025897,14.725259284025897,2976,2976,none,unchanged,extended: custom domain com.microsoft.nchwc
272,910,910,18.186555400489105,18.186555400489105,3870,3870,none,unchanged,extended: custom domain com.microsoft.nchwc
273,5937,5937,16.311040765729324,16.311040765729324,2252,2252,none,unchanged,extended: custom domain com.microsoft.nchwc
274,8581,8581,15.942694264192879,15.942694264192879,3724,3724,none,unchanged,extended: custom domain com.microsoft.nchwc
275,83879,83879,13.662869436848247,13.662869436848247,25721,25721,none,unchanged,extended: custom domain com.microsoft.nchwc
276,10,10,22.697414907005953,22.697414907005953,241,241,none,unchanged,extended: custom domain com.microsoft.nchwc
277,14617,14617,15.410059486110708,15.410059486110708,8205,8205,none,unchanged,extended: custom domain com.microsoft.nchwc
278,34383,34383,14.55468246483519,14.55468246483519,2628,2628,none,unchanged,extended: custom domain com.microsoft.nchwc
279,26330,26330,14.821535747509644,14.821535747509644,10894,10894,none,unchanged,extended: custom domain com.microsoft.nchwc
280,90506,90506,13.586828574167079,13.586828574167079,13536,13536,none,unchanged,extended: custom domain com.microsoft.nchwc
281,88615,88615,13.60794357751076,13.60794357751076,6229,6229,none,unchanged,extended: custom domain com.microsoft.nchwc
282,900,900,18.197605236675688,18.197605236675688,3803,3803,none,unchanged,extended: custom domain com.microsoft.nchwc
283,910,910,18.186555400489105,18.186555400489105,3870,3870,none,unchanged,extended: custom domain com.microsoft.nchwc
284,102032,102032,13.466958231444947,13.466958231444947,25369,25369,none,unchanged,extended: custom domain com.microsoft.nchwc
285,151996,151996,13.068390516307327,13.068390516307327,99305,99305,none,unchanged,extended: custom domain com.microsoft.nchwc
286,162199,162199,13.00342074458367,13.00342074458367,24315,24315,none,unchanged,extended: custom domain com.microsoft.nchwc
287,22566,22566,14.975800372301608,14.975800372301608,2378,2378,none,unchanged,extended: custom domain com.microsoft.nchwc
288,31807,31807,14.632558329669694,14.632558329669694,5923,5923,none,unchanged,extended: custom domain com.microsoft.nchwc
289,24972,24972,14.874489523818365,14.874489523818365,2484,2484,none,unchanged,extended: custom domain com.microsoft.nchwc
290,11708,11708,15.631972352188223,15.631972352188223,4019,4019,none,unchanged,extended: custom domain com.microsoft.nchwc
291,4327,4327,16.627370259775116,16.627370259775116,6567,6567,none,unchanged,extended: custom domain com.microsoft.nchwc
292,6305,6305,16.250901751600978,16.250901751600978,1137,1137,none,unchanged,extended: custom domain com.microsoft.nchwc
293,24771,24771,14.882571106914462,14.882571106914462,9968,9968,none,unchanged,extended: custom domain com.microsoft.nchwc
294,910,910,18.186555400489105,18.186555400489105,3870,3870,none,unchanged,extended: custom domain com.microsoft.nchwc
295,12190,12190,15.591628777524683,15.591628777524683,2145,2145,none,unchanged,extended: custom domain com.microsoft.nchwc
296,4115,4115,16.67760588688883,16.67760588688883,2981,2981,none,unchanged,extended: custom domain com.microsoft.nchwc
297,9172,9172,15.876089356022204,15.876089356022204,2534,2534,none,unchanged,extended: custom domain com.microsoft.nchwc
298,14948,14948,15.387667209394625,15.387667209394625,4442,4442,none,unchanged,extended: custom domain com.microsoft.nchwc
299,1790,1790,17.5100291011652,17.5100291011652,2062,2062,none,unchanged,extended: custom domain com.microsoft.nchwc
300,77546,77546,13.741373412351637,13.741373412351637,5439,5439,none,unchanged,extended: custom domain com.microsoft.nchwc
301,64988,64988,13.91804208355036,13.91804208355036,20021,20021,none,unchanged,extended: custom domain com.microsoft.nchwc
302,7796,7796,16.03863393937255,16.03863393937255,5138,5138,none,unchanged,extended: custom domain com.microsoft.nchwc
303,80710,80710,13.701382237681582,13.701382237681582,2368,2368,none,unchanged,extended: custom domain com.microsoft.nchwc
304,14494,14494,15.418509950330773,15.418509950330773,2352,2352,none,unchanged,extended: custom domain com.microsoft.nchwc
305,3952,3952,16.71802294113224,16.71802294113224,2005,2005,none,unchanged,extended: custom domain com.microsoft.nchwc
306,64444,64444,13.926448091389123,13.926448091389123,5273,5273,none,unchanged,extended: custom domain com.microsoft.nchwc
307,1800,1800,17.504458056115745,17.504458056115745,7476,7476,none,unchanged,extended: custom domain com.microsoft.nchwc
308,21799,21799,15.010380623834585,15.010380623834585,4936,4936,none,unchanged,extended: custom domain com.microsoft.nchwc
309,10,10,22.697414907005953,22.697414907005953,241,241,none,unchanged,extended: custom domain com.microsoft.nchwc
310,25739,25739,14.844237369643414,14.844237369643414,4301,4301,none,unchanged,extended: custom domain com.microsoft.nchwc
311,30,30,21.598802618337846,21.598802618337846,503,503,none,unchanged,extended: custom domain com.microsoft.nchwc
312,9979,9979,15.791761836115688,15.791761836115688,1327,1327,none,unchanged,extended: custom domain com.microsoft.nchwc
313,83572,83572,13.666536185257858,13.666536185257858,40083,40083,none,unchanged,extended: custom domain com.microsoft.nchwc
314,8594,8594,15.941180435665059,15.941180435665059,25464,25464,none,unchanged,extended: custom domain com.microsoft.nchwc
315,9557,9557,15.83497085073382,15.83497085073382,1423,1423,none,unchanged,extended: custom domain com.microsoft.nchwc
316,3903,3903,16.730499232819383,16.730499232819383,4720,4720,none,unchanged,extended: custom domain com.microsoft.nchwc
317,900,900,18.197605236675688,18.197605236675688,3803,3803,none,unchanged,extended: custom domain com.microsoft.nchwc
318,739,739,18.394702079051797,18.394702079051797,1164,1164,none,unchanged,extended: custom domain com.microsoft.nchwc
319,18368,18368,15.181634700880707,15.181634700880707,12225,12225,none,unchanged,extended: custom domain com.microsoft.nchwc
320,5190,5190,16.445511023840066,16.445511023840066,2910,2910,none,unchanged,extended: custom domain com.microsoft.nchwc
321,5511,5511,16.385498626116764,16.385498626116764,2453,2453,none,unchanged,extended: custom domain com.microsoft.nchwc
322,867,867,18.23496102321946,18.23496102321946,728,728,none,unchanged,extended: custom domain com.microsoft.nchwc
323,4533,4533,16.58086074905915,16.58086074905915,2810,2810,none,unchanged,extended: custom domain com.microsoft.nchwc
324,48870,48870,14.203081009735799,14.203081009735799,7864,7864,none,unchanged,extended: custom domain com.microsoft.nchwc
325,43022,43022,14.330533108254256,14.330533108254256,5624,5624,none,unchanged,extended: custom domain com.microsoft.nchwc
326,160,160,19.924826184766175,19.924826184766175,280,280,none,unchanged,extended: custom domain com.microsoft.nchwc
327,7548,7548,16.07096209351156,16.07096209351156,1920,1920,none,unchanged,extended: custom domain com.microsoft.nchwc
328,68053,68053,13.871957907660665,13.871957907660665,12645,12645,none,unchanged,extended: custom domain com.microsoft.nchwc
329,10260,10260,15.76399188127524,15.76399188127524,1936,1936,none,unchanged,extended: custom domain com.microsoft.nchwc
330,59024,59024,14.014300580163543,14.014300580163543,11768,11768,none,unchanged,extended: custom domain com.microsoft.nchwc
331,910,910,18.186555400489105,18.186555400489105,3880,3880,none,unchanged,extended: custom domain com.microsoft.nchwc
332,8990,8990,15.896131872534333,15.896131872534333,4759,4759,none,unchanged,extended: custom domain com.microsoft.nchwc
333,24893,24893,14.877658081568091,14.877658081568091,7039,7039,none,unchanged,extended: custom domain com.microsoft.nchwc
334,609,609,18.588181732290103,18.588181732290103,1128,1128,none,unchanged,extended: custom domain com.microsoft.nchwc
335,46249,46249,14.258204878914801,14.258204878914801,4572,4572,none,unchanged,extended: custom domain com.microsoft.nchwc
336,6036,6036,16.294503180112258,16.294503180112258,6633,6633,none,unchanged,extended: custom domain com.microsoft.nchwc
337,10,10,22.697414907005953,22.697414907005953,175,175,none,unchanged,extended: custom domain com.microsoft.nchwc
338,45016,45016,14.285226738886886,14.285226738886886,9604,9604,none,unchanged,extended: custom domain com.microsoft.nchwc
339,884,884,18.215542937362358,18.215542937362358,1707,1707,none,unchanged,extended: custom domain com.microsoft.nchwc
340,70342,70342,13.83887566105239,13.83887566105239,6308,6308,none,unchanged,extended: custom domain com.microsoft.nchwc
341,18865,18865,15.15493636760159,15.15493636760159,11055,11055,none,unchanged,extended: custom domain com.microsoft.nchwc
342,12153,12153,15.5946686681292,15.5946686681292,4213,4213,none,unchanged,extended: custom domain com.microsoft.nchwc
343,28656,28656,14.736881875699506,14.736881875699506,7957,7957,none,unchanged,extended: custom domain com.microsoft.nchwc
344,2510,2510,17.17196196787417,17.17196196787417,10280,10280,none,unchanged,extended: custom domain com.microsoft.nchwc
345,11716,11716,15.631289292052376,15.631289292052376,11528,11528,none,unchanged,extended: custom domain com.microsoft.nchwc
346,9178,9178,15.875435405045222,15.875435405045222,1903,1903,none,unchanged,extended: custom domain com.microsoft.nchwc
347,1607,1607,17.61787563426249,17.61787563426249,1120,1120,none,unchanged,extended: custom domain com.microsoft.nchwc
348,7207,7207,16.11719194507556,16.11719194507556,2711,2711,none,unchanged,extended: custom domain com.microsoft.nchwc
349,49480,49480,14.190676173493577,14.190676173493577,8578,8578,none,unchanged,extended: custom domain com.microsoft.nchwc
350,19831,19831,15.10499835111417,15.10499835111417,1754,1754,none,unchanged,extended: custom domain com.microsoft.nchwc
351,35154,35154,14.532506311227156,14.532506311227156,3316,3316,none,unchanged,extended: custom domain com.microsoft.nchwc
352,6626,6626,16.20124341714016,16.20124341714016,1698,1698,none,unchanged,extended: custom domain com.microsoft.nchwc
353,5411,5411,16.403810802357263,16.403810802357263,4421,4421,none,unchanged,extended: custom domain com.microsoft.nchwc
354,17007,17007,15.258619697007587,15.258619697007587,3546,3546,none,unchanged,extended: custom domain com.microsoft.nchwc
355,11795,11795,15.624569008158225,15.624569008158225,5198,5198,none,unchanged,extended: custom domain com.microsoft.nchwc
356,5002,5002,16.482406888562437,16.482406888562437,2903,2903,none,unchanged,extended: custom domain com.microsoft.nchwc
357,6581,6581,16.208058011543883,16.208058011543883,2295,2295,none,unchanged,extended: custom domain com.microsoft.nchwc
358,113999,113999,13.356055044591665,13.356055044591665,11696,11696,none,unchanged,extended: custom domain com.microsoft.nchwc
359,42313,42313,14.347150353576192,14.347150353576192,1351,1351,none,unchanged,extended: custom domain com.microsoft.nchwc
360,11146,11146,15.681164031870518,15.681164031870518,1579,1579,none,unchanged,extended: custom domain com.microsoft.nchwc
361,15917,15917,15.324857000570146,15.324857000570146,8714,8714,none,unchanged,extended: custom domain com.microsoft.nchwc
362,11939,11939,15.612434368654611,15.612434368654611,2634,2634,none,unchanged,extended: custom domain com.microsoft.nchwc
363,54241,54241,14.098807640977503,14.098807640977503,29270,29270,none,unchanged,extended: custom domain com.microsoft.nchwc
364,77859,77859,13.737345222483407,13.737345222483407,10192,10192,none,unchanged,extended: custom domain com.microsoft.nchwc
365,58814,58814,14.01786479921536,14.01786479921536,25852,25852,none,unchanged,extended: custom domain com.microsoft.nchwc
366,836880,836880,11.362564029982357,11.362564029982357,93413,93413,none,unchanged,extended: custom domain com.microsoft.nchwc
367,49772,49772,14.184792144104478,14.184792144104478,33926,33926,none,unchanged,extended: custom domain com.microsoft.nchwc
368,32339,32339,14.615970788806473,14.615970788806473,14571,14571,none,unchanged,extended: custom domain com.microsoft.nchwc
369,7729,7729,16.04726523289313,16.04726523289313,3324,3324,none,unchanged,extended: custom domain com.microsoft.nchwc
370,108296,108296,13.407376502134378,13.407376502134378,12416,12416,none,unchanged,extended: custom domain com.microsoft.nchwc
371,21181,21181,15.039140167606002,15.039140167606002,2375,2375,none,unchanged,extended: custom domain com.microsoft.nchwc
372,7880,7880,16.027916817148075,16.027916817148075,1009,1009,none,unchanged,extended: custom domain com.microsoft.nchwc
373,524,524,18.738508315678956,18.738508315678956,823,823,none,unchanged,extended: custom domain com.microsoft.nchwc
374,15742,15742,15.335912421297605,15.335912421297605,4708,4708,none,unchanged,extended: custom domain com.microsoft.nchwc
375,15172,15172,15.372793097191211,15.372793097191211,2790,2790,none,unchanged,extended: custom domain com.microsoft.nchwc
376,23413,23413,14.938953297362508,14.938953297362508,3539,3539,none,unchanged,extended: custom domain com.microsoft.nchwc
377,61924,61924,13.966336894339644,13.966336894339644,22294,22294,none,unchanged,extended: custom domain com.microsoft.nchwc
378,39008,39008,14.428477967719003,14.428477967719003,7568,7568,none,unchanged,extended: custom domain com.microsoft.nchwc
379,72499,72499,13.808671952355807,13.808671952355807,12674,12674,none,unchanged,extended: custom domain com.microsoft.nchwc
380,728,728,18.409698951803314,18.409698951803314,504,504,none,unchanged,extended: custom domain com.microsoft.nchwc
381,3681,3681,16.78906026662098,16.78906026662098,4146,4146,none,unchanged,extended: custom domain com.microsoft.nchwc
382,107354,107354,13.416112936092428,13.416112936092428,23876,23876,none,unchanged,extended: custom domain com.microsoft.nchwc
383,128140,128140,13.239121304806988,13.239121304806988,6374,6374,none,unchanged,extended: custom domain com.microsoft.nchwc
384,74722,74722,13.778470160860206,13.778470160860206,5138,5138,none,unchanged,extended: custom domain com.microsoft.nchwc
385,30,30,21.598802618337846,21.598802618337846,199,199,none,unchanged,extended: custom domain com.microsoft.nchwc
386,2183,2183,17.311544643450056,17.311544643450056,1245,1245,none,unchanged,extended: custom domain com.microsoft.nchwc
387,63558,63558,13.940291846175448,13.940291846175448,15157,15157,none,unchanged,extended: custom domain com.microsoft.nchwc
388,6468,6468,16.225377779303003,16.225377779303003,8467,8467,none,unchanged,extended: custom domain com.microsoft.nchwc
389,1898,1898,17.451444020830127,17.451444020830127,1824,1824,none,unchanged,extended: custom domain com.microsoft.nchwc
390,24692,24692,14.885765416486214,14.885765416486214,5629,5629,none,unchanged,extended: custom domain com.microsoft.nchwc
391,10021,10021,15.787561829941671,15.787561829941671,3435,3435,none,unchanged,extended: custom domain com.microsoft.nchwc
392,30870,30870,14.662459882503795,14.662459882503795,10294,10294,none,unchanged,extended: custom domain com.microsoft.nchwc
393,459,459,18.870949789939456,18.870949789939456,2250,2250,none,unchanged,extended: custom domain com.microsoft.nchwc
394,4753,4753,16.53346872338599,16.53346872338599,6206,6206,none,unchanged,extended: custom domain com.microsoft.nchwc
395,1667,1667,17.581219117249205,17.581219117249205,1579,1579,none,unchanged,extended: custom domain com.microsoft.nchwc
396,143389,143389,13.126683504302262,13.126683504302262,28137,28137,none,unchanged,extended: custom domain com.microsoft.nchwc
397,21041,21041,15.045771805760689,15.045771805760689,7844,7844,none,unchanged,extended: custom domain com.microsoft.nchwc
398,84295,84295,13.657922169750098,13.657922169750098,9751,9751,none,unchanged,extended: custom domain com.microsoft.nchwc
399,1839,1839,17.48302277539568,17.48302277539568,2146,2146,none,unchanged,extended: custom domain com.microsoft.nchwc
400,35153,35153,14.532534757896764,14.532534757896764,3276,3276,none,unchanged,extended: custom domain com.microsoft.nchwc
