task_id,examples,same_shape_examples,changed_examples,changed_to_zero_examples,changed_from_zero_examples,multi_output_color_examples,mean_changed_cells,changed_cell_count_hist,output_color_hist,input_changed_color_hist,nonzero_component_count_hist,changed_component_count_hist,changed_bbox_shape_hist,adjacency_signature_top,bbox_role_top,row_col_role_top,component_overlap_top,inferred_family,recommended_next
173,266,266,266,0,266,95,3.3684,"{""1"": 66, ""2"": 61, ""3"": 25, ""4"": 47, ""5"": 33, ""6"": 9, ""7"": 3, ""8"": 10, ""9"": 8, ""12"": 2, ""13"": 1, ""16"": 1}","{""1"": 103, ""2"": 83, ""3"": 128, ""4"": 106, ""5"": 65, ""6"": 124, ""7"": 95, ""8"": 109, ""9"": 83}","{""0"": 896}","{""2"": 48, ""3"": 47, ""4"": 21, ""5"": 33, ""6"": 40, ""7"": 11, ""8"": 1, ""9"": 22, ""10"": 14, ""11"": 5, ""12"": 4, ""13"": 11, ""14"": 5, ""15"": 1, ""17"": 1, ""18"": 1, ""19"": 1}","{""1"": 66, ""2"": 61, ""3"": 25, ""4"": 47, ""5"": 33, ""6"": 9, ""7"": 3, ""8"": 10, ""9"": 8, ""12"": 2, ""13"": 1, ""16"": 1}","{""(1, 1)"": 66, ""(1, 3)"": 17, ""(1, 9)"": 1, ""(10, 10)"": 1, ""(10, 12)"": 1, ""(10, 13)"": 1, ""(10, 16)"": 3, ""(10, 3)"": 2, ""(10, 5)"": 1, ""(11, 11)"": 1, ""(11, 12)"": 1, ""(11, 13)"": 1, ""(11, 15)"": 1, ""(11, 6)"": 1, ""(11, 9)"": 1, ""(12, 13)"": 1, ""(12, 17)"": 1, ""(12, 3)"": 4, ""(12, 6)"": 1, ""(12, 9)"": 1, ""(13, 12)"": 1, ""(13, 18)"": 2, ""(13, 19)"": 1, ""(13, 3)"": 1, ""(13, 5)"": 2, ""(14, 12)"": 1, ""(14, 13)"": 1, ""(14, 17)"": 1, ""(14, 2)"": 1, ""(14, 22)"": 1, ""(14, 4)"": 1, ""(14, 6)"": 1, ""(15, 11)"": 1, ""(15, 15)"": 1, ""(15, 2)"": 1, ""(15, 8)"": 2, ""(16, 11)"": 1, ""(16, 14)"": 1, ""(16, 2)"": 1, ""(16, 6)"": 3, ""(17, 11)"": 1, ""(17, 7)"": 1, ""(17, 8)"": 1, ""(18, 10)"": 1, ""(18, 14)"": 1, ""(18, 15)"": 2, ""(18, 20)"": 1, ""(19, 2)"": 1, ""(2, 11)"": 1, ""(2, 16)"": 1, ""(2, 6)"": 1, ""(20, 21)"": 1, ""(20, 4)"": 1, ""(20, 8)"": 1, ""(21, 16)"": 1, ""(21, 19)"": 1, ""(24, 12)"": 1, ""(3, 1)"": 17, ""(3, 10)"": 1, ""(3, 12)"": 2, ""(3, 16)"": 1, ""(3, 17)"": 1, ""(3, 21)"": 1, ""(3, 3)"": 28, ""(3, 6)"": 1, ""(3, 9)"": 3, ""(4, 10)"": 1, ""(4, 12)"": 1, ""(4, 13)"": 1, ""(4, 15)"": 1, ""(4, 18)"": 1, ""(4, 7)"": 1, ""(5, 18)"": 1, ""(5, 6)"": 1, ""(5, 7)"": 3, ""(5, 9)"": 1, ""(6, 1)"": 1, ""(6, 11)"": 2, ""(6, 14)"": 1, ""(6, 3)"": 3, ""(6, 5)"": 2, ""(6, 7)"": 1, ""(6, 8)"": 2, ""(7, 1)"": 1, ""(7, 10)"": 1, ""(7, 11)"": 2, ""(7, 14)"": 1, ""(7, 15)"": 1, ""(7, 17)"": 1, ""(7, 2)"": 1, ""(7, 21)"": 1, ""(7, 3)"": 2, ""(7, 4)"": 1, ""(7, 6)"": 1, ""(7, 7)"": 1, ""(7, 8)"": 2, ""(7, 9)"": 1, ""(8, 10)"": 1, ""(8, 11)"": 1, ""(8, 3)"": 2, ""(8, 4)"": 1, ""(8, 5)"": 1, ""(8, 8)"": 3, ""(8, 9)"": 1, ""(9, 13)"": 1, ""(9, 14)"": 2, ""(9, 16)"": 1, ""(9, 2)"": 2, ""(9, 5)"": 1, ""(9, 6)"": 2, ""(9, 8)"": 1}","[{""key"": ""adj_nz=1;adj_distinct=1;ray_dirs=1"", ""count"": 315}, {""key"": ""adj_nz=0;adj_distinct=0;ray_dirs=0"", ""count"": 185}, {""key"": ""adj_nz=1;adj_distinct=1;ray_dirs=2"", ""count"": 107}, {""key"": ""adj_nz=2;adj_distinct=1;ray_dirs=2"", ""count"": 96}, {""key"": ""adj_nz=0;adj_distinct=0;ray_dirs=1"", ""count"": 92}, {""key"": ""adj_nz=4;adj_distinct=1;ray_dirs=4"", ""count"": 56}, {""key"": ""adj_nz=2;adj_distinct=1;ray_dirs=3"", ""count"": 20}, {""key"": ""adj_nz=1;adj_distinct=1;ray_dirs=3"", ""count"": 12}]","[{""key"": ""inside=1;border=0;dr=1;dc=1"", ""count"": 107}, {""key"": ""inside=1;border=1;dr=0;dc=1"", ""count"": 96}, {""key"": ""inside=1;border=1;dr=1;dc=0"", ""count"": 87}, {""key"": ""inside=0;border=0;dr=1;dc=1"", ""count"": 81}, {""key"": ""inside=0;border=0;dr=1;dc=0"", ""count"": 55}, {""key"": ""inside=0;border=0;dr=0;dc=1"", ""count"": 50}, {""key"": ""inside=1;border=0;dr=2;dc=1"", ""count"": 20}, {""key"": ""inside=1;border=0;dr=1;dc=3"", ""count"": 17}]","[{""key"": ""same_row_nz=1;same_col_nz=0;changed_row=1;changed_col=1"", ""count"": 293}, {""key"": ""same_row_nz=0;same_col_nz=1;changed_row=1;changed_col=1"", ""count"": 240}, {""key"": ""same_row_nz=0;same_col_nz=0;changed_row=1;changed_col=1"", ""count"": 185}, {""key"": ""same_row_nz=1;same_col_nz=1;changed_row=1;changed_col=1"", ""count"": 178}]","[{""key"": ""touch_components=1;nonzero_components=2"", ""count"": 48}, {""key"": ""touch_components=2;nonzero_components=3"", ""count"": 47}, {""key"": ""touch_components=4;nonzero_components=5"", ""count"": 32}, {""key"": ""touch_components=5;nonzero_components=6"", ""count"": 21}, {""key"": ""touch_components=3;nonzero_components=4"", ""count"": 20}, {""key"": ""touch_components=0;nonzero_components=9"", ""count"": 17}, {""key"": ""touch_components=0;nonzero_components=6"", ""count"": 14}, {""key"": ""touch_components=0;nonzero_components=10"", ""count"": 9}]",mixed_component_edit,component featuresを教師に小さなbranch treeを探索する
77,266,266,266,0,0,0,12.6504,"{""1"": 1, ""2"": 1, ""3"": 2, ""4"": 7, ""5"": 7, ""6"": 13, ""7"": 8, ""8"": 16, ""9"": 16, ""10"": 29, ""11"": 22, ""12"": 21, ""13"": 23, ""14"": 12, ""15"": 22, ""16"": 11, ""17"": 7, ""18"": 11, ""19"": 10, ""20"": 6, ""21"": 6, ""22"": 2, ""23"": 4, ""25"": 3, ""26"": 2, ""27"": 2, ""29"": 1, ""31"": 1}","{""4"": 3365}","{""1"": 448, ""3"": 463, ""5"": 539, ""6"": 349, ""7"": 667, ""8"": 443, ""9"": 456}","{""5"": 4, ""6"": 5, ""7"": 5, ""8"": 3, ""9"": 7, ""10"": 15, ""11"": 9, ""12"": 17, ""13"": 11, ""14"": 13, ""15"": 11, ""16"": 12, ""17"": 18, ""18"": 16, ""19"": 11, ""20"": 11, ""21"": 15, ""22"": 14, ""23"": 8, ""24"": 14, ""25"": 6, ""26"": 6, ""27"": 7, ""28"": 5, ""29"": 3, ""30"": 7, ""31"": 1, ""32"": 2, ""33"": 3, ""34"": 2, ""36"": 1, ""37"": 2, ""38"": 1, ""39"": 1}","{""1"": 3, ""2"": 3, ""3"": 18, ""4"": 27, ""5"": 31, ""6"": 37, ""7"": 39, ""8"": 31, ""9"": 27, ""10"": 27, ""11"": 14, ""12"": 3, ""13"": 4, ""14"": 1, ""16"": 1}","{""(1, 1)"": 1, ""(1, 2)"": 1, ""(10, 10)"": 2, ""(10, 11)"": 2, ""(10, 12)"": 3, ""(10, 13)"": 5, ""(10, 14)"": 5, ""(10, 17)"": 1, ""(10, 5)"": 1, ""(10, 6)"": 1, ""(10, 8)"": 1, ""(10, 9)"": 1, ""(11, 10)"": 4, ""(11, 11)"": 2, ""(11, 12)"": 2, ""(11, 13)"": 4, ""(11, 14)"": 3, ""(11, 15)"": 1, ""(11, 16)"": 1, ""(11, 17)"": 1, ""(11, 18)"": 1, ""(11, 6)"": 1, ""(11, 8)"": 1, ""(11, 9)"": 1, ""(12, 11)"": 3, ""(12, 12)"": 8, ""(12, 13)"": 3, ""(12, 14)"": 3, ""(12, 15)"": 2, ""(12, 16)"": 3, ""(12, 17)"": 2, ""(12, 5)"": 1, ""(12, 6)"": 1, ""(12, 7)"": 1, ""(12, 9)"": 1, ""(13, 10)"": 3, ""(13, 11)"": 3, ""(13, 12)"": 4, ""(13, 13)"": 5, ""(13, 14)"": 8, ""(13, 15)"": 4, ""(13, 16)"": 1, ""(13, 18)"": 1, ""(13, 5)"": 1, ""(13, 6)"": 3, ""(14, 10)"": 1, ""(14, 11)"": 3, ""(14, 12)"": 5, ""(14, 13)"": 4, ""(14, 14)"": 5, ""(14, 15)"": 2, ""(14, 16)"": 1, ""(14, 17)"": 1, ""(14, 2)"": 1, ""(14, 5)"": 1, ""(14, 7)"": 2, ""(14, 8)"": 1, ""(14, 9)"": 2, ""(15, 10)"": 3, ""(15, 11)"": 3, ""(15, 13)"": 2, ""(15, 14)"": 2, ""(15, 15)"": 1, ""(15, 17)"": 2, ""(15, 19)"": 1, ""(15, 20)"": 1, ""(15, 7)"": 2, ""(15, 8)"": 1, ""(15, 9)"": 1, ""(16, 10)"": 2, ""(16, 12)"": 3, ""(16, 13)"": 1, ""(16, 14)"": 5, ""(16, 15)"": 1, ""(16, 5)"": 1, ""(16, 7)"": 1, ""(17, 11)"": 2, ""(17, 12)"": 1, ""(17, 13)"": 1, ""(17, 16)"": 3, ""(17, 17)"": 1, ""(17, 20)"": 1, ""(17, 6)"": 1, ""(17, 8)"": 2, ""(18, 13)"": 1, ""(18, 17)"": 1, ""(18, 19)"": 1, ""(18, 3)"": 1, ""(18, 4)"": 1, ""(18, 6)"": 1, ""(18, 7)"": 1, ""(18, 9)"": 1, ""(19, 11)"": 1, ""(19, 14)"": 1, ""(19, 15)"": 1, ""(19, 18)"": 1, ""(2, 15)"": 1, ""(2, 6)"": 1, ""(3, 15)"": 2, ""(3, 3)"": 2, ""(3, 4)"": 1, ""(3, 6)"": 1, ""(3, 7)"": 1, ""(4, 10)"": 2, ""(4, 12)"": 1, ""(4, 13)"": 2, ""(4, 16)"": 1, ""(4, 19)"": 1, ""(4, 8)"": 1, ""(5, 14)"": 1, ""(5, 7)"": 2, ""(6, 10)"": 2, ""(6, 12)"": 1, ""(6, 6)"": 1, ""(6, 8)"": 1, ""(7, 10)"": 1, ""(7, 11)"": 1, ""(7, 14)"": 2, ""(7, 15)"": 1, ""(7, 5)"": 2, ""(7, 6)"": 1, ""(8, 10)"": 2, ""(8, 11)"": 1, ""(8, 12)"": 2, ""(8, 13)"": 2, ""(8, 14)"": 2, ""(8, 6)"": 2, ""(8, 7)"": 1, ""(8, 8)"": 3, ""(8, 9)"": 2, ""(9, 10)"": 2, ""(9, 11)"": 4, ""(9, 12)"": 1, ""(9, 13)"": 1, ""(9, 16)"": 1, ""(9, 17)"": 1, ""(9, 3)"": 1, ""(9, 5)"": 2, ""(9, 6)"": 1, ""(9, 7)"": 5, ""(9, 8)"": 2, ""(9, 9)"": 2}","[{""key"": ""adj_nz=4;adj_distinct=2;ray_dirs=4"", ""count"": 1445}, {""key"": ""adj_nz=3;adj_distinct=2;ray_dirs=4"", ""count"": 860}, {""key"": ""adj_nz=3;adj_distinct=2;ray_dirs=3"", ""count"": 333}, {""key"": ""adj_nz=3;adj_distinct=1;ray_dirs=4"", ""count"": 200}, {""key"": ""adj_nz=2;adj_distinct=1;ray_dirs=4"", ""count"": 114}, {""key"": ""adj_nz=4;adj_distinct=1;ray_dirs=4"", ""count"": 101}, {""key"": ""adj_nz=3;adj_distinct=1;ray_dirs=3"", ""count"": 94}, {""key"": ""adj_nz=2;adj_distinct=1;ray_dirs=3"", ""count"": 81}]","[{""key"": ""inside=1;border=0;dr=2;dc=4"", ""count"": 78}, {""key"": ""inside=1;border=0;dr=2;dc=3"", ""count"": 77}, {""key"": ""inside=1;border=0;dr=6;dc=6"", ""count"": 70}, {""key"": ""inside=1;border=0;dr=4;dc=3"", ""count"": 67}, {""key"": ""inside=1;border=0;dr=3;dc=4"", ""count"": 66}, {""key"": ""inside=1;border=0;dr=2;dc=6"", ""count"": 65}, {""key"": ""inside=1;border=0;dr=3;dc=5"", ""count"": 64}, {""key"": ""inside=1;border=0;dr=3;dc=3"", ""count"": 62}]","[{""key"": ""same_row_nz=1;same_col_nz=1;changed_row=1;changed_col=1"", ""count"": 3365}]","[{""key"": ""touch_components=2;nonzero_components=17"", ""count"": 13}, {""key"": ""touch_components=2;nonzero_components=12"", ""count"": 10}, {""key"": ""touch_components=2;nonzero_components=15"", ""count"": 9}, {""key"": ""touch_components=2;nonzero_components=24"", ""count"": 8}, {""key"": ""touch_components=1;nonzero_components=10"", ""count"": 8}, {""key"": ""touch_components=2;nonzero_components=18"", ""count"": 8}, {""key"": ""touch_components=2;nonzero_components=14"", ""count"": 7}, {""key"": ""touch_components=2;nonzero_components=21"", ""count"": 7}]",mixed_component_edit,component featuresを教師に小さなbranch treeを探索する
158,266,266,266,0,0,0,18.7481,"{""3"": 29, ""4"": 9, ""5"": 41, ""6"": 15, ""8"": 1, ""10"": 6, ""12"": 26, ""15"": 9, ""16"": 5, ""18"": 1, ""20"": 38, ""24"": 17, ""25"": 8, ""27"": 14, ""30"": 6, ""32"": 1, ""36"": 7, ""39"": 3, ""44"": 1, ""45"": 14, ""50"": 1, ""52"": 1, ""54"": 6, ""56"": 1, ""60"": 1, ""65"": 1, ""78"": 1, ""90"": 3}","{""1"": 444, ""2"": 537, ""3"": 423, ""4"": 828, ""5"": 483, ""6"": 576, ""7"": 429, ""8"": 644, ""9"": 623}","{""1"": 498, ""2"": 613, ""3"": 710, ""4"": 729, ""5"": 668, ""6"": 541, ""7"": 378, ""8"": 323, ""9"": 527}","{""1"": 266}","{""1"": 132, ""2"": 62, ""3"": 31, ""4"": 24, ""6"": 9, ""8"": 4, ""12"": 4}","{""(10, 11)"": 1, ""(10, 14)"": 1, ""(10, 3)"": 1, ""(11, 10)"": 1, ""(11, 13)"": 1, ""(11, 6)"": 2, ""(12, 14)"": 1, ""(12, 19)"": 1, ""(12, 20)"": 2, ""(13, 5)"": 1, ""(13, 6)"": 2, ""(14, 16)"": 1, ""(14, 7)"": 1, ""(15, 13)"": 2, ""(15, 15)"": 1, ""(15, 6)"": 1, ""(15, 9)"": 1, ""(16, 11)"": 1, ""(16, 19)"": 1, ""(16, 5)"": 1, ""(16, 6)"": 1, ""(16, 7)"": 1, ""(17, 16)"": 1, ""(17, 17)"": 1, ""(17, 9)"": 1, ""(18, 16)"": 1, ""(18, 18)"": 2, ""(18, 9)"": 1, ""(19, 10)"": 1, ""(19, 23)"": 1, ""(2, 2)"": 15, ""(20, 10)"": 1, ""(20, 13)"": 2, ""(22, 13)"": 1, ""(22, 7)"": 1, ""(23, 14)"": 1, ""(23, 20)"": 1, ""(3, 3)"": 75, ""(4, 14)"": 1, ""(4, 4)"": 15, ""(5, 15)"": 1, ""(5, 16)"": 1, ""(6, 15)"": 1, ""(6, 20)"": 1, ""(6, 6)"": 75, ""(7, 11)"": 2, ""(7, 17)"": 1, ""(7, 8)"": 1, ""(8, 11)"": 1, ""(8, 4)"": 1, ""(9, 11)"": 1, ""(9, 12)"": 1, ""(9, 17)"": 1, ""(9, 18)"": 1, ""(9, 9)"": 29}","[{""key"": ""adj_nz=4;adj_distinct=1;ray_dirs=4"", ""count"": 3438}, {""key"": ""adj_nz=4;adj_distinct=2;ray_dirs=4"", ""count"": 1441}, {""key"": ""adj_nz=3;adj_distinct=1;ray_dirs=3"", ""count"": 76}, {""key"": ""adj_nz=3;adj_distinct=2;ray_dirs=3"", ""count"": 31}, {""key"": ""adj_nz=2;adj_distinct=1;ray_dirs=2"", ""count"": 1}]","[{""key"": ""inside=1;border=0;dr=7;dc=6"", ""count"": 80}, {""key"": ""inside=1;border=0;dr=4;dc=6"", ""count"": 80}, {""key"": ""inside=1;border=0;dr=7;dc=5"", ""count"": 79}, {""key"": ""inside=1;border=0;dr=6;dc=5"", ""count"": 79}, {""key"": ""inside=1;border=0;dr=5;dc=7"", ""count"": 77}, {""key"": ""inside=1;border=0;dr=6;dc=7"", ""count"": 74}, {""key"": ""inside=1;border=0;dr=6;dc=6"", ""count"": 74}, {""key"": ""inside=1;border=0;dr=7;dc=7"", ""count"": 73}]","[{""key"": ""same_row_nz=1;same_col_nz=1;changed_row=1;changed_col=1"", ""count"": 4987}]","[{""key"": ""touch_components=1;nonzero_components=1"", ""count"": 266}]",mixed_component_edit,component featuresを教師に小さなbranch treeを探索する
133,267,267,267,0,267,171,16.4494,"{""1"": 14, ""2"": 29, ""3"": 10, ""4"": 18, ""5"": 5, ""6"": 11, ""8"": 6, ""9"": 17, ""10"": 13, ""11"": 4, ""12"": 19, ""13"": 3, ""14"": 3, ""15"": 6, ""16"": 6, ""17"": 4, ""18"": 20, ""19"": 2, ""20"": 4, ""21"": 1, ""22"": 2, ""24"": 8, ""26"": 1, ""27"": 14, ""28"": 4, ""30"": 2, ""32"": 5, ""33"": 4, ""34"": 4, ""36"": 4, ""39"": 3, ""42"": 7, ""48"": 2, ""51"": 2, ""54"": 3, ""60"": 1, ""63"": 3, ""66"": 1, ""75"": 1, ""145"": 1}","{""1"": 333, ""2"": 498, ""3"": 526, ""4"": 512, ""5"": 565, ""6"": 664, ""7"": 353, ""8"": 584, ""9"": 357}","{""0"": 4392}","{""2"": 96, ""3"": 83, ""4"": 88}","{""1"": 70, ""2"": 82, ""3"": 66, ""4"": 30, ""5"": 9, ""6"": 10}","{""(1, 1)"": 14, ""(1, 2)"": 8, ""(10, 16)"": 1, ""(10, 18)"": 1, ""(10, 19)"": 1, ""(10, 23)"": 1, ""(10, 26)"": 1, ""(10, 5)"": 1, ""(10, 6)"": 1, ""(11, 10)"": 1, ""(11, 15)"": 1, ""(11, 16)"": 1, ""(11, 17)"": 1, ""(11, 18)"": 1, ""(11, 24)"": 1, ""(11, 27)"": 1, ""(11, 3)"": 1, ""(11, 4)"": 2, ""(11, 5)"": 1, ""(11, 9)"": 1, ""(12, 11)"": 2, ""(12, 12)"": 1, ""(12, 13)"": 1, ""(12, 14)"": 1, ""(12, 15)"": 1, ""(12, 16)"": 1, ""(12, 23)"": 1, ""(12, 4)"": 1, ""(12, 5)"": 1, ""(12, 6)"": 2, ""(13, 11)"": 1, ""(13, 13)"": 1, ""(13, 14)"": 3, ""(13, 16)"": 1, ""(13, 18)"": 1, ""(13, 3)"": 1, ""(13, 8)"": 1, ""(14, 10)"": 1, ""(14, 14)"": 2, ""(14, 15)"": 1, ""(14, 16)"": 1, ""(14, 18)"": 1, ""(14, 21)"": 1, ""(14, 23)"": 1, ""(14, 24)"": 1, ""(14, 3)"": 1, ""(14, 9)"": 1, ""(15, 10)"": 1, ""(15, 14)"": 1, ""(15, 15)"": 3, ""(15, 18)"": 1, ""(15, 19)"": 2, ""(15, 25)"": 1, ""(15, 29)"": 1, ""(15, 4)"": 2, ""(15, 6)"": 1, ""(15, 9)"": 1, ""(16, 13)"": 1, ""(16, 15)"": 1, ""(16, 16)"": 2, ""(16, 20)"": 2, ""(16, 5)"": 2, ""(16, 6)"": 1, ""(17, 10)"": 1, ""(17, 12)"": 1, ""(17, 24)"": 1, ""(17, 4)"": 1, ""(17, 6)"": 2, ""(17, 9)"": 1, ""(18, 12)"": 1, ""(18, 13)"": 1, ""(18, 15)"": 1, ""(18, 16)"": 1, ""(18, 17)"": 2, ""(18, 24)"": 1, ""(18, 6)"": 1, ""(18, 9)"": 1, ""(19, 10)"": 1, ""(19, 22)"": 1, ""(19, 6)"": 1, ""(19, 9)"": 1, ""(2, 1)"": 7, ""(2, 10)"": 1, ""(2, 11)"": 1, ""(2, 2)"": 13, ""(2, 3)"": 2, ""(2, 4)"": 1, ""(20, 12)"": 1, ""(20, 15)"": 1, ""(20, 21)"": 1, ""(20, 22)"": 1, ""(20, 5)"": 1, ""(21, 10)"": 2, ""(21, 13)"": 1, ""(21, 17)"": 1, ""(21, 24)"": 1, ""(22, 19)"": 1, ""(23, 11)"": 1, ""(23, 18)"": 1, ""(23, 7)"": 1, ""(23, 8)"": 2, ""(24, 11)"": 1, ""(24, 17)"": 1, ""(25, 15)"": 1, ""(25, 21)"": 1, ""(26, 16)"": 1, ""(26, 20)"": 1, ""(26, 22)"": 1, ""(27, 16)"": 1, ""(29, 15)"": 1, ""(3, 1)"": 1, ""(3, 12)"": 1, ""(3, 2)"": 1, ""(3, 21)"": 1, ""(3, 3)"": 13, ""(3, 6)"": 1, ""(4, 12)"": 1, ""(4, 14)"": 1, ""(4, 21)"": 1, ""(4, 27)"": 1, ""(4, 4)"": 10, ""(4, 6)"": 3, ""(5, 11)"": 1, ""(5, 13)"": 1, ""(5, 22)"": 1, ""(5, 9)"": 1, ""(6, 11)"": 1, ""(6, 12)"": 1, ""(6, 16)"": 2, ""(6, 19)"": 1, ""(6, 20)"": 1, ""(6, 3)"": 1, ""(6, 4)"": 1, ""(6, 6)"": 7, ""(6, 8)"": 1, ""(6, 9)"": 3, ""(7, 10)"": 1, ""(7, 11)"": 2, ""(7, 12)"": 2, ""(7, 16)"": 2, ""(7, 17)"": 1, ""(7, 3)"": 1, ""(7, 4)"": 1, ""(8, 10)"": 1, ""(8, 11)"": 1, ""(8, 12)"": 3, ""(8, 13)"": 1, ""(8, 16)"": 1, ""(8, 18)"": 1, ""(8, 24)"": 1, ""(8, 25)"": 1, ""(8, 4)"": 3, ""(8, 6)"": 2, ""(8, 7)"": 1, ""(8, 8)"": 4, ""(9, 10)"": 1, ""(9, 11)"": 1, ""(9, 13)"": 1, ""(9, 15)"": 1, ""(9, 17)"": 1, ""(9, 2)"": 1, ""(9, 20)"": 1, ""(9, 21)"": 1, ""(9, 3)"": 1, ""(9, 5)"": 1, ""(9, 6)"": 2, ""(9, 9)"": 1}","[{""key"": ""adj_nz=0;adj_distinct=0;ray_dirs=1"", ""count"": 2050}, {""key"": ""adj_nz=1;adj_distinct=1;ray_dirs=1"", ""count"": 1029}, {""key"": ""adj_nz=0;adj_distinct=0;ray_dirs=2"", ""count"": 551}, {""key"": ""adj_nz=0;adj_distinct=0;ray_dirs=0"", ""count"": 364}, {""key"": ""adj_nz=1;adj_distinct=1;ray_dirs=2"", ""count"": 340}, {""key"": ""adj_nz=0;adj_distinct=0;ray_dirs=3"", ""count"": 31}, {""key"": ""adj_nz=1;adj_distinct=1;ray_dirs=3"", ""count"": 25}, {""key"": ""adj_nz=0;adj_distinct=0;ray_dirs=4"", ""count"": 2}]","[{""key"": ""inside=0;border=0;dr=1;dc=1"", ""count"": 146}, {""key"": ""inside=0;border=0;dr=1;dc=2"", ""count"": 108}, {""key"": ""inside=0;border=0;dr=2;dc=1"", ""count"": 104}, {""key"": ""inside=0;border=0;dr=2;dc=2"", ""count"": 90}, {""key"": ""inside=0;border=0;dr=0;dc=1"", ""count"": 72}, {""key"": ""inside=0;border=0;dr=1;dc=3"", ""count"": 71}, {""key"": ""inside=0;border=0;dr=3;dc=1"", ""count"": 68}, {""key"": ""inside=0;border=0;dr=2;dc=3"", ""count"": 67}]","[{""key"": ""same_row_nz=1;same_col_nz=0;changed_row=1;changed_col=1"", ""count"": 1741}, {""key"": ""same_row_nz=0;same_col_nz=1;changed_row=1;changed_col=1"", ""count"": 1699}, {""key"": ""same_row_nz=1;same_col_nz=1;changed_row=1;changed_col=1"", ""count"": 588}, {""key"": ""same_row_nz=0;same_col_nz=0;changed_row=1;changed_col=1"", ""count"": 364}]","[{""key"": ""touch_components=1;nonzero_components=2"", ""count"": 96}, {""key"": ""touch_components=3;nonzero_components=4"", ""count"": 88}, {""key"": ""touch_components=2;nonzero_components=3"", ""count"": 83}]",multi_color_recolor_or_copy,source color roleとcopy directionを先に推定し、fillではなくrecolor/copy compilerへ分岐する
71,265,265,265,6,0,259,16.0755,"{""12"": 85, ""16"": 90, ""20"": 90}","{""0"": 2597, ""1"": 169, ""2"": 198, ""3"": 179, ""4"": 152, ""5"": 216, ""6"": 191, ""7"": 187, ""8"": 207, ""9"": 164}","{""1"": 316, ""2"": 612, ""3"": 416, ""4"": 456, ""5"": 424, ""6"": 428, ""7"": 548, ""8"": 580, ""9"": 480}","{""1"": 264, ""2"": 1}","{""1"": 265}","{""(3, 4)"": 85, ""(4, 4)"": 90, ""(5, 4)"": 90}","[{""key"": ""adj_nz=3;adj_distinct=1;ray_dirs=3"", ""count"": 1191}, {""key"": ""adj_nz=4;adj_distinct=1;ray_dirs=4"", ""count"": 1070}, {""key"": ""adj_nz=4;adj_distinct=2;ray_dirs=4"", ""count"": 1053}, {""key"": ""adj_nz=2;adj_distinct=1;ray_dirs=2"", ""count"": 585}, {""key"": ""adj_nz=3;adj_distinct=1;ray_dirs=4"", ""count"": 160}, {""key"": ""adj_nz=3;adj_distinct=2;ray_dirs=3"", ""count"": 105}, {""key"": ""adj_nz=2;adj_distinct=1;ray_dirs=3"", ""count"": 52}, {""key"": ""adj_nz=3;adj_distinct=2;ray_dirs=4"", ""count"": 42}]","[{""key"": ""inside=1;border=0;dr=2;dc=2"", ""count"": 442}, {""key"": ""inside=1;border=0;dr=2;dc=1"", ""count"": 438}, {""key"": ""inside=1;border=1;dr=2;dc=0"", ""count"": 438}, {""key"": ""inside=1;border=0;dr=2;dc=3"", ""count"": 434}, {""key"": ""inside=1;border=0;dr=1;dc=2"", ""count"": 331}, {""key"": ""inside=1;border=0;dr=1;dc=1"", ""count"": 328}, {""key"": ""inside=1;border=1;dr=1;dc=0"", ""count"": 328}, {""key"": ""inside=1;border=0;dr=1;dc=3"", ""count"": 325}]","[{""key"": ""same_row_nz=1;same_col_nz=1;changed_row=1;changed_col=1"", ""count"": 4260}]","[{""key"": ""touch_components=1;nonzero_components=1"", ""count"": 264}, {""key"": ""touch_components=1;nonzero_components=2"", ""count"": 1}]",multi_color_recolor_or_copy,source color roleとcopy directionを先に推定し、fillではなくrecolor/copy compilerへ分岐する
285,265,265,265,0,265,265,25.6264,"{""6"": 8, ""8"": 4, ""9"": 16, ""10"": 7, ""12"": 20, ""14"": 7, ""15"": 12, ""16"": 2, ""17"": 1, ""18"": 14, ""19"": 1, ""20"": 3, ""21"": 22, ""22"": 7, ""23"": 1, ""24"": 11, ""25"": 3, ""26"": 4, ""27"": 7, ""28"": 2, ""29"": 7, ""30"": 13, ""31"": 2, ""32"": 4, ""33"": 12, ""34"": 6, ""35"": 7, ""36"": 14, ""37"": 3, ""38"": 2, ""39"": 8, ""40"": 2, ""41"": 3, ""42"": 6, ""43"": 3, ""44"": 1, ""45"": 6, ""48"": 3, ""51"": 3, ""53"": 3, ""54"": 1, ""56"": 1, ""57"": 1, ""60"": 2}","{""1"": 666, ""2"": 853, ""3"": 764, ""4"": 720, ""5"": 705, ""6"": 760, ""7"": 827, ""8"": 811, ""9"": 685}","{""0"": 6791}","{""1"": 95, ""2"": 80, ""3"": 88, ""4"": 1, ""7"": 1}","{""1"": 50, ""2"": 46, ""3"": 33, ""4"": 39, ""5"": 40, ""6"": 22, ""7"": 13, ""8"": 8, ""9"": 7, ""10"": 5, ""11"": 1, ""16"": 1}","{""(10, 10)"": 2, ""(10, 13)"": 2, ""(10, 14)"": 1, ""(10, 19)"": 1, ""(10, 21)"": 1, ""(10, 4)"": 3, ""(10, 8)"": 1, ""(11, 10)"": 2, ""(11, 11)"": 1, ""(11, 12)"": 1, ""(11, 14)"": 1, ""(11, 15)"": 1, ""(11, 16)"": 2, ""(11, 17)"": 2, ""(11, 18)"": 1, ""(11, 20)"": 1, ""(11, 24)"": 1, ""(11, 6)"": 1, ""(11, 9)"": 1, ""(12, 10)"": 3, ""(12, 12)"": 2, ""(12, 13)"": 1, ""(12, 14)"": 2, ""(12, 15)"": 2, ""(12, 16)"": 1, ""(12, 19)"": 2, ""(12, 23)"": 1, ""(12, 8)"": 1, ""(13, 10)"": 1, ""(13, 12)"": 1, ""(13, 13)"": 2, ""(13, 14)"": 1, ""(13, 15)"": 2, ""(13, 17)"": 2, ""(13, 18)"": 2, ""(13, 22)"": 1, ""(13, 8)"": 2, ""(14, 10)"": 1, ""(14, 11)"": 1, ""(14, 15)"": 2, ""(14, 16)"": 1, ""(14, 18)"": 2, ""(14, 19)"": 1, ""(14, 9)"": 1, ""(15, 10)"": 1, ""(15, 11)"": 1, ""(15, 12)"": 1, ""(15, 13)"": 3, ""(15, 14)"": 1, ""(15, 15)"": 3, ""(15, 16)"": 1, ""(15, 18)"": 2, ""(15, 19)"": 1, ""(15, 8)"": 1, ""(16, 14)"": 5, ""(16, 15)"": 2, ""(16, 16)"": 2, ""(16, 18)"": 4, ""(16, 19)"": 3, ""(16, 4)"": 1, ""(16, 7)"": 1, ""(16, 9)"": 1, ""(17, 14)"": 3, ""(17, 15)"": 1, ""(17, 16)"": 2, ""(17, 17)"": 3, ""(17, 21)"": 2, ""(18, 11)"": 1, ""(18, 13)"": 1, ""(18, 14)"": 1, ""(18, 15)"": 2, ""(18, 16)"": 2, ""(18, 17)"": 1, ""(18, 19)"": 2, ""(18, 6)"": 1, ""(18, 8)"": 1, ""(19, 12)"": 3, ""(19, 13)"": 1, ""(19, 15)"": 1, ""(19, 18)"": 1, ""(19, 19)"": 1, ""(19, 20)"": 1, ""(19, 6)"": 1, ""(19, 8)"": 1, ""(2, 3)"": 1, ""(2, 4)"": 2, ""(2, 8)"": 1, ""(20, 12)"": 1, ""(20, 16)"": 2, ""(20, 19)"": 1, ""(20, 21)"": 1, ""(21, 14)"": 1, ""(21, 15)"": 2, ""(21, 17)"": 1, ""(21, 19)"": 1, ""(21, 20)"": 1, ""(21, 23)"": 1, ""(22, 11)"": 1, ""(22, 18)"": 1, ""(22, 20)"": 1, ""(22, 9)"": 1, ""(23, 11)"": 1, ""(23, 18)"": 1, ""(23, 20)"": 2, ""(24, 16)"": 1, ""(25, 16)"": 1, ""(25, 19)"": 1, ""(3, 6)"": 5, ""(3, 8)"": 2, ""(4, 10)"": 2, ""(4, 2)"": 1, ""(4, 3)"": 1, ""(4, 4)"": 4, ""(4, 6)"": 19, ""(4, 8)"": 3, ""(5, 4)"": 1, ""(6, 10)"": 3, ""(6, 12)"": 1, ""(6, 14)"": 1, ""(6, 19)"": 1, ""(6, 2)"": 2, ""(6, 3)"": 2, ""(6, 4)"": 8, ""(6, 6)"": 12, ""(6, 8)"": 8, ""(7, 14)"": 1, ""(8, 11)"": 1, ""(8, 14)"": 1, ""(8, 16)"": 1, ""(8, 17)"": 2, ""(8, 19)"": 1, ""(8, 2)"": 1, ""(8, 3)"": 2, ""(8, 4)"": 6, ""(8, 6)"": 5, ""(8, 8)"": 1, ""(9, 11)"": 1, ""(9, 13)"": 1, ""(9, 14)"": 1, ""(9, 15)"": 1, ""(9, 16)"": 1, ""(9, 18)"": 1, ""(9, 7)"": 1, ""(9, 8)"": 1, ""(9, 9)"": 1}","[{""key"": ""adj_nz=0;adj_distinct=0;ray_dirs=1"", ""count"": 2530}, {""key"": ""adj_nz=1;adj_distinct=1;ray_dirs=1"", ""count"": 1153}, {""key"": ""adj_nz=1;adj_distinct=1;ray_dirs=2"", ""count"": 893}, {""key"": ""adj_nz=0;adj_distinct=0;ray_dirs=2"", ""count"": 684}, {""key"": ""adj_nz=2;adj_distinct=2;ray_dirs=2"", ""count"": 632}, {""key"": ""adj_nz=0;adj_distinct=0;ray_dirs=0"", ""count"": 611}, {""key"": ""adj_nz=2;adj_distinct=2;ray_dirs=3"", ""count"": 128}, {""key"": ""adj_nz=1;adj_distinct=1;ray_dirs=3"", ""count"": 119}]","[{""key"": ""inside=0;border=0;dr=1;dc=1"", ""count"": 547}, {""key"": ""inside=0;border=0;dr=1;dc=2"", ""count"": 312}, {""key"": ""inside=0;border=0;dr=2;dc=1"", ""count"": 286}, {""key"": ""inside=1;border=1;dr=0;dc=0"", ""count"": 242}, {""key"": ""inside=0;border=0;dr=1;dc=0"", ""count"": 213}, {""key"": ""inside=0;border=0;dr=0;dc=1"", ""count"": 207}, {""key"": ""inside=0;border=0;dr=1;dc=3"", ""count"": 148}, {""key"": ""inside=0;border=0;dr=2;dc=2"", ""count"": 140}]","[{""key"": ""same_row_nz=1;same_col_nz=1;changed_row=1;changed_col=1"", ""count"": 2199}, {""key"": ""same_row_nz=1;same_col_nz=0;changed_row=1;changed_col=1"", ""count"": 2013}, {""key"": ""same_row_nz=0;same_col_nz=1;changed_row=1;changed_col=1"", ""count"": 1968}, {""key"": ""same_row_nz=0;same_col_nz=0;changed_row=1;changed_col=1"", ""count"": 611}]","[{""key"": ""touch_components=1;nonzero_components=1"", ""count"": 95}, {""key"": ""touch_components=3;nonzero_components=3"", ""count"": 87}, {""key"": ""touch_components=2;nonzero_components=2"", ""count"": 80}, {""key"": ""touch_components=3;nonzero_components=7"", ""count"": 1}, {""key"": ""touch_components=1;nonzero_components=3"", ""count"": 1}, {""key"": ""touch_components=3;nonzero_components=4"", ""count"": 1}]",multi_color_recolor_or_copy,source color roleとcopy directionを先に推定し、fillではなくrecolor/copy compilerへ分岐する
85,265,265,265,265,0,0,19.5585,"{""3"": 1, ""4"": 3, ""5"": 5, ""6"": 2, ""7"": 3, ""8"": 11, ""9"": 13, ""10"": 4, ""11"": 10, ""12"": 12, ""13"": 17, ""14"": 13, ""15"": 8, ""16"": 7, ""17"": 9, ""18"": 11, ""19"": 14, ""20"": 11, ""21"": 19, ""22"": 10, ""23"": 11, ""24"": 7, ""25"": 5, ""26"": 6, ""27"": 8, ""28"": 5, ""29"": 4, ""30"": 3, ""31"": 3, ""32"": 3, ""33"": 3, ""35"": 5, ""36"": 1, ""37"": 2, ""38"": 4, ""39"": 4, ""41"": 1, ""42"": 2, ""44"": 1, ""45"": 1, ""52"": 1, ""54"": 1, ""55"": 1}","{""0"": 5183}","{""1"": 626, ""2"": 619, ""3"": 612, ""4"": 546, ""5"": 538, ""6"": 518, ""7"": 571, ""8"": 594, ""9"": 559}","{""1"": 68, ""2"": 126, ""3"": 57, ""4"": 14}","{""3"": 1, ""4"": 3, ""5"": 5, ""6"": 2, ""7"": 3, ""8"": 11, ""9"": 13, ""10"": 4, ""11"": 10, ""12"": 12, ""13"": 17, ""14"": 13, ""15"": 8, ""16"": 7, ""17"": 9, ""18"": 11, ""19"": 14, ""20"": 11, ""21"": 19, ""22"": 10, ""23"": 11, ""24"": 7, ""25"": 5, ""26"": 6, ""27"": 8, ""28"": 5, ""29"": 4, ""30"": 3, ""31"": 3, ""32"": 3, ""33"": 3, ""35"": 5, ""36"": 1, ""37"": 2, ""38"": 4, ""39"": 4, ""41"": 1, ""42"": 2, ""44"": 1, ""45"": 1, ""52"": 1, ""54"": 1, ""55"": 1}","{""(10, 12)"": 1, ""(10, 13)"": 1, ""(10, 15)"": 1, ""(10, 16)"": 2, ""(10, 17)"": 2, ""(10, 18)"": 3, ""(10, 23)"": 1, ""(10, 25)"": 1, ""(10, 26)"": 1, ""(10, 27)"": 1, ""(11, 11)"": 1, ""(11, 13)"": 3, ""(11, 15)"": 3, ""(11, 16)"": 6, ""(11, 17)"": 7, ""(11, 18)"": 2, ""(11, 19)"": 1, ""(11, 21)"": 3, ""(11, 23)"": 3, ""(11, 24)"": 2, ""(11, 25)"": 5, ""(11, 26)"": 2, ""(11, 27)"": 4, ""(11, 28)"": 1, ""(12, 11)"": 1, ""(12, 14)"": 1, ""(12, 16)"": 2, ""(12, 17)"": 2, ""(12, 18)"": 2, ""(12, 21)"": 1, ""(12, 22)"": 1, ""(12, 24)"": 1, ""(12, 25)"": 1, ""(12, 26)"": 1, ""(12, 27)"": 7, ""(12, 28)"": 2, ""(13, 15)"": 2, ""(13, 17)"": 2, ""(13, 18)"": 2, ""(13, 23)"": 1, ""(13, 26)"": 1, ""(13, 27)"": 1, ""(13, 28)"": 3, ""(4, 10)"": 1, ""(4, 11)"": 2, ""(4, 12)"": 2, ""(4, 13)"": 5, ""(4, 14)"": 3, ""(4, 15)"": 5, ""(4, 17)"": 5, ""(4, 18)"": 1, ""(4, 19)"": 2, ""(4, 24)"": 2, ""(4, 25)"": 1, ""(4, 27)"": 2, ""(4, 3)"": 1, ""(4, 5)"": 1, ""(4, 9)"": 1, ""(5, 10)"": 1, ""(5, 11)"": 2, ""(5, 12)"": 3, ""(5, 13)"": 3, ""(5, 14)"": 1, ""(5, 15)"": 6, ""(5, 17)"": 3, ""(5, 18)"": 3, ""(5, 20)"": 1, ""(5, 22)"": 1, ""(5, 23)"": 5, ""(5, 24)"": 2, ""(5, 25)"": 4, ""(5, 27)"": 7, ""(5, 28)"": 1, ""(5, 6)"": 1, ""(5, 9)"": 2, ""(7, 13)"": 2, ""(7, 15)"": 2, ""(7, 16)"": 1, ""(7, 17)"": 6, ""(7, 21)"": 1, ""(7, 23)"": 2, ""(7, 25)"": 1, ""(7, 27)"": 4, ""(7, 9)"": 1, ""(8, 10)"": 1, ""(8, 11)"": 3, ""(8, 12)"": 1, ""(8, 13)"": 1, ""(8, 14)"": 1, ""(8, 15)"": 3, ""(8, 16)"": 6, ""(8, 17)"": 6, ""(8, 18)"": 4, ""(8, 21)"": 2, ""(8, 22)"": 2, ""(8, 23)"": 3, ""(8, 25)"": 2, ""(8, 26)"": 1, ""(8, 27)"": 7, ""(8, 28)"": 3, ""(8, 4)"": 1, ""(8, 6)"": 1, ""(8, 7)"": 1, ""(8, 9)"": 1, ""(9, 11)"": 1, ""(9, 12)"": 1, ""(9, 13)"": 2, ""(9, 14)"": 2, ""(9, 16)"": 2, ""(9, 17)"": 3, ""(9, 18)"": 1, ""(9, 21)"": 1, ""(9, 22)"": 1, ""(9, 23)"": 2, ""(9, 25)"": 2, ""(9, 26)"": 1, ""(9, 27)"": 4, ""(9, 28)"": 1}","[{""key"": ""adj_nz=4;adj_distinct=1;ray_dirs=4"", ""count"": 5183}]","[{""key"": ""inside=1;border=0;dr=1;dc=5"", ""count"": 510}, {""key"": ""inside=1;border=0;dr=1;dc=3"", ""count"": 473}, {""key"": ""inside=1;border=0;dr=1;dc=7"", ""count"": 465}, {""key"": ""inside=1;border=0;dr=1;dc=1"", ""count"": 425}, {""key"": ""inside=1;border=0;dr=1;dc=9"", ""count"": 313}, {""key"": ""inside=1;border=0;dr=1;dc=11"", ""count"": 226}, {""key"": ""inside=1;border=0;dr=1;dc=6"", ""count"": 181}, {""key"": ""inside=1;border=0;dr=1;dc=8"", ""count"": 168}]","[{""key"": ""same_row_nz=1;same_col_nz=1;changed_row=1;changed_col=1"", ""count"": 5183}]","[{""key"": ""touch_components=2;nonzero_components=2"", ""count"": 126}, {""key"": ""touch_components=1;nonzero_components=1"", ""count"": 68}, {""key"": ""touch_components=3;nonzero_components=3"", ""count"": 57}, {""key"": ""touch_components=4;nonzero_components=4"", ""count"": 14}]",object_erase_or_mask_clean,task071/085型として、消去対象componentの色・周期・行列位置をdecision tree化する
251,266,266,266,0,266,0,10.1805,"{""4"": 25, ""6"": 48, ""8"": 72, ""10"": 38, ""12"": 21, ""14"": 15, ""16"": 12, ""18"": 16, ""20"": 7, ""22"": 6, ""24"": 4, ""26"": 1, ""28"": 1}","{""1"": 2708}","{""0"": 2708}","{""1"": 81, ""2"": 88, ""3"": 53, ""4"": 33, ""5"": 7, ""6"": 4}","{""1"": 186, ""2"": 60, ""3"": 19, ""4"": 1}","{""(10, 5)"": 1, ""(10, 6)"": 2, ""(2, 2)"": 25, ""(2, 3)"": 23, ""(2, 4)"": 28, ""(3, 2)"": 25, ""(3, 3)"": 25, ""(3, 4)"": 14, ""(3, 7)"": 1, ""(3, 8)"": 2, ""(4, 2)"": 17, ""(4, 3)"": 17, ""(4, 4)"": 12, ""(4, 5)"": 1, ""(4, 6)"": 2, ""(4, 7)"": 2, ""(4, 8)"": 1, ""(5, 10)"": 2, ""(5, 4)"": 1, ""(5, 6)"": 2, ""(5, 7)"": 1, ""(5, 8)"": 3, ""(6, 10)"": 2, ""(6, 3)"": 2, ""(6, 4)"": 4, ""(6, 5)"": 2, ""(6, 8)"": 4, ""(6, 9)"": 2, ""(7, 10)"": 1, ""(7, 4)"": 5, ""(7, 5)"": 4, ""(7, 6)"": 5, ""(7, 8)"": 2, ""(8, 3)"": 1, ""(8, 4)"": 2, ""(8, 5)"": 1, ""(8, 6)"": 3, ""(8, 7)"": 3, ""(8, 8)"": 3, ""(8, 9)"": 1, ""(9, 3)"": 1, ""(9, 4)"": 1, ""(9, 5)"": 1, ""(9, 7)"": 3, ""(9, 8)"": 4, ""(9, 9)"": 2}","[{""key"": ""adj_nz=2;adj_distinct=1;ray_dirs=4"", ""count"": 2170}, {""key"": ""adj_nz=1;adj_distinct=1;ray_dirs=4"", ""count"": 538}]","[{""key"": ""inside=1;border=0;dr=1;dc=1"", ""count"": 478}, {""key"": ""inside=1;border=0;dr=1;dc=2"", ""count"": 347}, {""key"": ""inside=1;border=0;dr=2;dc=1"", ""count"": 347}, {""key"": ""inside=1;border=0;dr=2;dc=2"", ""count"": 166}, {""key"": ""inside=1;border=0;dr=2;dc=3"", ""count"": 143}, {""key"": ""inside=1;border=0;dr=3;dc=2"", ""count"": 133}, {""key"": ""inside=1;border=0;dr=3;dc=1"", ""count"": 133}, {""key"": ""inside=1;border=0;dr=1;dc=3"", ""count"": 130}]","[{""key"": ""same_row_nz=1;same_col_nz=1;changed_row=1;changed_col=1"", ""count"": 2708}]","[{""key"": ""touch_components=1;nonzero_components=1"", ""count"": 81}, {""key"": ""touch_components=2;nonzero_components=2"", ""count"": 59}, {""key"": ""touch_components=2;nonzero_components=3"", ""count"": 29}, {""key"": ""touch_components=1;nonzero_components=2"", ""count"": 29}, {""key"": ""touch_components=1;nonzero_components=3"", ""count"": 15}, {""key"": ""touch_components=2;nonzero_components=4"", ""count"": 14}, {""key"": ""touch_components=1;nonzero_components=4"", ""count"": 9}, {""key"": ""touch_components=3;nonzero_components=3"", ""count"": 9}]",single_color_sparse_fill,task251型として、0-cell positive/negative datasetからbbox/adjacency/ray predicate treeを合成する
383,266,266,266,0,0,266,34.5038,"{""11"": 2, ""12"": 2, ""13"": 2, ""17"": 1, ""18"": 2, ""19"": 2, ""20"": 6, ""21"": 1, ""22"": 8, ""23"": 3, ""24"": 10, ""25"": 3, ""26"": 14, ""27"": 8, ""28"": 15, ""29"": 5, ""30"": 18, ""31"": 9, ""32"": 18, ""33"": 9, ""34"": 9, ""35"": 3, ""36"": 14, ""37"": 4, ""38"": 10, ""39"": 5, ""40"": 11, ""41"": 3, ""42"": 10, ""43"": 6, ""44"": 6, ""45"": 8, ""46"": 1, ""47"": 3, ""48"": 7, ""49"": 7, ""50"": 2, ""51"": 6, ""52"": 3, ""53"": 4, ""54"": 3, ""55"": 1, ""57"": 1, ""60"": 1}","{""1"": 982, ""2"": 995, ""3"": 873, ""4"": 1150, ""5"": 1149, ""6"": 861, ""7"": 1085, ""8"": 976, ""9"": 1107}","{""0"": 3783, ""1"": 505, ""2"": 631, ""3"": 478, ""4"": 671, ""5"": 433, ""6"": 538, ""7"": 857, ""8"": 555, ""9"": 727}","{""1"": 266}","{""3"": 36, ""5"": 102, ""6"": 58, ""7"": 63, ""9"": 7}","{""(1, 13)"": 1, ""(1, 15)"": 1, ""(1, 16)"": 1, ""(1, 20)"": 1, ""(1, 21)"": 1, ""(10, 13)"": 1, ""(10, 19)"": 1, ""(12, 2)"": 1, ""(13, 14)"": 1, ""(13, 15)"": 1, ""(13, 16)"": 1, ""(13, 17)"": 1, ""(13, 18)"": 1, ""(13, 19)"": 1, ""(13, 2)"": 1, ""(13, 20)"": 1, ""(13, 22)"": 1, ""(14, 1)"": 1, ""(14, 12)"": 1, ""(14, 13)"": 1, ""(14, 14)"": 1, ""(14, 16)"": 2, ""(14, 18)"": 1, ""(14, 20)"": 1, ""(14, 21)"": 2, ""(14, 22)"": 1, ""(14, 23)"": 1, ""(14, 4)"": 3, ""(14, 6)"": 1, ""(15, 1)"": 2, ""(15, 12)"": 1, ""(15, 13)"": 1, ""(15, 14)"": 3, ""(15, 16)"": 3, ""(15, 17)"": 2, ""(15, 18)"": 2, ""(15, 19)"": 1, ""(15, 2)"": 2, ""(15, 20)"": 1, ""(15, 21)"": 1, ""(15, 22)"": 2, ""(15, 4)"": 1, ""(16, 15)"": 1, ""(16, 16)"": 1, ""(16, 17)"": 1, ""(16, 18)"": 3, ""(16, 19)"": 1, ""(16, 20)"": 4, ""(16, 21)"": 3, ""(16, 22)"": 1, ""(16, 23)"": 1, ""(16, 4)"": 1, ""(16, 5)"": 1, ""(16, 7)"": 1, ""(17, 14)"": 1, ""(17, 15)"": 1, ""(17, 16)"": 3, ""(17, 17)"": 1, ""(17, 18)"": 2, ""(17, 2)"": 1, ""(17, 20)"": 3, ""(17, 21)"": 1, ""(17, 23)"": 2, ""(17, 5)"": 1, ""(17, 6)"": 2, ""(17, 8)"": 1, ""(18, 13)"": 1, ""(18, 15)"": 1, ""(18, 17)"": 2, ""(18, 19)"": 2, ""(18, 2)"": 2, ""(18, 20)"": 1, ""(18, 21)"": 1, ""(18, 22)"": 1, ""(18, 23)"": 1, ""(18, 3)"": 1, ""(18, 5)"": 1, ""(19, 12)"": 2, ""(19, 13)"": 2, ""(19, 15)"": 2, ""(19, 16)"": 6, ""(19, 17)"": 3, ""(19, 18)"": 2, ""(19, 20)"": 5, ""(19, 22)"": 1, ""(19, 23)"": 1, ""(19, 3)"": 4, ""(19, 4)"": 3, ""(19, 5)"": 1, ""(2, 13)"": 1, ""(2, 14)"": 1, ""(2, 15)"": 1, ""(2, 16)"": 3, ""(2, 17)"": 1, ""(2, 18)"": 2, ""(2, 20)"": 1, ""(2, 21)"": 1, ""(2, 22)"": 1, ""(2, 23)"": 2, ""(20, 14)"": 4, ""(20, 15)"": 4, ""(20, 16)"": 1, ""(20, 17)"": 2, ""(20, 18)"": 2, ""(20, 19)"": 1, ""(20, 20)"": 5, ""(20, 21)"": 1, ""(20, 23)"": 3, ""(20, 4)"": 1, ""(20, 9)"": 1, ""(21, 13)"": 1, ""(21, 14)"": 2, ""(21, 15)"": 2, ""(21, 16)"": 1, ""(21, 17)"": 2, ""(21, 18)"": 3, ""(21, 19)"": 3, ""(21, 20)"": 1, ""(21, 22)"": 2, ""(21, 3)"": 1, ""(21, 4)"": 1, ""(21, 8)"": 1, ""(22, 1)"": 2, ""(22, 14)"": 1, ""(22, 15)"": 2, ""(22, 16)"": 1, ""(22, 18)"": 1, ""(22, 19)"": 3, ""(22, 20)"": 1, ""(22, 21)"": 1, ""(22, 4)"": 1, ""(22, 5)"": 1, ""(22, 6)"": 1, ""(23, 14)"": 1, ""(23, 15)"": 1, ""(23, 16)"": 1, ""(23, 17)"": 1, ""(23, 2)"": 2, ""(23, 22)"": 3, ""(23, 23)"": 1, ""(23, 9)"": 1, ""(24, 14)"": 2, ""(24, 15)"": 2, ""(24, 17)"": 1, ""(24, 18)"": 1, ""(24, 20)"": 1, ""(3, 13)"": 1, ""(3, 14)"": 1, ""(3, 15)"": 2, ""(3, 18)"": 2, ""(3, 20)"": 2, ""(3, 24)"": 1, ""(4, 13)"": 1, ""(4, 15)"": 1, ""(4, 16)"": 1, ""(4, 20)"": 1, ""(4, 21)"": 1, ""(5, 15)"": 2, ""(5, 16)"": 1, ""(5, 17)"": 1, ""(5, 20)"": 2, ""(5, 22)"": 1, ""(6, 14)"": 2, ""(6, 18)"": 1, ""(6, 19)"": 2, ""(7, 17)"": 1, ""(7, 19)"": 1, ""(7, 22)"": 1, ""(7, 24)"": 1, ""(8, 14)"": 1, ""(8, 16)"": 1, ""(8, 20)"": 1, ""(9, 16)"": 1, ""(9, 20)"": 1}","[{""key"": ""adj_nz=4;adj_distinct=1;ray_dirs=4"", ""count"": 3075}, {""key"": ""adj_nz=0;adj_distinct=0;ray_dirs=1"", ""count"": 2525}, {""key"": ""adj_nz=4;adj_distinct=2;ray_dirs=4"", ""count"": 2320}, {""key"": ""adj_nz=1;adj_distinct=1;ray_dirs=1"", ""count"": 1258}]","[{""key"": ""inside=1;border=0;dr=3;dc=2"", ""count"": 376}, {""key"": ""inside=1;border=0;dr=3;dc=3"", ""count"": 370}, {""key"": ""inside=1;border=0;dr=2;dc=2"", ""count"": 316}, {""key"": ""inside=1;border=0;dr=2;dc=3"", ""count"": 315}, {""key"": ""inside=1;border=0;dr=3;dc=4"", ""count"": 286}, {""key"": ""inside=0;border=0;dr=3;dc=2"", ""count"": 268}, {""key"": ""inside=1;border=0;dr=4;dc=2"", ""count"": 260}, {""key"": ""inside=1;border=0;dr=4;dc=3"", ""count"": 259}]","[{""key"": ""same_row_nz=1;same_col_nz=1;changed_row=1;changed_col=1"", ""count"": 5395}, {""key"": ""same_row_nz=1;same_col_nz=0;changed_row=1;changed_col=1"", ""count"": 1963}, {""key"": ""same_row_nz=0;same_col_nz=1;changed_row=1;changed_col=1"", ""count"": 1820}]","[{""key"": ""touch_components=1;nonzero_components=1"", ""count"": 266}]",multi_color_recolor_or_copy,source color roleとcopy directionを先に推定し、fillではなくrecolor/copy compilerへ分岐する
54,266,266,266,0,0,266,76.5639,"{""43"": 8, ""44"": 5, ""45"": 13, ""55"": 6, ""56"": 13, ""57"": 20, ""58"": 8, ""59"": 10, ""61"": 6, ""62"": 2, ""63"": 9, ""64"": 4, ""65"": 8, ""72"": 1, ""74"": 1, ""75"": 11, ""76"": 4, ""77"": 18, ""78"": 8, ""79"": 15, ""80"": 9, ""84"": 2, ""85"": 1, ""86"": 2, ""87"": 3, ""88"": 3, ""89"": 1, ""90"": 5, ""91"": 1, ""92"": 1, ""93"": 2, ""94"": 1, ""99"": 9, ""100"": 2, ""101"": 19, ""102"": 3, ""103"": 9, ""104"": 1, ""105"": 1, ""106"": 1, ""107"": 1, ""108"": 1, ""109"": 2, ""110"": 1, ""111"": 3, ""115"": 2, ""131"": 5, ""133"": 3, ""135"": 1, ""137"": 1}","{""1"": 2430, ""2"": 2167, ""3"": 2090, ""4"": 2613, ""5"": 2410, ""6"": 2134, ""7"": 1891, ""8"": 2224, ""9"": 2407}","{""1"": 3765, ""2"": 4095, ""3"": 2707, ""4"": 2538, ""5"": 2310, ""6"": 2661, ""7"": 1142, ""8"": 722, ""9"": 426}","{""1"": 266}","{""3"": 94, ""4"": 88, ""5"": 45, ""9"": 10, ""11"": 22, ""13"": 7}","{""(14, 25)"": 1, ""(14, 26)"": 1, ""(15, 23)"": 1, ""(15, 24)"": 1, ""(15, 27)"": 1, ""(16, 24)"": 1, ""(17, 25)"": 2, ""(17, 27)"": 1, ""(18, 23)"": 1, ""(18, 24)"": 3, ""(18, 25)"": 2, ""(18, 26)"": 2, ""(18, 27)"": 2, ""(18, 28)"": 1, ""(19, 23)"": 1, ""(19, 24)"": 1, ""(19, 25)"": 4, ""(19, 26)"": 2, ""(20, 23)"": 3, ""(20, 24)"": 7, ""(20, 25)"": 3, ""(20, 27)"": 1, ""(21, 23)"": 1, ""(21, 24)"": 4, ""(21, 25)"": 2, ""(21, 26)"": 7, ""(22, 23)"": 2, ""(22, 24)"": 3, ""(22, 25)"": 2, ""(22, 26)"": 1, ""(23, 13)"": 1, ""(23, 21)"": 2, ""(23, 22)"": 2, ""(23, 23)"": 3, ""(23, 24)"": 7, ""(23, 25)"": 9, ""(23, 26)"": 3, ""(24, 13)"": 1, ""(24, 17)"": 1, ""(24, 18)"": 2, ""(24, 20)"": 2, ""(24, 21)"": 4, ""(24, 22)"": 3, ""(24, 23)"": 9, ""(24, 24)"": 7, ""(24, 25)"": 18, ""(24, 26)"": 9, ""(24, 27)"": 3, ""(25, 13)"": 1, ""(25, 17)"": 1, ""(25, 18)"": 6, ""(25, 19)"": 3, ""(25, 20)"": 1, ""(25, 21)"": 2, ""(25, 22)"": 2, ""(25, 23)"": 8, ""(25, 24)"": 16, ""(25, 25)"": 19, ""(25, 26)"": 9, ""(25, 27)"": 3, ""(26, 11)"": 1, ""(26, 16)"": 1, ""(26, 18)"": 2, ""(26, 19)"": 4, ""(26, 20)"": 2, ""(26, 21)"": 1, ""(26, 22)"": 2, ""(26, 23)"": 3, ""(26, 24)"": 3, ""(26, 25)"": 12, ""(26, 26)"": 1, ""(27, 11)"": 1, ""(27, 16)"": 1, ""(27, 20)"": 2, ""(27, 23)"": 4, ""(27, 24)"": 5}","[{""key"": ""adj_nz=4;adj_distinct=1;ray_dirs=4"", ""count"": 11795}, {""key"": ""adj_nz=4;adj_distinct=2;ray_dirs=4"", ""count"": 6419}, {""key"": ""adj_nz=4;adj_distinct=3;ray_dirs=4"", ""count"": 2152}]","[{""key"": ""inside=1;border=0;dr=5;dc=4"", ""count"": 268}, {""key"": ""inside=1;border=0;dr=4;dc=4"", ""count"": 259}, {""key"": ""inside=1;border=0;dr=4;dc=5"", ""count"": 257}, {""key"": ""inside=1;border=0;dr=5;dc=5"", ""count"": 252}, {""key"": ""inside=1;border=0;dr=6;dc=5"", ""count"": 212}, {""key"": ""inside=1;border=0;dr=6;dc=4"", ""count"": 204}, {""key"": ""inside=1;border=0;dr=5;dc=3"", ""count"": 203}, {""key"": ""inside=1;border=0;dr=5;dc=6"", ""count"": 198}]","[{""key"": ""same_row_nz=1;same_col_nz=1;changed_row=1;changed_col=1"", ""count"": 20366}]","[{""key"": ""touch_components=1;nonzero_components=1"", ""count"": 266}]",multi_color_recolor_or_copy,source color roleとcopy directionを先に推定し、fillではなくrecolor/copy compilerへ分岐する
