task_id,rank,rule,pass_count,fail_count
6,0,bottom_left_dr-1_dc-1_anti_transpose,8,258
6,1,bottom_left_dr-1_dc-1_fliplr,8,258
6,2,bottom_left_dr-1_dc-1_flipud,8,258
6,3,bottom_left_dr-1_dc-1_id,8,258
6,4,bottom_left_dr-1_dc-1_rot180,8,258
6,5,bottom_left_dr-1_dc-1_rot270,8,258
6,6,bottom_left_dr-1_dc-1_rot90,8,258
6,7,bottom_left_dr-1_dc-1_transpose,8,258
6,8,top_left_dr-1_dc-1_anti_transpose,8,258
6,9,top_left_dr-1_dc-1_fliplr,8,258
6,10,top_left_dr-1_dc-1_flipud,8,258
6,11,top_left_dr-1_dc-1_id,8,258
6,12,top_left_dr-1_dc-1_rot180,8,258
6,13,top_left_dr-1_dc-1_rot270,8,258
6,14,top_left_dr-1_dc-1_rot90,8,258
6,15,top_left_dr-1_dc-1_transpose,8,258
6,16,bbox_bottom_left_dr-1_dc-1_anti_transpose,7,259
6,17,bbox_bottom_left_dr-1_dc-1_fliplr,7,259
6,18,bbox_bottom_left_dr-1_dc-1_flipud,7,259
6,19,bbox_bottom_left_dr-1_dc-1_id,7,259
22,0,bbox_bottom_left_dr-1_dc-1_anti_transpose,0,266
22,1,bbox_bottom_left_dr-1_dc-1_fliplr,0,266
22,2,bbox_bottom_left_dr-1_dc-1_flipud,0,266
22,3,bbox_bottom_left_dr-1_dc-1_id,0,266
22,4,bbox_bottom_left_dr-1_dc-1_rot180,0,266
22,5,bbox_bottom_left_dr-1_dc-1_rot270,0,266
22,6,bbox_bottom_left_dr-1_dc-1_rot90,0,266
22,7,bbox_bottom_left_dr-1_dc-1_transpose,0,266
22,8,bbox_bottom_left_dr-1_dc0_anti_transpose,0,266
22,9,bbox_bottom_left_dr-1_dc0_fliplr,0,266
22,10,bbox_bottom_left_dr-1_dc0_flipud,0,266
22,11,bbox_bottom_left_dr-1_dc0_id,0,266
22,12,bbox_bottom_left_dr-1_dc0_rot180,0,266
22,13,bbox_bottom_left_dr-1_dc0_rot270,0,266
22,14,bbox_bottom_left_dr-1_dc0_rot90,0,266
22,15,bbox_bottom_left_dr-1_dc0_transpose,0,266
22,16,bbox_bottom_left_dr-1_dc1_anti_transpose,0,266
22,17,bbox_bottom_left_dr-1_dc1_fliplr,0,266
22,18,bbox_bottom_left_dr-1_dc1_flipud,0,266
22,19,bbox_bottom_left_dr-1_dc1_id,0,266
39,0,bbox_bottom_left_dr0_dc0_rot270,264,0
39,1,bbox_bottom_right_dr0_dc0_rot180,264,0
39,2,bbox_center_dr-1_dc-1_id,264,0
39,3,bbox_top_left_dr0_dc0_id,264,0
39,4,bbox_top_right_dr0_dc0_rot90,264,0
39,5,center_dr-1_dc0_id,38,226
39,6,center_dr1_dc-1_rot270,35,229
39,7,center_dr1_dc0_rot270,32,232
39,8,top_right_dr1_dc-1_rot90,32,232
39,9,bottom_left_dr-1_dc1_rot270,31,233
39,10,center_dr0_dc1_rot90,31,233
39,11,center_dr0_dc-1_id,29,235
39,12,center_dr1_dc1_rot180,28,236
39,13,top_left_dr1_dc1_id,28,236
39,14,bottom_right_dr-1_dc-1_rot180,27,237
39,15,center_dr0_dc0_id,27,237
39,16,center_dr-1_dc-1_id,22,242
39,17,center_dr-1_dc1_rot90,22,242
39,18,bbox_bottom_left_dr0_dc0_flipud,13,251
39,19,bbox_bottom_right_dr0_dc0_anti_transpose,13,251
79,0,bbox_top_left_dr0_dc0_id,47,219
79,1,bbox_top_right_dr0_dc0_id,47,219
79,2,bbox_bottom_left_dr0_dc0_id,42,224
79,3,bbox_bottom_right_dr0_dc0_id,38,228
79,4,bbox_bottom_right_dr0_dc-1_id,19,247
79,5,bbox_bottom_right_dr-1_dc0_id,17,249
79,6,bbox_top_right_dr0_dc-1_id,15,251
79,7,bbox_top_left_dr0_dc1_id,13,253
79,8,bbox_top_left_dr1_dc0_id,13,253
79,9,bbox_bottom_left_dr-1_dc0_id,12,254
79,10,bbox_bottom_left_dr0_dc1_id,11,255
79,11,top_right_dr0_dc0_id,11,255
79,12,bbox_top_right_dr0_dc0_anti_transpose,10,256
79,13,bottom_left_dr0_dc0_id,10,256
79,14,bottom_right_dr-1_dc0_id,10,256
79,15,top_left_dr0_dc0_id,10,256
79,16,bbox_center_dr0_dc0_id,9,257
79,17,bbox_top_right_dr1_dc0_id,9,257
79,18,bottom_left_dr0_dc1_id,9,257
79,19,bottom_right_dr0_dc0_id,9,257
111,0,bbox_top_left_dr1_dc0_id,160,105
111,1,bbox_top_right_dr1_dc0_id,156,109
111,2,bbox_bottom_left_dr0_dc0_id,147,118
111,3,bbox_bottom_right_dr0_dc0_id,147,118
111,4,bbox_center_dr1_dc0_id,106,159
111,5,bbox_top_left_dr1_dc0_transpose,22,243
111,6,bbox_bottom_left_dr0_dc0_flipud,20,245
111,7,bbox_top_left_dr1_dc0_anti_transpose,19,246
111,8,bbox_bottom_left_dr0_dc0_anti_transpose,18,247
111,9,bbox_top_left_dr1_dc0_flipud,18,247
111,10,bbox_top_right_dr1_dc0_anti_transpose,18,247
111,11,bbox_top_right_dr1_dc0_transpose,18,247
111,12,bbox_bottom_right_dr0_dc0_flipud,16,249
111,13,bbox_top_right_dr1_dc0_flipud,16,249
111,14,bbox_bottom_left_dr0_dc0_transpose,15,250
111,15,bbox_bottom_right_dr0_dc0_transpose,15,250
111,16,bbox_bottom_right_dr0_dc0_anti_transpose,14,251
111,17,bbox_center_dr1_dc0_transpose,13,252
111,18,bbox_center_dr1_dc0_flipud,12,253
111,19,bbox_center_dr1_dc0_anti_transpose,11,254
121,0,bbox_bottom_left_dr-1_dc-1_anti_transpose,0,266
121,1,bbox_bottom_left_dr-1_dc-1_fliplr,0,266
121,2,bbox_bottom_left_dr-1_dc-1_flipud,0,266
121,3,bbox_bottom_left_dr-1_dc-1_id,0,266
121,4,bbox_bottom_left_dr-1_dc-1_rot180,0,266
121,5,bbox_bottom_left_dr-1_dc-1_rot270,0,266
121,6,bbox_bottom_left_dr-1_dc-1_rot90,0,266
121,7,bbox_bottom_left_dr-1_dc-1_transpose,0,266
121,8,bbox_bottom_left_dr-1_dc0_anti_transpose,0,266
121,9,bbox_bottom_left_dr-1_dc0_fliplr,0,266
121,10,bbox_bottom_left_dr-1_dc0_flipud,0,266
121,11,bbox_bottom_left_dr-1_dc0_id,0,266
121,12,bbox_bottom_left_dr-1_dc0_rot180,0,266
121,13,bbox_bottom_left_dr-1_dc0_rot270,0,266
121,14,bbox_bottom_left_dr-1_dc0_rot90,0,266
121,15,bbox_bottom_left_dr-1_dc0_transpose,0,266
121,16,bbox_bottom_left_dr-1_dc1_anti_transpose,0,266
121,17,bbox_bottom_left_dr-1_dc1_fliplr,0,266
121,18,bbox_bottom_left_dr-1_dc1_flipud,0,266
121,19,bbox_bottom_left_dr-1_dc1_id,0,266
130,0,center_dr-1_dc-1_id,2,263
130,1,center_dr-1_dc-1_transpose,2,263
130,2,center_dr-1_dc1_anti_transpose,2,263
130,3,center_dr-1_dc1_id,2,263
130,4,bbox_center_dr-1_dc-1_id,1,264
130,5,bbox_center_dr-1_dc-1_transpose,1,264
130,6,bbox_center_dr-1_dc0_id,1,264
130,7,bbox_center_dr-1_dc0_transpose,1,264
130,8,bbox_center_dr-1_dc1_anti_transpose,1,264
130,9,bbox_center_dr-1_dc1_id,1,264
130,10,bbox_center_dr0_dc1_anti_transpose,1,264
130,11,bbox_center_dr0_dc1_id,1,264
130,12,bbox_center_dr1_dc-1_anti_transpose,1,264
130,13,bbox_center_dr1_dc-1_id,1,264
130,14,center_dr1_dc-1_anti_transpose,1,264
130,15,center_dr1_dc-1_id,1,264
130,16,bbox_bottom_left_dr-1_dc-1_anti_transpose,0,265
130,17,bbox_bottom_left_dr-1_dc-1_fliplr,0,265
130,18,bbox_bottom_left_dr-1_dc-1_flipud,0,265
130,19,bbox_bottom_left_dr-1_dc-1_id,0,265
134,0,bbox_bottom_left_dr-1_dc-1_anti_transpose,0,266
134,1,bbox_bottom_left_dr-1_dc-1_fliplr,0,266
134,2,bbox_bottom_left_dr-1_dc-1_flipud,0,266
134,3,bbox_bottom_left_dr-1_dc-1_id,0,266
134,4,bbox_bottom_left_dr-1_dc-1_rot180,0,266
134,5,bbox_bottom_left_dr-1_dc-1_rot270,0,266
134,6,bbox_bottom_left_dr-1_dc-1_rot90,0,266
134,7,bbox_bottom_left_dr-1_dc-1_transpose,0,266
134,8,bbox_bottom_left_dr-1_dc0_anti_transpose,0,266
134,9,bbox_bottom_left_dr-1_dc0_fliplr,0,266
134,10,bbox_bottom_left_dr-1_dc0_flipud,0,266
134,11,bbox_bottom_left_dr-1_dc0_id,0,266
134,12,bbox_bottom_left_dr-1_dc0_rot180,0,266
134,13,bbox_bottom_left_dr-1_dc0_rot270,0,266
134,14,bbox_bottom_left_dr-1_dc0_rot90,0,266
134,15,bbox_bottom_left_dr-1_dc0_transpose,0,266
134,16,bbox_bottom_left_dr-1_dc1_anti_transpose,0,266
134,17,bbox_bottom_left_dr-1_dc1_fliplr,0,266
134,18,bbox_bottom_left_dr-1_dc1_flipud,0,266
134,19,bbox_bottom_left_dr-1_dc1_id,0,266
135,0,top_right_dr0_dc0_id,266,0
135,1,bbox_top_right_dr0_dc0_id,264,2
135,2,top_right_dr0_dc0_fliplr,8,258
135,3,bbox_top_right_dr0_dc0_fliplr,7,259
135,4,bbox_top_right_dr0_dc0_transpose,6,260
135,5,top_right_dr0_dc0_transpose,6,260
135,6,bbox_top_right_dr0_dc0_anti_transpose,5,261
135,7,top_right_dr0_dc0_anti_transpose,5,261
135,8,bbox_top_right_dr0_dc0_flipud,3,263
135,9,top_right_dr0_dc0_flipud,3,263
135,10,bbox_top_right_dr0_dc0_rot180,2,264
135,11,bbox_top_right_dr0_dc1_id,2,264
135,12,top_right_dr0_dc0_rot180,2,264
135,13,bbox_top_right_dr-1_dc-1_rot180,1,265
135,14,bbox_top_right_dr-1_dc1_transpose,1,265
135,15,bbox_top_right_dr0_dc1_fliplr,1,265
135,16,top_right_dr-1_dc-1_rot180,1,265
135,17,top_right_dr-1_dc1_transpose,1,265
135,18,bbox_bottom_left_dr-1_dc-1_anti_transpose,0,266
135,19,bbox_bottom_left_dr-1_dc-1_fliplr,0,266
146,0,bbox_top_left_dr0_dc0_id,96,171
146,1,bbox_top_right_dr0_dc0_id,96,171
146,2,top_left_dr0_dc0_id,96,171
146,3,top_right_dr0_dc0_id,96,171
146,4,bbox_bottom_left_dr0_dc0_id,89,178
146,5,bbox_bottom_right_dr0_dc0_id,89,178
146,6,bottom_left_dr0_dc0_id,89,178
146,7,bottom_right_dr0_dc0_id,89,178
146,8,bbox_center_dr0_dc0_id,82,185
146,9,center_dr0_dc0_id,82,185
146,10,bbox_top_left_dr0_dc0_flipud,23,244
146,11,bbox_top_right_dr0_dc0_flipud,23,244
146,12,top_left_dr0_dc0_flipud,23,244
146,13,top_right_dr0_dc0_flipud,23,244
146,14,bbox_bottom_left_dr0_dc0_fliplr,17,250
146,15,bbox_bottom_right_dr0_dc0_fliplr,17,250
146,16,bottom_left_dr0_dc0_fliplr,17,250
146,17,bottom_right_dr0_dc0_fliplr,17,250
146,18,bbox_bottom_left_dr0_dc0_flipud,15,252
146,19,bbox_bottom_right_dr0_dc0_flipud,15,252
149,0,bbox_bottom_left_dr-1_dc-1_anti_transpose,0,267
149,1,bbox_bottom_left_dr-1_dc-1_fliplr,0,267
149,2,bbox_bottom_left_dr-1_dc-1_flipud,0,267
149,3,bbox_bottom_left_dr-1_dc-1_id,0,267
149,4,bbox_bottom_left_dr-1_dc-1_rot180,0,267
149,5,bbox_bottom_left_dr-1_dc-1_rot270,0,267
149,6,bbox_bottom_left_dr-1_dc-1_rot90,0,267
149,7,bbox_bottom_left_dr-1_dc-1_transpose,0,267
149,8,bbox_bottom_left_dr-1_dc0_anti_transpose,0,267
149,9,bbox_bottom_left_dr-1_dc0_fliplr,0,267
149,10,bbox_bottom_left_dr-1_dc0_flipud,0,267
149,11,bbox_bottom_left_dr-1_dc0_id,0,267
149,12,bbox_bottom_left_dr-1_dc0_rot180,0,267
149,13,bbox_bottom_left_dr-1_dc0_rot270,0,267
149,14,bbox_bottom_left_dr-1_dc0_rot90,0,267
149,15,bbox_bottom_left_dr-1_dc0_transpose,0,267
149,16,bbox_bottom_left_dr-1_dc1_anti_transpose,0,267
149,17,bbox_bottom_left_dr-1_dc1_fliplr,0,267
149,18,bbox_bottom_left_dr-1_dc1_flipud,0,267
149,19,bbox_bottom_left_dr-1_dc1_id,0,267
153,0,bbox_bottom_left_dr-1_dc-1_anti_transpose,0,265
153,1,bbox_bottom_left_dr-1_dc-1_fliplr,0,265
153,2,bbox_bottom_left_dr-1_dc-1_flipud,0,265
153,3,bbox_bottom_left_dr-1_dc-1_id,0,265
153,4,bbox_bottom_left_dr-1_dc-1_rot180,0,265
153,5,bbox_bottom_left_dr-1_dc-1_rot270,0,265
153,6,bbox_bottom_left_dr-1_dc-1_rot90,0,265
153,7,bbox_bottom_left_dr-1_dc-1_transpose,0,265
153,8,bbox_bottom_left_dr-1_dc0_anti_transpose,0,265
153,9,bbox_bottom_left_dr-1_dc0_fliplr,0,265
153,10,bbox_bottom_left_dr-1_dc0_flipud,0,265
153,11,bbox_bottom_left_dr-1_dc0_id,0,265
153,12,bbox_bottom_left_dr-1_dc0_rot180,0,265
153,13,bbox_bottom_left_dr-1_dc0_rot270,0,265
153,14,bbox_bottom_left_dr-1_dc0_rot90,0,265
153,15,bbox_bottom_left_dr-1_dc0_transpose,0,265
153,16,bbox_bottom_left_dr-1_dc1_anti_transpose,0,265
153,17,bbox_bottom_left_dr-1_dc1_fliplr,0,265
153,18,bbox_bottom_left_dr-1_dc1_flipud,0,265
153,19,bbox_bottom_left_dr-1_dc1_id,0,265
185,0,bbox_bottom_left_dr-1_dc-1_anti_transpose,0,267
185,1,bbox_bottom_left_dr-1_dc-1_fliplr,0,267
185,2,bbox_bottom_left_dr-1_dc-1_flipud,0,267
185,3,bbox_bottom_left_dr-1_dc-1_id,0,267
185,4,bbox_bottom_left_dr-1_dc-1_rot180,0,267
185,5,bbox_bottom_left_dr-1_dc-1_rot270,0,267
185,6,bbox_bottom_left_dr-1_dc-1_rot90,0,267
185,7,bbox_bottom_left_dr-1_dc-1_transpose,0,267
185,8,bbox_bottom_left_dr-1_dc0_anti_transpose,0,267
185,9,bbox_bottom_left_dr-1_dc0_fliplr,0,267
185,10,bbox_bottom_left_dr-1_dc0_flipud,0,267
185,11,bbox_bottom_left_dr-1_dc0_id,0,267
185,12,bbox_bottom_left_dr-1_dc0_rot180,0,267
185,13,bbox_bottom_left_dr-1_dc0_rot270,0,267
185,14,bbox_bottom_left_dr-1_dc0_rot90,0,267
185,15,bbox_bottom_left_dr-1_dc0_transpose,0,267
185,16,bbox_bottom_left_dr-1_dc1_anti_transpose,0,267
185,17,bbox_bottom_left_dr-1_dc1_fliplr,0,267
185,18,bbox_bottom_left_dr-1_dc1_flipud,0,267
185,19,bbox_bottom_left_dr-1_dc1_id,0,267
235,0,bbox_bottom_left_dr-1_dc-1_anti_transpose,0,69
235,1,bbox_bottom_left_dr-1_dc-1_fliplr,0,69
235,2,bbox_bottom_left_dr-1_dc-1_flipud,0,69
235,3,bbox_bottom_left_dr-1_dc-1_id,0,69
235,4,bbox_bottom_left_dr-1_dc-1_rot180,0,69
235,5,bbox_bottom_left_dr-1_dc-1_rot270,0,69
235,6,bbox_bottom_left_dr-1_dc-1_rot90,0,69
235,7,bbox_bottom_left_dr-1_dc-1_transpose,0,69
235,8,bbox_bottom_left_dr-1_dc0_anti_transpose,0,69
235,9,bbox_bottom_left_dr-1_dc0_fliplr,0,69
235,10,bbox_bottom_left_dr-1_dc0_flipud,0,69
235,11,bbox_bottom_left_dr-1_dc0_id,0,69
235,12,bbox_bottom_left_dr-1_dc0_rot180,0,69
235,13,bbox_bottom_left_dr-1_dc0_rot270,0,69
235,14,bbox_bottom_left_dr-1_dc0_rot90,0,69
235,15,bbox_bottom_left_dr-1_dc0_transpose,0,69
235,16,bbox_bottom_left_dr-1_dc1_anti_transpose,0,69
235,17,bbox_bottom_left_dr-1_dc1_fliplr,0,69
235,18,bbox_bottom_left_dr-1_dc1_flipud,0,69
235,19,bbox_bottom_left_dr-1_dc1_id,0,69
242,0,bbox_bottom_left_dr-1_dc0_rot270,9,257
242,1,bbox_bottom_left_dr0_dc0_flipud,9,257
242,2,bbox_bottom_left_dr0_dc0_rot270,9,257
242,3,bbox_bottom_left_dr0_dc1_flipud,9,257
242,4,bbox_bottom_right_dr-1_dc0_anti_transpose,9,257
242,5,bbox_bottom_right_dr0_dc-1_rot180,9,257
242,6,bbox_bottom_right_dr0_dc0_anti_transpose,9,257
242,7,bbox_bottom_right_dr0_dc0_rot180,9,257
242,8,bbox_top_right_dr0_dc-1_fliplr,9,257
242,9,bbox_top_right_dr0_dc0_fliplr,9,257
242,10,bbox_top_right_dr0_dc0_rot90,9,257
242,11,bbox_top_right_dr1_dc0_rot90,9,257
242,12,bottom_left_dr-1_dc0_rot270,9,257
242,13,bottom_left_dr0_dc0_flipud,9,257
242,14,bottom_left_dr0_dc0_rot270,9,257
242,15,bottom_left_dr0_dc1_flipud,9,257
242,16,bottom_right_dr-1_dc0_anti_transpose,9,257
242,17,bottom_right_dr0_dc-1_rot180,9,257
242,18,bottom_right_dr0_dc0_anti_transpose,9,257
242,19,bottom_right_dr0_dc0_rot180,9,257
263,0,bbox_bottom_right_dr0_dc0_id,72,195
263,1,bottom_right_dr0_dc0_id,72,195
263,2,bbox_bottom_left_dr0_dc0_id,66,201
263,3,bottom_left_dr0_dc0_id,66,201
263,4,bbox_top_right_dr0_dc0_id,60,207
263,5,top_right_dr0_dc0_id,60,207
263,6,bbox_center_dr0_dc0_id,57,210
263,7,center_dr0_dc0_id,57,210
263,8,bbox_top_left_dr0_dc0_id,54,213
263,9,top_left_dr0_dc0_id,54,213
263,10,bbox_bottom_right_dr0_dc0_transpose,16,251
263,11,bottom_right_dr0_dc0_transpose,16,251
263,12,bbox_center_dr0_dc0_anti_transpose,15,252
263,13,bbox_top_left_dr0_dc0_anti_transpose,15,252
263,14,bbox_top_right_dr0_dc0_anti_transpose,15,252
263,15,center_dr0_dc0_anti_transpose,15,252
263,16,top_left_dr0_dc0_anti_transpose,15,252
263,17,top_right_dr0_dc0_anti_transpose,15,252
263,18,bbox_bottom_left_dr0_dc0_transpose,14,253
263,19,bbox_top_right_dr0_dc0_transpose,14,253
271,0,bbox_bottom_left_dr0_dc0_id,31,236
271,1,bbox_top_left_dr0_dc0_id,31,236
271,2,bbox_top_right_dr0_dc0_id,31,236
271,3,bbox_bottom_right_dr0_dc0_id,28,239
271,4,bottom_right_dr0_dc0_id,20,247
271,5,bbox_top_left_dr0_dc1_id,19,248
271,6,top_left_dr0_dc1_id,17,250
271,7,top_left_dr0_dc0_id,16,251
271,8,top_right_dr0_dc0_id,16,251
271,9,top_right_dr1_dc0_id,15,252
271,10,bottom_left_dr0_dc0_id,14,253
271,11,bbox_top_right_dr0_dc-1_id,13,254
271,12,bbox_top_right_dr1_dc0_id,13,254
271,13,top_right_dr0_dc-1_id,13,254
271,14,bbox_bottom_left_dr-1_dc0_id,12,255
271,15,bbox_bottom_left_dr0_dc1_id,12,255
271,16,bbox_bottom_right_dr0_dc-1_id,12,255
271,17,bottom_left_dr0_dc1_id,12,255
271,18,top_left_dr1_dc0_id,11,256
271,19,bbox_top_left_dr1_dc0_id,10,257
274,0,bbox_top_left_dr1_dc1_flipud,54,215
274,1,bbox_top_left_dr1_dc1_rot180,54,215
274,2,bbox_top_right_dr1_dc-1_flipud,54,215
274,3,bbox_top_right_dr1_dc-1_rot180,54,215
274,4,center_dr-1_dc0_flipud,20,249
274,5,center_dr-1_dc0_rot180,20,249
274,6,center_dr0_dc0_flipud,19,250
274,7,center_dr0_dc0_rot180,19,250
274,8,bbox_center_dr-1_dc0_flipud,17,252
274,9,bbox_center_dr-1_dc0_rot180,17,252
274,10,center_dr-1_dc1_flipud,16,253
274,11,center_dr-1_dc1_rot180,16,253
274,12,center_dr0_dc1_flipud,16,253
274,13,center_dr0_dc1_rot180,16,253
274,14,bbox_center_dr-1_dc1_flipud,15,254
274,15,bbox_center_dr-1_dc1_rot180,15,254
274,16,bbox_center_dr0_dc0_flipud,14,255
274,17,bbox_center_dr0_dc0_rot180,14,255
274,18,bbox_center_dr0_dc1_flipud,11,258
274,19,bbox_center_dr0_dc1_rot180,11,258
296,0,bbox_bottom_left_dr0_dc-1_fliplr,1,267
296,1,bbox_bottom_left_dr0_dc-1_rot270,1,267
296,2,bbox_bottom_left_dr0_dc0_anti_transpose,1,267
296,3,bbox_bottom_left_dr0_dc0_id,1,267
296,4,bbox_bottom_left_dr1_dc-1_rot180,1,267
296,5,bbox_bottom_left_dr1_dc-1_transpose,1,267
296,6,bbox_bottom_left_dr1_dc0_flipud,1,267
296,7,bbox_bottom_left_dr1_dc0_rot90,1,267
296,8,bbox_center_dr1_dc-1_anti_transpose,1,267
296,9,bbox_center_dr1_dc-1_id,1,267
296,10,bbox_top_left_dr1_dc-1_fliplr,1,267
296,11,bbox_top_left_dr1_dc-1_rot270,1,267
296,12,bbox_top_left_dr1_dc0_anti_transpose,1,267
296,13,bbox_top_left_dr1_dc0_id,1,267
296,14,bottom_left_dr0_dc-1_fliplr,1,267
296,15,bottom_left_dr0_dc-1_rot270,1,267
296,16,bottom_left_dr0_dc0_anti_transpose,1,267
296,17,bottom_left_dr0_dc0_id,1,267
296,18,bottom_left_dr1_dc-1_rot180,1,267
296,19,bottom_left_dr1_dc-1_transpose,1,267
316,0,bbox_bottom_left_dr-1_dc-1_anti_transpose,0,266
316,1,bbox_bottom_left_dr-1_dc-1_fliplr,0,266
316,2,bbox_bottom_left_dr-1_dc-1_flipud,0,266
316,3,bbox_bottom_left_dr-1_dc-1_id,0,266
316,4,bbox_bottom_left_dr-1_dc-1_rot180,0,266
316,5,bbox_bottom_left_dr-1_dc-1_rot270,0,266
316,6,bbox_bottom_left_dr-1_dc-1_rot90,0,266
316,7,bbox_bottom_left_dr-1_dc-1_transpose,0,266
316,8,bbox_bottom_left_dr-1_dc0_anti_transpose,0,266
316,9,bbox_bottom_left_dr-1_dc0_fliplr,0,266
316,10,bbox_bottom_left_dr-1_dc0_flipud,0,266
316,11,bbox_bottom_left_dr-1_dc0_id,0,266
316,12,bbox_bottom_left_dr-1_dc0_rot180,0,266
316,13,bbox_bottom_left_dr-1_dc0_rot270,0,266
316,14,bbox_bottom_left_dr-1_dc0_rot90,0,266
316,15,bbox_bottom_left_dr-1_dc0_transpose,0,266
316,16,bbox_bottom_left_dr-1_dc1_anti_transpose,0,266
316,17,bbox_bottom_left_dr-1_dc1_fliplr,0,266
316,18,bbox_bottom_left_dr-1_dc1_flipud,0,266
316,19,bbox_bottom_left_dr-1_dc1_id,0,266
334,0,bbox_bottom_left_dr-1_dc-1_anti_transpose,0,271
334,1,bbox_bottom_left_dr-1_dc-1_fliplr,0,271
334,2,bbox_bottom_left_dr-1_dc-1_flipud,0,271
334,3,bbox_bottom_left_dr-1_dc-1_id,0,271
334,4,bbox_bottom_left_dr-1_dc-1_rot180,0,271
334,5,bbox_bottom_left_dr-1_dc-1_rot270,0,271
334,6,bbox_bottom_left_dr-1_dc-1_rot90,0,271
334,7,bbox_bottom_left_dr-1_dc-1_transpose,0,271
334,8,bbox_bottom_left_dr-1_dc0_anti_transpose,0,271
334,9,bbox_bottom_left_dr-1_dc0_fliplr,0,271
334,10,bbox_bottom_left_dr-1_dc0_flipud,0,271
334,11,bbox_bottom_left_dr-1_dc0_id,0,271
334,12,bbox_bottom_left_dr-1_dc0_rot180,0,271
334,13,bbox_bottom_left_dr-1_dc0_rot270,0,271
334,14,bbox_bottom_left_dr-1_dc0_rot90,0,271
334,15,bbox_bottom_left_dr-1_dc0_transpose,0,271
334,16,bbox_bottom_left_dr-1_dc1_anti_transpose,0,271
334,17,bbox_bottom_left_dr-1_dc1_fliplr,0,271
334,18,bbox_bottom_left_dr-1_dc1_flipud,0,271
334,19,bbox_bottom_left_dr-1_dc1_id,0,271
347,0,bbox_bottom_left_dr-1_dc-1_anti_transpose,0,269
347,1,bbox_bottom_left_dr-1_dc-1_fliplr,0,269
347,2,bbox_bottom_left_dr-1_dc-1_flipud,0,269
347,3,bbox_bottom_left_dr-1_dc-1_id,0,269
347,4,bbox_bottom_left_dr-1_dc-1_rot180,0,269
347,5,bbox_bottom_left_dr-1_dc-1_rot270,0,269
347,6,bbox_bottom_left_dr-1_dc-1_rot90,0,269
347,7,bbox_bottom_left_dr-1_dc-1_transpose,0,269
347,8,bbox_bottom_left_dr-1_dc0_anti_transpose,0,269
347,9,bbox_bottom_left_dr-1_dc0_fliplr,0,269
347,10,bbox_bottom_left_dr-1_dc0_flipud,0,269
347,11,bbox_bottom_left_dr-1_dc0_id,0,269
347,12,bbox_bottom_left_dr-1_dc0_rot180,0,269
347,13,bbox_bottom_left_dr-1_dc0_rot270,0,269
347,14,bbox_bottom_left_dr-1_dc0_rot90,0,269
347,15,bbox_bottom_left_dr-1_dc0_transpose,0,269
347,16,bbox_bottom_left_dr-1_dc1_anti_transpose,0,269
347,17,bbox_bottom_left_dr-1_dc1_fliplr,0,269
347,18,bbox_bottom_left_dr-1_dc1_flipud,0,269
347,19,bbox_bottom_left_dr-1_dc1_id,0,269
395,0,bbox_top_left_dr-1_dc-1_anti_transpose,1,267
395,1,bbox_top_left_dr-1_dc-1_fliplr,1,267
395,2,bbox_top_left_dr-1_dc-1_flipud,1,267
395,3,bbox_top_left_dr-1_dc-1_id,1,267
395,4,bbox_top_left_dr-1_dc-1_rot180,1,267
395,5,bbox_top_left_dr-1_dc-1_rot270,1,267
395,6,bbox_top_left_dr-1_dc-1_rot90,1,267
395,7,bbox_top_left_dr-1_dc-1_transpose,1,267
395,8,bbox_top_right_dr-1_dc-1_anti_transpose,1,267
395,9,bbox_top_right_dr-1_dc-1_fliplr,1,267
395,10,bbox_top_right_dr-1_dc-1_flipud,1,267
395,11,bbox_top_right_dr-1_dc-1_id,1,267
395,12,bbox_top_right_dr-1_dc-1_rot180,1,267
395,13,bbox_top_right_dr-1_dc-1_rot270,1,267
395,14,bbox_top_right_dr-1_dc-1_rot90,1,267
395,15,bbox_top_right_dr-1_dc-1_transpose,1,267
395,16,bottom_left_dr1_dc-1_anti_transpose,1,267
395,17,bottom_left_dr1_dc-1_fliplr,1,267
395,18,bottom_left_dr1_dc-1_flipud,1,267
395,19,bottom_left_dr1_dc-1_id,1,267
399,0,bbox_bottom_left_dr-1_dc-1_anti_transpose,0,273
399,1,bbox_bottom_left_dr-1_dc-1_fliplr,0,273
399,2,bbox_bottom_left_dr-1_dc-1_flipud,0,273
399,3,bbox_bottom_left_dr-1_dc-1_id,0,273
399,4,bbox_bottom_left_dr-1_dc-1_rot180,0,273
399,5,bbox_bottom_left_dr-1_dc-1_rot270,0,273
399,6,bbox_bottom_left_dr-1_dc-1_rot90,0,273
399,7,bbox_bottom_left_dr-1_dc-1_transpose,0,273
399,8,bbox_bottom_left_dr-1_dc0_anti_transpose,0,273
399,9,bbox_bottom_left_dr-1_dc0_fliplr,0,273
399,10,bbox_bottom_left_dr-1_dc0_flipud,0,273
399,11,bbox_bottom_left_dr-1_dc0_id,0,273
399,12,bbox_bottom_left_dr-1_dc0_rot180,0,273
399,13,bbox_bottom_left_dr-1_dc0_rot270,0,273
399,14,bbox_bottom_left_dr-1_dc0_rot90,0,273
399,15,bbox_bottom_left_dr-1_dc0_transpose,0,273
399,16,bbox_bottom_left_dr-1_dc1_anti_transpose,0,273
399,17,bbox_bottom_left_dr-1_dc1_fliplr,0,273
399,18,bbox_bottom_left_dr-1_dc1_flipud,0,273
399,19,bbox_bottom_left_dr-1_dc1_id,0,273
