node_idx,op_type,output_idx,tensor,shape
0,Cast,0,safe_name_42,1x10x30x30
1,ReduceSum,0,safe_name_43,1x1x30x30
2,Greater,0,safe_name_44,1x1x30x30
3,Cast,0,safe_name_45,1x1x30x30
4,ReduceMax,0,safe_name_46,1x1x30x1
5,ReduceMax,0,safe_name_47,1x1x1x30
6,ReduceSum,0,safe_name_48,1x1x1x1
7,ReduceSum,0,safe_name_49,1x1x1x1
8,Greater,0,safe_name_50,1x1x1x1
9,Expand,0,safe_name_51,1x1x1x1
10,Mul,0,safe_name_52,1x1x1x1
11,Mul,0,safe_name_53,1x1x1x1
12,Cast,0,safe_name_54,1x1x1x1
13,Cast,0,safe_name_55,1x1x1x1
14,Reshape,0,safe_name_56,1x1x1x30
15,Reshape,0,safe_name_57,1x1x30x1
16,Tile,0,safe_name_58,1x1x1x30
17,Tile,0,safe_name_59,1x1x30x1
18,Add,0,safe_name_60,1x1x1x30
19,Add,0,safe_name_61,1x1x30x1
20,Clip,0,safe_name_62,1x1x1x30
21,Clip,0,safe_name_63,1x1x30x1
22,Reshape,0,safe_name_64,30
23,Reshape,0,safe_name_65,30
24,Gather,0,safe_name_66,1x10x30x30
25,Gather,0,safe_name_67,1x10x30x30
26,Tile,0,safe_name_68,1x1x1x30
27,Tile,0,safe_name_69,1x1x30x1
28,Less,0,safe_name_70,1x1x1x30
29,Less,0,safe_name_71,1x1x30x1
30,Tile,0,safe_name_72,1x1x1x30
31,Tile,0,safe_name_73,1x1x30x1
32,Less,0,safe_name_74,1x1x1x30
33,Less,0,safe_name_75,1x1x30x1
34,And,0,safe_name_76,1x1x30x30
35,And,0,safe_name_77,1x1x30x30
36,And,0,safe_name_78,1x1x30x30
37,Not,0,safe_name_79,1x1x1x1
38,And,0,safe_name_80,1x1x30x30
39,Or,0,safe_name_81,1x1x30x30
40,Where,0,safe_name_82,1x10x30x30
41,Where,0,safe_name_83,1x10x30x30
42,Where,0,safe_name_84,1x10x30x30
43,ReduceSum,0,safe_name_85,1x10x1x1
44,ReduceSum,0,safe_name_86,1x10x1x1
45,ArgMax,0,safe_name_87,1x1x1x1
46,ArgMax,0,safe_name_88,1x1x1x1
47,Cast,0,safe_name_89,1x1x1x1
48,Cast,0,safe_name_90,1x1x1x1
49,ArgMax,0,safe_name_91,1x1x30x30
50,Cast,0,safe_name_92,1x1x30x30
51,ArgMax,0,safe_name_93,1x1x30x30
52,Cast,0,safe_name_94,1x1x30x30
53,Tile,0,safe_name_95,1x1x30x30
54,Tile,0,safe_name_96,1x1x30x30
55,Equal,0,safe_name_97,1x1x30x30
56,Equal,0,safe_name_98,1x1x30x30
57,Not,0,safe_name_99,1x1x30x30
58,Not,0,safe_name_100,1x1x30x30
59,And,0,safe_name_101,1x1x30x30
60,And,0,safe_name_102,1x1x30x30
61,Expand,0,safe_name_103,1x1x30x30
62,Mul,0,safe_name_104,1x1x30x30
63,Where,0,safe_name_105,1x1x30x30
64,MaxPool,0,safe_name_106,1x1x30x30
65,Where,0,safe_name_107,1x1x30x30
66,MaxPool,0,safe_name_108,1x1x30x30
67,Where,0,safe_name_109,1x1x30x30
68,MaxPool,0,safe_name_110,1x1x30x30
69,Where,0,safe_name_111,1x1x30x30
70,MaxPool,0,safe_name_112,1x1x30x30
71,Where,0,safe_name_113,1x1x30x30
72,MaxPool,0,safe_name_114,1x1x30x30
73,Where,0,safe_name_115,1x1x30x30
74,MaxPool,0,safe_name_116,1x1x30x30
75,Where,0,safe_name_117,1x1x30x30
76,MaxPool,0,safe_name_118,1x1x30x30
77,Where,0,safe_name_119,1x1x30x30
78,MaxPool,0,safe_name_120,1x1x30x30
79,Where,0,safe_name_121,1x1x30x30
80,MaxPool,0,safe_name_122,1x1x30x30
81,Where,0,safe_name_123,1x1x30x30
82,MaxPool,0,safe_name_124,1x1x30x30
83,Where,0,safe_name_125,1x1x30x30
84,MaxPool,0,safe_name_126,1x1x30x30
85,Where,0,safe_name_127,1x1x30x30
86,Mul,0,safe_name_128,1x1x30x30
87,Where,0,safe_name_129,1x1x30x30
88,MaxPool,0,safe_name_130,1x1x30x30
89,Where,0,safe_name_131,1x1x30x30
90,MaxPool,0,safe_name_132,1x1x30x30
91,Where,0,safe_name_133,1x1x30x30
92,MaxPool,0,safe_name_134,1x1x30x30
93,Where,0,safe_name_135,1x1x30x30
94,MaxPool,0,safe_name_136,1x1x30x30
95,Where,0,safe_name_137,1x1x30x30
96,MaxPool,0,safe_name_138,1x1x30x30
97,Where,0,safe_name_139,1x1x30x30
98,MaxPool,0,safe_name_140,1x1x30x30
99,Where,0,safe_name_141,1x1x30x30
100,MaxPool,0,safe_name_142,1x1x30x30
101,Where,0,safe_name_143,1x1x30x30
102,MaxPool,0,safe_name_144,1x1x30x30
103,Where,0,safe_name_145,1x1x30x30
104,MaxPool,0,safe_name_146,1x1x30x30
105,Where,0,safe_name_147,1x1x30x30
106,MaxPool,0,safe_name_148,1x1x30x30
107,Where,0,safe_name_149,1x1x30x30
108,MaxPool,0,safe_name_150,1x1x30x30
109,Where,0,safe_name_151,1x1x30x30
110,Mul,0,safe_name_152,1x1x30x30
111,Cast,0,safe_name_153,1x1x30x30
112,Cast,0,safe_name_154,1x1x30x30
113,Cast,0,safe_name_155,1x1x30x30
114,Cast,0,safe_name_156,1x1x30x30
115,Clip,0,safe_name_157,1x1x30x30
116,Clip,0,safe_name_158,1x1x30x30
117,Unsqueeze,0,safe_name_159,1x1x30x30x1
118,Unsqueeze,0,safe_name_160,1x1x30x30x1
119,ConstantOfShape,0,safe_name_161,1000
120,ScatterND,0,safe_name_162,1000
121,ScatterND,0,safe_name_163,1000
122,ScatterND,0,safe_name_164,1000
123,ScatterND,0,safe_name_165,1000
124,ReduceMax,0,safe_name_166,
125,ReduceMax,0,safe_name_167,
126,Greater,0,safe_name_168,
127,Where,0,safe_name_169,1x1x30x30
128,Where,0,safe_name_170,1x1x30x30
129,Not,0,safe_name_171,
130,And,0,safe_name_172,1x1x30x30
131,And,0,safe_name_173,1x1x30x30
132,Or,0,safe_name_174,1x1x30x30
133,Where,0,safe_name_175,1x1x1x1
134,Where,0,safe_name_176,1x1x30x30
135,ReduceMin,0,safe_name_177,1x1x1x1
136,Equal,0,safe_name_178,1x1x30x30
137,Where,0,safe_name_179,1x1x30x30
138,ReduceMin,0,safe_name_180,1x1x1x1
139,Equal,0,safe_name_181,1x1x30x30
140,Where,0,safe_name_182,1x1x30x30
141,ReduceMin,0,safe_name_183,1x1x1x1
142,Equal,0,safe_name_184,1x1x30x30
143,Less,0,safe_name_185,1x1x1x1
144,Less,0,safe_name_186,1x1x1x1
145,Less,0,safe_name_187,1x1x1x1
146,Equal,0,safe_name_188,1x1x30x30
147,And,0,safe_name_189,1x1x30x30
148,Cast,0,safe_name_190,1x1x30x30
149,Equal,0,safe_name_191,1x1x30x30
150,And,0,safe_name_192,1x1x30x30
151,Cast,0,safe_name_193,1x1x30x30
152,Equal,0,safe_name_194,1x1x30x30
153,And,0,safe_name_195,1x1x30x30
154,Cast,0,safe_name_196,1x1x30x30
155,Equal,0,safe_name_197,1x1x30x30
156,And,0,safe_name_198,1x1x30x30
157,Cast,0,safe_name_199,1x1x30x30
158,Equal,0,safe_name_200,1x1x30x30
159,And,0,safe_name_201,1x1x30x30
160,Cast,0,safe_name_202,1x1x30x30
161,Equal,0,safe_name_203,1x1x30x30
162,And,0,safe_name_204,1x1x30x30
163,Cast,0,safe_name_205,1x1x30x30
164,Equal,0,safe_name_206,1x1x30x30
165,And,0,safe_name_207,1x1x30x30
166,Cast,0,safe_name_208,1x1x30x30
167,Equal,0,safe_name_209,1x1x30x30
168,And,0,safe_name_210,1x1x30x30
169,Cast,0,safe_name_211,1x1x30x30
170,Equal,0,safe_name_212,1x1x30x30
171,And,0,safe_name_213,1x1x30x30
172,Cast,0,safe_name_214,1x1x30x30
173,ReduceSum,0,safe_name_215,1x1x1x1
174,Greater,0,safe_name_216,1x1x1x1
175,ReduceSum,0,safe_name_217,1x1x1x1
176,Greater,0,safe_name_218,1x1x1x1
177,ReduceSum,0,safe_name_219,1x1x1x1
178,Greater,0,safe_name_220,1x1x1x1
179,ReduceSum,0,safe_name_221,1x1x1x1
180,Greater,0,safe_name_222,1x1x1x1
181,ReduceSum,0,safe_name_223,1x1x1x1
182,Greater,0,safe_name_224,1x1x1x1
183,ReduceSum,0,safe_name_225,1x1x1x1
184,Greater,0,safe_name_226,1x1x1x1
185,ReduceSum,0,safe_name_227,1x1x1x1
186,Greater,0,safe_name_228,1x1x1x1
187,ReduceSum,0,safe_name_229,1x1x1x1
188,Greater,0,safe_name_230,1x1x1x1
189,ReduceSum,0,safe_name_231,1x1x1x1
190,Greater,0,safe_name_232,1x1x1x1
191,Equal,0,safe_name_233,1x1x30x30
192,And,0,safe_name_234,1x1x30x30
193,Cast,0,safe_name_235,1x1x30x30
194,ReduceSum,0,safe_name_236,1x1x1x1
195,Equal,0,safe_name_237,1x1x30x30
196,And,0,safe_name_238,1x1x30x30
197,Cast,0,safe_name_239,1x1x30x30
198,ReduceSum,0,safe_name_240,1x1x1x1
199,Equal,0,safe_name_241,1x1x30x30
200,And,0,safe_name_242,1x1x30x30
201,Cast,0,safe_name_243,1x1x30x30
202,ReduceSum,0,safe_name_244,1x1x1x1
203,Equal,0,safe_name_245,1x1x30x30
204,And,0,safe_name_246,1x1x30x30
205,Cast,0,safe_name_247,1x1x30x30
206,ReduceSum,0,safe_name_248,1x1x1x1
207,Equal,0,safe_name_249,1x1x30x30
208,And,0,safe_name_250,1x1x30x30
209,Cast,0,safe_name_251,1x1x30x30
210,ReduceSum,0,safe_name_252,1x1x1x1
211,Equal,0,safe_name_253,1x1x30x30
212,And,0,safe_name_254,1x1x30x30
213,Cast,0,safe_name_255,1x1x30x30
214,ReduceSum,0,safe_name_256,1x1x1x1
215,Equal,0,safe_name_257,1x1x30x30
216,And,0,safe_name_258,1x1x30x30
217,Cast,0,safe_name_259,1x1x30x30
218,ReduceSum,0,safe_name_260,1x1x1x1
219,Equal,0,safe_name_261,1x1x30x30
220,And,0,safe_name_262,1x1x30x30
221,Cast,0,safe_name_263,1x1x30x30
222,ReduceSum,0,safe_name_264,1x1x1x1
223,Equal,0,safe_name_265,1x1x30x30
224,And,0,safe_name_266,1x1x30x30
225,Cast,0,safe_name_267,1x1x30x30
226,ReduceSum,0,safe_name_268,1x1x1x1
227,Where,0,safe_name_269,1x1x1x1
228,Where,0,safe_name_270,1x1x1x1
229,Where,0,safe_name_271,1x1x1x1
230,Where,0,safe_name_272,1x1x1x1
231,Where,0,safe_name_273,1x1x1x1
232,Where,0,safe_name_274,1x1x1x1
233,Where,0,safe_name_275,1x1x1x1
234,Where,0,safe_name_276,1x1x1x1
235,Where,0,safe_name_277,1x1x1x1
236,Concat,0,safe_name_278,1x9x1x1
237,ArgMax,0,safe_name_279,1x1x1x1
238,Cast,0,safe_name_280,1x1x1x1
239,Expand,0,safe_name_281,1x1x1x1
240,Add,0,safe_name_282,1x1x1x1
241,ReduceMax,0,safe_name_283,1x1x1x1
242,Greater,0,safe_name_284,1x1x1x1
243,Concat,0,safe_name_285,1x9x1x1
244,ArgMax,0,safe_name_286,1x1x1x1
245,Cast,0,safe_name_287,1x1x1x1
246,Add,0,safe_name_288,1x1x1x1
247,Where,0,safe_name_289,1x1x1x1
248,Tile,0,safe_name_290,1x1x30x30
249,Equal,0,safe_name_291,1x1x30x30
250,Not,0,safe_name_292,1x1x30x30
251,And,0,safe_name_293,1x1x30x30
252,And,0,safe_name_294,1x1x30x30
253,And,0,safe_name_295,1x1x30x30
254,And,0,safe_name_296,1x1x30x30
255,And,0,safe_name_297,1x1x30x30
256,And,0,safe_name_298,1x1x30x30
257,And,0,safe_name_299,1x1x30x30
258,And,0,safe_name_300,1x1x30x30
259,And,0,safe_name_301,1x1x30x30
260,Or,0,safe_name_302,1x1x30x30
261,Or,0,safe_name_303,1x1x30x30
262,Or,0,safe_name_304,1x1x30x30
263,Or,0,safe_name_305,1x1x30x30
264,Or,0,safe_name_306,1x1x30x30
265,Or,0,safe_name_307,1x1x30x30
266,Or,0,safe_name_308,1x1x30x30
267,Or,0,safe_name_309,1x1x30x30
268,And,0,safe_name_310,1x1x30x30
269,And,0,safe_name_311,1x1x30x30
270,Cast,0,safe_name_312,1x1x30x30
271,ReduceSum,0,safe_name_313,1x1x1x1
272,Where,0,safe_name_314,1x1x30x30
273,ReduceMax,0,safe_name_315,1x1x1x1
274,And,0,safe_name_316,1x1x30x30
275,Cast,0,safe_name_317,1x1x30x30
276,ReduceSum,0,safe_name_318,1x1x1x1
277,And,0,safe_name_319,1x1x30x30
278,Cast,0,safe_name_320,1x1x30x30
279,ReduceSum,0,safe_name_321,1x1x1x1
280,And,0,safe_name_322,1x1x30x30
281,Cast,0,safe_name_323,1x1x30x30
282,ReduceSum,0,safe_name_324,1x1x1x1
283,And,0,safe_name_325,1x1x30x30
284,Cast,0,safe_name_326,1x1x30x30
285,ReduceSum,0,safe_name_327,1x1x1x1
286,And,0,safe_name_328,1x1x30x30
287,Cast,0,safe_name_329,1x1x30x30
288,ReduceSum,0,safe_name_330,1x1x1x1
289,And,0,safe_name_331,1x1x30x30
290,Cast,0,safe_name_332,1x1x30x30
291,ReduceSum,0,safe_name_333,1x1x1x1
292,And,0,safe_name_334,1x1x30x30
293,Cast,0,safe_name_335,1x1x30x30
294,ReduceSum,0,safe_name_336,1x1x1x1
295,And,0,safe_name_337,1x1x30x30
296,Cast,0,safe_name_338,1x1x30x30
297,ReduceSum,0,safe_name_339,1x1x1x1
298,And,0,safe_name_340,1x1x30x30
299,Cast,0,safe_name_341,1x1x30x30
300,ReduceSum,0,safe_name_342,1x1x1x1
301,Where,0,safe_name_343,1x1x1x1
302,Where,0,safe_name_344,1x1x1x1
303,Where,0,safe_name_345,1x1x1x1
304,Where,0,safe_name_346,1x1x1x1
305,Where,0,safe_name_347,1x1x1x1
306,Where,0,safe_name_348,1x1x1x1
307,Where,0,safe_name_349,1x1x1x1
308,Where,0,safe_name_350,1x1x1x1
309,Where,0,safe_name_351,1x1x1x1
310,Concat,0,safe_name_352,1x9x1x1
311,ArgMax,0,safe_name_353,1x1x1x1
312,Cast,0,safe_name_354,1x1x1x1
313,Add,0,safe_name_355,1x1x1x1
314,ReduceMax,0,safe_name_356,1x1x1x1
315,Greater,0,safe_name_357,1x1x1x1
316,Concat,0,safe_name_358,1x9x1x1
317,ArgMax,0,safe_name_359,1x1x1x1
318,Cast,0,safe_name_360,1x1x1x1
319,Add,0,safe_name_361,1x1x1x1
320,Where,0,safe_name_362,1x1x1x1
321,Tile,0,safe_name_363,1x1x30x30
322,Equal,0,safe_name_364,1x1x30x30
323,Not,0,safe_name_365,1x1x30x30
324,And,0,safe_name_366,1x1x30x30
325,And,0,safe_name_367,1x1x30x30
326,Cast,0,safe_name_368,1x1x30x30
327,ReduceSum,0,safe_name_369,1x1x1x1
328,Where,0,safe_name_370,1x1x30x30
329,ReduceMax,0,safe_name_371,1x1x1x1
330,And,0,safe_name_372,1x1x30x30
331,Cast,0,safe_name_373,1x1x30x30
332,ReduceSum,0,safe_name_374,1x1x1x1
333,And,0,safe_name_375,1x1x30x30
334,Cast,0,safe_name_376,1x1x30x30
335,ReduceSum,0,safe_name_377,1x1x1x1
336,And,0,safe_name_378,1x1x30x30
337,Cast,0,safe_name_379,1x1x30x30
338,ReduceSum,0,safe_name_380,1x1x1x1
339,And,0,safe_name_381,1x1x30x30
340,Cast,0,safe_name_382,1x1x30x30
341,ReduceSum,0,safe_name_383,1x1x1x1
342,And,0,safe_name_384,1x1x30x30
343,Cast,0,safe_name_385,1x1x30x30
344,ReduceSum,0,safe_name_386,1x1x1x1
345,And,0,safe_name_387,1x1x30x30
346,Cast,0,safe_name_388,1x1x30x30
347,ReduceSum,0,safe_name_389,1x1x1x1
348,And,0,safe_name_390,1x1x30x30
349,Cast,0,safe_name_391,1x1x30x30
350,ReduceSum,0,safe_name_392,1x1x1x1
351,And,0,safe_name_393,1x1x30x30
352,Cast,0,safe_name_394,1x1x30x30
353,ReduceSum,0,safe_name_395,1x1x1x1
354,And,0,safe_name_396,1x1x30x30
355,Cast,0,safe_name_397,1x1x30x30
356,ReduceSum,0,safe_name_398,1x1x1x1
357,Where,0,safe_name_399,1x1x1x1
358,Where,0,safe_name_400,1x1x1x1
359,Where,0,safe_name_401,1x1x1x1
360,Where,0,safe_name_402,1x1x1x1
361,Where,0,safe_name_403,1x1x1x1
362,Where,0,safe_name_404,1x1x1x1
363,Where,0,safe_name_405,1x1x1x1
364,Where,0,safe_name_406,1x1x1x1
365,Where,0,safe_name_407,1x1x1x1
366,Concat,0,safe_name_408,1x9x1x1
367,ArgMax,0,safe_name_409,1x1x1x1
368,Cast,0,safe_name_410,1x1x1x1
369,Add,0,safe_name_411,1x1x1x1
370,ReduceMax,0,safe_name_412,1x1x1x1
371,Greater,0,safe_name_413,1x1x1x1
372,Concat,0,safe_name_414,1x9x1x1
373,ArgMax,0,safe_name_415,1x1x1x1
374,Cast,0,safe_name_416,1x1x1x1
375,Add,0,safe_name_417,1x1x1x1
376,Where,0,safe_name_418,1x1x1x1
377,Tile,0,safe_name_419,1x1x30x30
378,Equal,0,safe_name_420,1x1x30x30
379,Not,0,safe_name_421,1x1x30x30
380,And,0,safe_name_422,1x1x30x30
381,And,0,safe_name_423,1x1x30x30
382,Cast,0,safe_name_424,1x1x30x30
383,ReduceSum,0,safe_name_425,1x1x1x1
384,Where,0,safe_name_426,1x1x30x30
385,ReduceMax,0,safe_name_427,1x1x1x1
386,Equal,0,safe_name_428,1x1x1x1
387,Where,0,safe_name_429,1x1x30x30
388,Equal,0,safe_name_430,1x1x1x1
389,Where,0,safe_name_431,1x1x30x30
390,Equal,0,safe_name_432,1x1x1x1
391,Where,0,safe_name_433,1x1x30x30
392,Equal,0,safe_name_434,1x1x1x1
393,Where,0,safe_name_435,1x1x30x30
394,Equal,0,safe_name_436,1x1x1x1
395,Where,0,safe_name_437,1x1x30x30
396,Equal,0,safe_name_438,1x1x1x1
397,Where,0,safe_name_439,1x1x30x30
398,Equal,0,safe_name_440,1x1x1x1
399,Where,0,safe_name_441,1x1x30x30
400,Equal,0,safe_name_442,1x1x1x1
401,Where,0,safe_name_443,1x1x30x30
402,Equal,0,safe_name_444,1x1x1x1
403,Where,0,safe_name_445,1x1x30x30
404,Conv,0,safe_name_446,1x1x59x59
405,Tile,0,safe_name_447,1x1x59x59
406,Equal,0,safe_name_448,1x1x59x59
407,Greater,0,safe_name_449,1x1x1x1
408,And,0,safe_name_450,1x1x1x1
409,And,0,safe_name_451,1x1x59x59
410,Equal,0,safe_name_452,1x1x1x1
411,Where,0,safe_name_453,1x1x30x30
412,Equal,0,safe_name_454,1x1x1x1
413,Where,0,safe_name_455,1x1x30x30
414,Equal,0,safe_name_456,1x1x1x1
415,Where,0,safe_name_457,1x1x30x30
416,Equal,0,safe_name_458,1x1x1x1
417,Where,0,safe_name_459,1x1x30x30
418,Equal,0,safe_name_460,1x1x1x1
419,Where,0,safe_name_461,1x1x30x30
420,Equal,0,safe_name_462,1x1x1x1
421,Where,0,safe_name_463,1x1x30x30
422,Equal,0,safe_name_464,1x1x1x1
423,Where,0,safe_name_465,1x1x30x30
424,Equal,0,safe_name_466,1x1x1x1
425,Where,0,safe_name_467,1x1x30x30
426,Equal,0,safe_name_468,1x1x1x1
427,Where,0,safe_name_469,1x1x30x30
428,Conv,0,safe_name_470,1x1x59x59
429,Tile,0,safe_name_471,1x1x59x59
430,Equal,0,safe_name_472,1x1x59x59
431,Greater,0,safe_name_473,1x1x1x1
432,And,0,safe_name_474,1x1x1x1
433,And,0,safe_name_475,1x1x59x59
434,Equal,0,safe_name_476,1x1x1x1
435,Where,0,safe_name_477,1x1x30x30
436,Equal,0,safe_name_478,1x1x1x1
437,Where,0,safe_name_479,1x1x30x30
438,Equal,0,safe_name_480,1x1x1x1
439,Where,0,safe_name_481,1x1x30x30
440,Equal,0,safe_name_482,1x1x1x1
441,Where,0,safe_name_483,1x1x30x30
442,Equal,0,safe_name_484,1x1x1x1
443,Where,0,safe_name_485,1x1x30x30
444,Equal,0,safe_name_486,1x1x1x1
445,Where,0,safe_name_487,1x1x30x30
446,Equal,0,safe_name_488,1x1x1x1
447,Where,0,safe_name_489,1x1x30x30
448,Equal,0,safe_name_490,1x1x1x1
449,Where,0,safe_name_491,1x1x30x30
450,Equal,0,safe_name_492,1x1x1x1
451,Where,0,safe_name_493,1x1x30x30
452,Conv,0,safe_name_494,1x1x59x59
453,Tile,0,safe_name_495,1x1x59x59
454,Equal,0,safe_name_496,1x1x59x59
455,Greater,0,safe_name_497,1x1x1x1
456,And,0,safe_name_498,1x1x1x1
457,And,0,safe_name_499,1x1x59x59
458,Where,0,safe_name_500,1x1x1x1
459,Where,0,safe_name_501,1x1x1x1
460,Where,0,safe_name_502,1x1x1x1
461,Expand,0,safe_name_503,1x1x1x1
462,Add,0,safe_name_504,1x1x1x1
463,Expand,0,safe_name_505,1x1x1x1
464,Add,0,safe_name_506,1x1x1x1
465,Expand,0,safe_name_507,1x1x1x1
466,Add,0,safe_name_508,1x1x1x1
467,Max,0,safe_name_509,1x1x1x1
468,Equal,0,safe_name_510,1x1x1x1
469,Equal,0,safe_name_511,1x1x1x1
470,Equal,0,safe_name_512,1x1x1x1
471,Where,0,safe_name_513,1x1x1x1
472,Where,0,safe_name_514,1x1x1x1
473,Where,0,safe_name_515,1x1x1x1
474,Max,0,safe_name_516,1x1x1x1
475,Equal,0,safe_name_517,1x1x1x1
476,Equal,0,safe_name_518,1x1x1x1
477,Equal,0,safe_name_519,1x1x1x1
478,Where,0,safe_name_520,1x1x1x1
479,Where,0,safe_name_521,1x1x1x1
480,Where,0,safe_name_522,1x1x1x1
481,Max,0,safe_name_523,1x1x1x1
482,Equal,0,safe_name_524,1x1x1x1
483,Equal,0,safe_name_525,1x1x1x1
484,Equal,0,safe_name_526,1x1x1x1
485,Not,0,safe_name_527,1x1x1x1
486,And,0,safe_name_528,1x1x59x59
487,And,0,safe_name_529,1x1x59x59
488,Or,0,safe_name_530,1x1x59x59
489,Not,0,safe_name_531,1x1x1x1
490,And,0,safe_name_532,1x1x59x59
491,And,0,safe_name_533,1x1x59x59
492,Or,0,safe_name_534,1x1x59x59
493,Where,0,safe_name_535,1x1x30x30
494,Where,0,safe_name_536,1x1x30x30
495,Where,0,safe_name_537,1x1x59x59
496,Reshape,0,safe_name_538,3481
497,ArgMax,0,safe_name_539,
498,ReduceMax,0,safe_name_540,
499,Greater,0,safe_name_541,
500,Div,0,safe_name_542,
501,Mod,0,safe_name_543,
502,Sub,0,safe_name_544,
503,Sub,0,safe_name_545,
504,Reshape,0,safe_name_546,1x1x1x1
505,Reshape,0,safe_name_547,1x1x1x1
506,Tile,0,safe_name_548,1x1x30x1
507,Tile,0,safe_name_549,1x1x1x30
508,Sub,0,safe_name_550,1x1x30x1
509,Sub,0,safe_name_551,1x1x1x30
510,Clip,0,safe_name_552,1x1x30x1
511,Clip,0,safe_name_553,1x1x1x30
512,Reshape,0,safe_name_554,30
513,Reshape,0,safe_name_555,30
514,GreaterOrEqual,0,safe_name_556,1x1x30x1
515,LessOrEqual,0,safe_name_557,1x1x30x1
516,And,0,safe_name_558,1x1x30x1
517,GreaterOrEqual,0,safe_name_559,1x1x1x30
518,LessOrEqual,0,safe_name_560,1x1x1x30
519,And,0,safe_name_561,1x1x1x30
520,And,0,safe_name_562,1x1x30x30
521,Gather,0,safe_name_563,1x1x30x30
522,Gather,0,safe_name_564,1x1x30x30
523,Where,0,safe_name_565,1x1x30x30
524,Where,0,safe_name_566,1x1x30x30
525,Not,0,safe_name_567,1x1x1x1
526,And,0,safe_name_568,1x1x59x59
527,And,0,safe_name_569,1x1x59x59
528,Or,0,safe_name_570,1x1x59x59
529,Not,0,safe_name_571,1x1x1x1
530,And,0,safe_name_572,1x1x59x59
531,And,0,safe_name_573,1x1x59x59
532,Or,0,safe_name_574,1x1x59x59
533,Where,0,safe_name_575,1x1x30x30
534,Where,0,safe_name_576,1x1x30x30
535,Conv,0,safe_name_577,1x1x59x59
536,Equal,0,safe_name_578,1x1x59x59
537,And,0,safe_name_579,1x1x59x59
538,Where,0,safe_name_580,1x1x59x59
539,Reshape,0,safe_name_581,3481
540,ArgMax,0,safe_name_582,
541,ReduceMax,0,safe_name_583,
542,Greater,0,safe_name_584,
543,Div,0,safe_name_585,
544,Mod,0,safe_name_586,
545,Sub,0,safe_name_587,
546,Sub,0,safe_name_588,
547,Reshape,0,safe_name_589,1x1x1x1
548,Reshape,0,safe_name_590,1x1x1x1
549,Tile,0,safe_name_591,1x1x30x1
550,Tile,0,safe_name_592,1x1x1x30
551,Sub,0,safe_name_593,1x1x30x1
552,Sub,0,safe_name_594,1x1x1x30
553,Clip,0,safe_name_595,1x1x30x1
554,Clip,0,safe_name_596,1x1x1x30
555,Reshape,0,safe_name_597,30
556,Reshape,0,safe_name_598,30
557,GreaterOrEqual,0,safe_name_599,1x1x30x1
558,LessOrEqual,0,safe_name_600,1x1x30x1
559,And,0,safe_name_601,1x1x30x1
560,GreaterOrEqual,0,safe_name_602,1x1x1x30
561,LessOrEqual,0,safe_name_603,1x1x1x30
562,And,0,safe_name_604,1x1x1x30
563,And,0,safe_name_605,1x1x30x30
564,Gather,0,safe_name_606,1x1x30x30
565,Gather,0,safe_name_607,1x1x30x30
566,Where,0,safe_name_608,1x1x30x30
567,Where,0,safe_name_609,1x1x30x30
568,Add,0,safe_name_610,1x1x30x30
569,Greater,0,safe_name_611,1x1x30x30
570,Cast,0,safe_name_612,1x1x30x30
571,Not,0,safe_name_613,1x1x1x1
572,And,0,safe_name_614,1x1x59x59
573,And,0,safe_name_615,1x1x59x59
574,Or,0,safe_name_616,1x1x59x59
575,Not,0,safe_name_617,1x1x1x1
576,And,0,safe_name_618,1x1x59x59
577,And,0,safe_name_619,1x1x59x59
578,Or,0,safe_name_620,1x1x59x59
579,Where,0,safe_name_621,1x1x30x30
580,Where,0,safe_name_622,1x1x30x30
581,Conv,0,safe_name_623,1x1x59x59
582,Equal,0,safe_name_624,1x1x59x59
583,And,0,safe_name_625,1x1x59x59
584,Where,0,safe_name_626,1x1x59x59
585,Reshape,0,safe_name_627,3481
586,ArgMax,0,safe_name_628,
587,ReduceMax,0,safe_name_629,
588,Greater,0,safe_name_630,
589,Div,0,safe_name_631,
590,Mod,0,safe_name_632,
591,Sub,0,safe_name_633,
592,Sub,0,safe_name_634,
593,Where,0,safe_name_635,1x1x1x1
594,Where,0,safe_name_636,1x1x1x1
595,Where,0,safe_name_637,1x1x1x1
596,Where,0,safe_name_638,1x1x1x1
597,Where,0,safe_name_639,1x1x1x1
598,Where,0,safe_name_640,1x1x1x1
599,And,0,safe_name_641,1x1x1x1
600,And,0,safe_name_642,1x1x1x1
601,And,0,safe_name_643,1x1x1x1
602,Or,0,safe_name_644,1x1x1x1
603,Or,0,safe_name_645,1x1x1x1
604,Where,0,safe_name_646,1x1x1x1
605,Where,0,safe_name_647,1x1x1x1
606,Where,0,safe_name_648,1x1x1x1
607,Where,0,safe_name_649,1x1x1x1
608,Where,0,safe_name_650,1x1x1x1
609,Where,0,safe_name_651,1x1x1x1
610,And,0,safe_name_652,1x1x1x1
611,And,0,safe_name_653,1x1x1x1
612,And,0,safe_name_654,1x1x1x1
613,Or,0,safe_name_655,1x1x1x1
614,Or,0,safe_name_656,1x1x1x1
615,Where,0,safe_name_657,1x1x1x1
616,Where,0,safe_name_658,1x1x1x1
617,Where,0,safe_name_659,1x1x1x1
618,Where,0,safe_name_660,1x1x1x1
619,Where,0,safe_name_661,1x1x1x1
620,Where,0,safe_name_662,1x1x1x1
621,And,0,safe_name_663,1x1x1x1
622,And,0,safe_name_664,1x1x1x1
623,And,0,safe_name_665,1x1x1x1
624,Or,0,safe_name_666,1x1x1x1
625,Or,0,safe_name_667,1x1x1x1
626,Tile,0,safe_name_668,1x1x30x30
627,Where,0,safe_name_669,1x1x30x1
628,Where,0,safe_name_670,1x1x1x30
629,Less,0,safe_name_671,1x1x30x1
630,Less,0,safe_name_672,1x1x1x30
631,And,0,safe_name_673,1x1x30x30
632,Tile,0,safe_name_674,1x1x30x1
633,Tile,0,safe_name_675,1x1x1x30
634,Sub,0,safe_name_676,1x1x30x1
635,Sub,0,safe_name_677,1x1x1x30
636,Clip,0,safe_name_678,1x1x30x1
637,Clip,0,safe_name_679,1x1x1x30
638,Reshape,0,safe_name_680,30
639,Reshape,0,safe_name_681,30
640,GreaterOrEqual,0,safe_name_682,1x1x30x1
641,LessOrEqual,0,safe_name_683,1x1x30x1
642,And,0,safe_name_684,1x1x30x1
643,GreaterOrEqual,0,safe_name_685,1x1x1x30
644,LessOrEqual,0,safe_name_686,1x1x1x30
645,And,0,safe_name_687,1x1x1x30
646,And,0,safe_name_688,1x1x30x30
647,Cast,0,safe_name_689,1x1x30x30
648,Gather,0,safe_name_690,1x1x30x30
649,Gather,0,safe_name_691,1x1x30x30
650,Where,0,safe_name_692,1x1x30x30
651,Greater,0,safe_name_693,1x1x30x30
652,And,0,safe_name_694,1x1x30x30
653,And,0,safe_name_695,1x1x30x30
654,Gather,0,safe_name_696,1x1x30x30
655,Gather,0,safe_name_697,1x1x30x30
656,Where,0,safe_name_698,1x1x30x30
657,Where,0,safe_name_699,1x1x30x30
658,Tile,0,safe_name_700,1x1x30x1
659,Tile,0,safe_name_701,1x1x1x30
660,Sub,0,safe_name_702,1x1x30x1
661,Sub,0,safe_name_703,1x1x1x30
662,Clip,0,safe_name_704,1x1x30x1
663,Clip,0,safe_name_705,1x1x1x30
664,Reshape,0,safe_name_706,30
665,Reshape,0,safe_name_707,30
666,GreaterOrEqual,0,safe_name_708,1x1x30x1
667,LessOrEqual,0,safe_name_709,1x1x30x1
668,And,0,safe_name_710,1x1x30x1
669,GreaterOrEqual,0,safe_name_711,1x1x1x30
670,LessOrEqual,0,safe_name_712,1x1x1x30
671,And,0,safe_name_713,1x1x1x30
672,And,0,safe_name_714,1x1x30x30
673,Cast,0,safe_name_715,1x1x30x30
674,Gather,0,safe_name_716,1x1x30x30
675,Gather,0,safe_name_717,1x1x30x30
676,Where,0,safe_name_718,1x1x30x30
677,Greater,0,safe_name_719,1x1x30x30
678,And,0,safe_name_720,1x1x30x30
679,And,0,safe_name_721,1x1x30x30
680,Gather,0,safe_name_722,1x1x30x30
681,Gather,0,safe_name_723,1x1x30x30
682,Where,0,safe_name_724,1x1x30x30
683,Where,0,safe_name_725,1x1x30x30
684,Tile,0,safe_name_726,1x1x30x1
685,Tile,0,safe_name_727,1x1x1x30
686,Sub,0,safe_name_728,1x1x30x1
687,Sub,0,safe_name_729,1x1x1x30
688,Clip,0,safe_name_730,1x1x30x1
689,Clip,0,safe_name_731,1x1x1x30
690,Reshape,0,safe_name_732,30
691,Reshape,0,safe_name_733,30
692,GreaterOrEqual,0,safe_name_734,1x1x30x1
693,LessOrEqual,0,safe_name_735,1x1x30x1
694,And,0,safe_name_736,1x1x30x1
695,GreaterOrEqual,0,safe_name_737,1x1x1x30
696,LessOrEqual,0,safe_name_738,1x1x1x30
697,And,0,safe_name_739,1x1x1x30
698,And,0,safe_name_740,1x1x30x30
699,Cast,0,safe_name_741,1x1x30x30
700,Gather,0,safe_name_742,1x1x30x30
701,Gather,0,safe_name_743,1x1x30x30
702,Where,0,safe_name_744,1x1x30x30
703,Greater,0,safe_name_745,1x1x30x30
704,And,0,safe_name_746,1x1x30x30
705,And,0,safe_name_747,1x1x30x30
706,Gather,0,safe_name_748,1x1x30x30
707,Gather,0,safe_name_749,1x1x30x30
708,Where,0,safe_name_750,1x1x30x30
709,Where,0,safe_name_751,1x1x30x30
710,Where,0,safe_name_752,1x1x30x30
711,Equal,0,safe_name_753,1x1x30x30
712,And,0,safe_name_754,1x1x30x30
713,Equal,0,safe_name_755,1x1x30x30
714,Equal,0,safe_name_756,1x1x30x30
715,Equal,0,safe_name_757,1x1x30x30
716,Equal,0,safe_name_758,1x1x30x30
717,Equal,0,safe_name_759,1x1x30x30
718,Equal,0,safe_name_760,1x1x30x30
719,Equal,0,safe_name_761,1x1x30x30
720,Equal,0,safe_name_762,1x1x30x30
721,Equal,0,safe_name_763,1x1x30x30
