idx,template,color,features
0,"(1, 1, 1, 0, 0, 0, 0, 0, 0)",8,"{'mode_nz': 5, 'least_nz': 8, 'mode_all': 0, 'color_count': 2, 'center': 0, 'tl': 0, 'tr': 0, 'bl': 0, 'br': 0, 'bbox_h': 5, 'bbox_w': 4, 'bbox_area': 20, 'bbox_tl': 5, 'bbox_tr': 5, 'bbox_bl': 5, 'bbox_br': 5}"
1,"(1, 1, 1, 0, 0, 1, 0, 0, 0)",8,"{'mode_nz': 5, 'least_nz': 8, 'mode_all': 0, 'color_count': 2, 'center': 0, 'tl': 0, 'tr': 0, 'bl': 0, 'br': 0, 'bbox_h': 8, 'bbox_w': 5, 'bbox_area': 40, 'bbox_tl': 5, 'bbox_tr': 5, 'bbox_bl': 5, 'bbox_br': 5}"
2,"(1, 1, 1, 0, 0, 0, 0, 0, 0)",8,"{'mode_nz': 5, 'least_nz': 8, 'mode_all': 0, 'color_count': 2, 'center': 0, 'tl': 0, 'tr': 0, 'bl': 0, 'br': 0, 'bbox_h': 7, 'bbox_w': 7, 'bbox_area': 49, 'bbox_tl': 5, 'bbox_tr': 5, 'bbox_bl': 5, 'bbox_br': 5}"
3,"(1, 1, 0, 0, 0, 0, 0, 0, 0)",8,"{'mode_nz': 5, 'least_nz': 8, 'mode_all': 0, 'color_count': 2, 'center': 8, 'tl': 0, 'tr': 0, 'bl': 0, 'br': 0, 'bbox_h': 7, 'bbox_w': 5, 'bbox_area': 35, 'bbox_tl': 5, 'bbox_tr': 5, 'bbox_bl': 5, 'bbox_br': 5}"
4,"(1, 0, 0, 0, 0, 0, 0, 0, 0)",8,"{'mode_nz': 5, 'least_nz': 8, 'mode_all': 0, 'color_count': 2, 'center': 8, 'tl': 0, 'tr': 0, 'bl': 0, 'br': 0, 'bbox_h': 4, 'bbox_w': 4, 'bbox_area': 16, 'bbox_tl': 5, 'bbox_tr': 5, 'bbox_bl': 5, 'bbox_br': 5}"
5,"(1, 1, 0, 0, 0, 0, 0, 0, 0)",8,"{'mode_nz': 5, 'least_nz': 8, 'mode_all': 0, 'color_count': 2, 'center': 0, 'tl': 0, 'tr': 0, 'bl': 0, 'br': 0, 'bbox_h': 5, 'bbox_w': 5, 'bbox_area': 25, 'bbox_tl': 5, 'bbox_tr': 5, 'bbox_bl': 5, 'bbox_br': 5}"
6,"(1, 0, 0, 0, 0, 0, 0, 0, 0)",8,"{'mode_nz': 5, 'least_nz': 8, 'mode_all': 0, 'color_count': 2, 'center': 8, 'tl': 0, 'tr': 0, 'bl': 0, 'br': 0, 'bbox_h': 8, 'bbox_w': 5, 'bbox_area': 40, 'bbox_tl': 5, 'bbox_tr': 5, 'bbox_bl': 5, 'bbox_br': 5}"
7,"(1, 1, 1, 0, 0, 1, 0, 0, 0)",8,"{'mode_nz': 5, 'least_nz': 8, 'mode_all': 0, 'color_count': 2, 'center': 0, 'tl': 0, 'tr': 0, 'bl': 0, 'br': 0, 'bbox_h': 6, 'bbox_w': 8, 'bbox_area': 48, 'bbox_tl': 5, 'bbox_tr': 5, 'bbox_bl': 5, 'bbox_br': 5}"
8,"(1, 0, 0, 0, 0, 0, 0, 0, 0)",8,"{'mode_nz': 5, 'least_nz': 8, 'mode_all': 0, 'color_count': 2, 'center': 8, 'tl': 0, 'tr': 0, 'bl': 0, 'br': 0, 'bbox_h': 5, 'bbox_w': 4, 'bbox_area': 20, 'bbox_tl': 5, 'bbox_tr': 5, 'bbox_bl': 5, 'bbox_br': 5}"
9,"(1, 0, 0, 0, 0, 0, 0, 0, 0)",8,"{'mode_nz': 5, 'least_nz': 8, 'mode_all': 0, 'color_count': 2, 'center': 8, 'tl': 0, 'tr': 0, 'bl': 0, 'br': 0, 'bbox_h': 6, 'bbox_w': 4, 'bbox_area': 24, 'bbox_tl': 5, 'bbox_tr': 5, 'bbox_bl': 5, 'bbox_br': 5}"
10,"(1, 1, 0, 0, 0, 0, 0, 0, 0)",8,"{'mode_nz': 8, 'least_nz': 5, 'mode_all': 0, 'color_count': 2, 'center': 8, 'tl': 0, 'tr': 0, 'bl': 0, 'br': 0, 'bbox_h': 10, 'bbox_w': 6, 'bbox_area': 60, 'bbox_tl': 5, 'bbox_tr': 5, 'bbox_bl': 5, 'bbox_br': 5}"
11,"(1, 1, 0, 0, 0, 0, 0, 0, 0)",8,"{'mode_nz': 8, 'least_nz': 5, 'mode_all': 0, 'color_count': 2, 'center': 8, 'tl': 0, 'tr': 0, 'bl': 0, 'br': 0, 'bbox_h': 7, 'bbox_w': 7, 'bbox_area': 49, 'bbox_tl': 5, 'bbox_tr': 5, 'bbox_bl': 5, 'bbox_br': 5}"
12,"(1, 1, 1, 0, 0, 0, 0, 0, 0)",8,"{'mode_nz': 5, 'least_nz': 8, 'mode_all': 0, 'color_count': 2, 'center': 8, 'tl': 0, 'tr': 0, 'bl': 0, 'br': 0, 'bbox_h': 8, 'bbox_w': 6, 'bbox_area': 48, 'bbox_tl': 5, 'bbox_tr': 5, 'bbox_bl': 5, 'bbox_br': 5}"
13,"(1, 1, 1, 0, 0, 0, 0, 0, 0)",8,"{'mode_nz': 5, 'least_nz': 8, 'mode_all': 0, 'color_count': 2, 'center': 0, 'tl': 0, 'tr': 0, 'bl': 0, 'br': 0, 'bbox_h': 7, 'bbox_w': 5, 'bbox_area': 35, 'bbox_tl': 5, 'bbox_tr': 5, 'bbox_bl': 5, 'bbox_br': 5}"
14,"(1, 1, 1, 0, 0, 1, 0, 0, 0)",8,"{'mode_nz': 5, 'least_nz': 8, 'mode_all': 0, 'color_count': 2, 'center': 8, 'tl': 0, 'tr': 0, 'bl': 0, 'br': 0, 'bbox_h': 10, 'bbox_w': 4, 'bbox_area': 40, 'bbox_tl': 5, 'bbox_tr': 5, 'bbox_bl': 5, 'bbox_br': 5}"
15,"(1, 0, 0, 0, 0, 0, 0, 0, 0)",8,"{'mode_nz': 5, 'least_nz': 8, 'mode_all': 0, 'color_count': 2, 'center': 8, 'tl': 0, 'tr': 0, 'bl': 0, 'br': 0, 'bbox_h': 4, 'bbox_w': 7, 'bbox_area': 28, 'bbox_tl': 5, 'bbox_tr': 5, 'bbox_bl': 5, 'bbox_br': 5}"
16,"(1, 1, 1, 0, 0, 0, 0, 0, 0)",8,"{'mode_nz': 5, 'least_nz': 8, 'mode_all': 0, 'color_count': 2, 'center': 8, 'tl': 0, 'tr': 0, 'bl': 0, 'br': 0, 'bbox_h': 7, 'bbox_w': 4, 'bbox_area': 28, 'bbox_tl': 5, 'bbox_tr': 5, 'bbox_bl': 5, 'bbox_br': 5}"
17,"(1, 1, 0, 0, 0, 0, 0, 0, 0)",8,"{'mode_nz': 8, 'least_nz': 5, 'mode_all': 0, 'color_count': 2, 'center': 8, 'tl': 0, 'tr': 0, 'bl': 0, 'br': 0, 'bbox_h': 10, 'bbox_w': 6, 'bbox_area': 60, 'bbox_tl': 5, 'bbox_tr': 5, 'bbox_bl': 5, 'bbox_br': 5}"
18,"(1, 1, 1, 0, 0, 1, 0, 0, 0)",8,"{'mode_nz': 5, 'least_nz': 8, 'mode_all': 0, 'color_count': 2, 'center': 8, 'tl': 0, 'tr': 0, 'bl': 0, 'br': 0, 'bbox_h': 10, 'bbox_w': 4, 'bbox_area': 40, 'bbox_tl': 5, 'bbox_tr': 5, 'bbox_bl': 5, 'bbox_br': 5}"
19,"(1, 0, 0, 0, 0, 0, 0, 0, 0)",8,"{'mode_nz': 8, 'least_nz': 5, 'mode_all': 0, 'color_count': 2, 'center': 8, 'tl': 0, 'tr': 0, 'bl': 0, 'br': 0, 'bbox_h': 9, 'bbox_w': 6, 'bbox_area': 54, 'bbox_tl': 5, 'bbox_tr': 5, 'bbox_bl': 5, 'bbox_br': 5}"
20,"(1, 0, 0, 0, 0, 0, 0, 0, 0)",8,"{'mode_nz': 5, 'least_nz': 8, 'mode_all': 0, 'color_count': 2, 'center': 8, 'tl': 0, 'tr': 0, 'bl': 0, 'br': 0, 'bbox_h': 6, 'bbox_w': 4, 'bbox_area': 24, 'bbox_tl': 5, 'bbox_tr': 5, 'bbox_bl': 5, 'bbox_br': 5}"
21,"(1, 1, 1, 0, 0, 1, 0, 0, 0)",8,"{'mode_nz': 8, 'least_nz': 5, 'mode_all': 0, 'color_count': 2, 'center': 8, 'tl': 0, 'tr': 0, 'bl': 0, 'br': 0, 'bbox_h': 10, 'bbox_w': 8, 'bbox_area': 80, 'bbox_tl': 5, 'bbox_tr': 5, 'bbox_bl': 5, 'bbox_br': 5}"
22,"(1, 1, 1, 0, 0, 0, 0, 0, 0)",8,"{'mode_nz': 8, 'least_nz': 5, 'mode_all': 0, 'color_count': 2, 'center': 8, 'tl': 0, 'tr': 0, 'bl': 0, 'br': 0, 'bbox_h': 11, 'bbox_w': 7, 'bbox_area': 77, 'bbox_tl': 5, 'bbox_tr': 5, 'bbox_bl': 5, 'bbox_br': 5}"
23,"(1, 1, 1, 0, 0, 0, 0, 0, 0)",8,"{'mode_nz': 5, 'least_nz': 8, 'mode_all': 0, 'color_count': 2, 'center': 8, 'tl': 0, 'tr': 0, 'bl': 0, 'br': 0, 'bbox_h': 8, 'bbox_w': 4, 'bbox_area': 32, 'bbox_tl': 5, 'bbox_tr': 5, 'bbox_bl': 5, 'bbox_br': 5}"
24,"(1, 1, 0, 0, 0, 0, 0, 0, 0)",8,"{'mode_nz': 5, 'least_nz': 5, 'mode_all': 0, 'color_count': 2, 'center': 8, 'tl': 0, 'tr': 0, 'bl': 0, 'br': 0, 'bbox_h': 8, 'bbox_w': 6, 'bbox_area': 48, 'bbox_tl': 5, 'bbox_tr': 5, 'bbox_bl': 5, 'bbox_br': 5}"
25,"(1, 1, 0, 0, 0, 0, 0, 0, 0)",8,"{'mode_nz': 8, 'least_nz': 5, 'mode_all': 0, 'color_count': 2, 'center': 8, 'tl': 0, 'tr': 0, 'bl': 0, 'br': 0, 'bbox_h': 8, 'bbox_w': 7, 'bbox_area': 56, 'bbox_tl': 5, 'bbox_tr': 5, 'bbox_bl': 5, 'bbox_br': 5}"
26,"(1, 1, 1, 0, 0, 0, 0, 0, 0)",8,"{'mode_nz': 5, 'least_nz': 8, 'mode_all': 0, 'color_count': 2, 'center': 8, 'tl': 0, 'tr': 0, 'bl': 0, 'br': 0, 'bbox_h': 10, 'bbox_w': 4, 'bbox_area': 40, 'bbox_tl': 5, 'bbox_tr': 5, 'bbox_bl': 5, 'bbox_br': 5}"
27,"(1, 0, 0, 0, 0, 0, 0, 0, 0)",8,"{'mode_nz': 5, 'least_nz': 8, 'mode_all': 0, 'color_count': 2, 'center': 8, 'tl': 0, 'tr': 0, 'bl': 0, 'br': 0, 'bbox_h': 6, 'bbox_w': 5, 'bbox_area': 30, 'bbox_tl': 5, 'bbox_tr': 5, 'bbox_bl': 5, 'bbox_br': 5}"
28,"(1, 1, 1, 0, 0, 0, 0, 0, 0)",8,"{'mode_nz': 8, 'least_nz': 5, 'mode_all': 0, 'color_count': 2, 'center': 8, 'tl': 0, 'tr': 0, 'bl': 0, 'br': 0, 'bbox_h': 8, 'bbox_w': 8, 'bbox_area': 64, 'bbox_tl': 5, 'bbox_tr': 5, 'bbox_bl': 5, 'bbox_br': 5}"
29,"(1, 1, 0, 0, 0, 0, 0, 0, 0)",8,"{'mode_nz': 5, 'least_nz': 8, 'mode_all': 0, 'color_count': 2, 'center': 8, 'tl': 0, 'tr': 0, 'bl': 0, 'br': 0, 'bbox_h': 7, 'bbox_w': 5, 'bbox_area': 35, 'bbox_tl': 5, 'bbox_tr': 5, 'bbox_bl': 5, 'bbox_br': 5}"
30,"(1, 1, 1, 0, 0, 1, 0, 0, 0)",8,"{'mode_nz': 5, 'least_nz': 8, 'mode_all': 0, 'color_count': 2, 'center': 0, 'tl': 0, 'tr': 0, 'bl': 0, 'br': 0, 'bbox_h': 9, 'bbox_w': 6, 'bbox_area': 54, 'bbox_tl': 5, 'bbox_tr': 5, 'bbox_bl': 5, 'bbox_br': 5}"
31,"(1, 0, 0, 0, 0, 0, 0, 0, 0)",8,"{'mode_nz': 8, 'least_nz': 5, 'mode_all': 0, 'color_count': 2, 'center': 8, 'tl': 0, 'tr': 0, 'bl': 0, 'br': 0, 'bbox_h': 5, 'bbox_w': 8, 'bbox_area': 40, 'bbox_tl': 5, 'bbox_tr': 5, 'bbox_bl': 5, 'bbox_br': 5}"
32,"(1, 1, 0, 0, 0, 0, 0, 0, 0)",8,"{'mode_nz': 5, 'least_nz': 5, 'mode_all': 0, 'color_count': 2, 'center': 8, 'tl': 0, 'tr': 0, 'bl': 0, 'br': 0, 'bbox_h': 6, 'bbox_w': 8, 'bbox_area': 48, 'bbox_tl': 5, 'bbox_tr': 5, 'bbox_bl': 5, 'bbox_br': 5}"
33,"(1, 1, 1, 0, 0, 1, 0, 0, 0)",8,"{'mode_nz': 5, 'least_nz': 8, 'mode_all': 0, 'color_count': 2, 'center': 0, 'tl': 0, 'tr': 0, 'bl': 0, 'br': 0, 'bbox_h': 9, 'bbox_w': 5, 'bbox_area': 45, 'bbox_tl': 5, 'bbox_tr': 5, 'bbox_bl': 5, 'bbox_br': 5}"
34,"(1, 1, 1, 0, 0, 1, 0, 0, 0)",8,"{'mode_nz': 5, 'least_nz': 8, 'mode_all': 0, 'color_count': 2, 'center': 8, 'tl': 0, 'tr': 0, 'bl': 0, 'br': 0, 'bbox_h': 10, 'bbox_w': 6, 'bbox_area': 60, 'bbox_tl': 5, 'bbox_tr': 5, 'bbox_bl': 5, 'bbox_br': 5}"
35,"(1, 1, 1, 0, 0, 0, 0, 0, 0)",8,"{'mode_nz': 5, 'least_nz': 8, 'mode_all': 0, 'color_count': 2, 'center': 8, 'tl': 0, 'tr': 0, 'bl': 0, 'br': 0, 'bbox_h': 9, 'bbox_w': 6, 'bbox_area': 54, 'bbox_tl': 5, 'bbox_tr': 5, 'bbox_bl': 5, 'bbox_br': 5}"
36,"(1, 0, 0, 0, 0, 0, 0, 0, 0)",8,"{'mode_nz': 5, 'least_nz': 8, 'mode_all': 0, 'color_count': 2, 'center': 8, 'tl': 0, 'tr': 0, 'bl': 0, 'br': 0, 'bbox_h': 7, 'bbox_w': 5, 'bbox_area': 35, 'bbox_tl': 5, 'bbox_tr': 5, 'bbox_bl': 5, 'bbox_br': 5}"
37,"(1, 1, 0, 0, 0, 0, 0, 0, 0)",8,"{'mode_nz': 5, 'least_nz': 8, 'mode_all': 0, 'color_count': 2, 'center': 8, 'tl': 0, 'tr': 0, 'bl': 0, 'br': 0, 'bbox_h': 6, 'bbox_w': 5, 'bbox_area': 30, 'bbox_tl': 5, 'bbox_tr': 5, 'bbox_bl': 5, 'bbox_br': 5}"
38,"(1, 1, 1, 0, 0, 0, 0, 0, 0)",8,"{'mode_nz': 8, 'least_nz': 5, 'mode_all': 0, 'color_count': 2, 'center': 8, 'tl': 0, 'tr': 0, 'bl': 0, 'br': 0, 'bbox_h': 10, 'bbox_w': 8, 'bbox_area': 80, 'bbox_tl': 5, 'bbox_tr': 5, 'bbox_bl': 5, 'bbox_br': 5}"
39,"(1, 0, 0, 0, 0, 0, 0, 0, 0)",8,"{'mode_nz': 5, 'least_nz': 5, 'mode_all': 0, 'color_count': 2, 'center': 8, 'tl': 0, 'tr': 0, 'bl': 0, 'br': 0, 'bbox_h': 5, 'bbox_w': 7, 'bbox_area': 35, 'bbox_tl': 5, 'bbox_tr': 5, 'bbox_bl': 5, 'bbox_br': 5}"
40,"(1, 0, 0, 0, 0, 0, 0, 0, 0)",8,"{'mode_nz': 5, 'least_nz': 8, 'mode_all': 0, 'color_count': 2, 'center': 0, 'tl': 0, 'tr': 0, 'bl': 0, 'br': 0, 'bbox_h': 3, 'bbox_w': 5, 'bbox_area': 15, 'bbox_tl': 5, 'bbox_tr': 5, 'bbox_bl': 5, 'bbox_br': 5}"
41,"(1, 1, 1, 0, 0, 1, 0, 0, 0)",8,"{'mode_nz': 5, 'least_nz': 8, 'mode_all': 0, 'color_count': 2, 'center': 0, 'tl': 0, 'tr': 0, 'bl': 0, 'br': 0, 'bbox_h': 6, 'bbox_w': 7, 'bbox_area': 42, 'bbox_tl': 5, 'bbox_tr': 5, 'bbox_bl': 5, 'bbox_br': 5}"
42,"(1, 1, 1, 0, 0, 0, 0, 0, 0)",8,"{'mode_nz': 5, 'least_nz': 5, 'mode_all': 0, 'color_count': 2, 'center': 8, 'tl': 0, 'tr': 0, 'bl': 0, 'br': 0, 'bbox_h': 10, 'bbox_w': 6, 'bbox_area': 60, 'bbox_tl': 5, 'bbox_tr': 5, 'bbox_bl': 5, 'bbox_br': 5}"
43,"(1, 1, 1, 0, 0, 1, 0, 0, 0)",8,"{'mode_nz': 5, 'least_nz': 8, 'mode_all': 0, 'color_count': 2, 'center': 8, 'tl': 0, 'tr': 0, 'bl': 0, 'br': 0, 'bbox_h': 10, 'bbox_w': 6, 'bbox_area': 60, 'bbox_tl': 5, 'bbox_tr': 5, 'bbox_bl': 5, 'bbox_br': 5}"
44,"(1, 1, 1, 0, 0, 0, 0, 0, 0)",8,"{'mode_nz': 5, 'least_nz': 8, 'mode_all': 0, 'color_count': 2, 'center': 0, 'tl': 0, 'tr': 0, 'bl': 0, 'br': 0, 'bbox_h': 6, 'bbox_w': 5, 'bbox_area': 30, 'bbox_tl': 5, 'bbox_tr': 5, 'bbox_bl': 5, 'bbox_br': 5}"
45,"(1, 0, 0, 0, 0, 0, 0, 0, 0)",8,"{'mode_nz': 8, 'least_nz': 5, 'mode_all': 0, 'color_count': 2, 'center': 8, 'tl': 0, 'tr': 0, 'bl': 0, 'br': 0, 'bbox_h': 8, 'bbox_w': 6, 'bbox_area': 48, 'bbox_tl': 5, 'bbox_tr': 5, 'bbox_bl': 5, 'bbox_br': 5}"
46,"(1, 0, 0, 0, 0, 0, 0, 0, 0)",8,"{'mode_nz': 8, 'least_nz': 5, 'mode_all': 0, 'color_count': 2, 'center': 8, 'tl': 0, 'tr': 0, 'bl': 0, 'br': 0, 'bbox_h': 5, 'bbox_w': 8, 'bbox_area': 40, 'bbox_tl': 5, 'bbox_tr': 5, 'bbox_bl': 5, 'bbox_br': 5}"
47,"(1, 1, 0, 0, 0, 0, 0, 0, 0)",8,"{'mode_nz': 5, 'least_nz': 8, 'mode_all': 0, 'color_count': 2, 'center': 8, 'tl': 0, 'tr': 0, 'bl': 0, 'br': 0, 'bbox_h': 6, 'bbox_w': 4, 'bbox_area': 24, 'bbox_tl': 5, 'bbox_tr': 5, 'bbox_bl': 5, 'bbox_br': 5}"
48,"(1, 1, 0, 0, 0, 0, 0, 0, 0)",8,"{'mode_nz': 5, 'least_nz': 8, 'mode_all': 0, 'color_count': 2, 'center': 8, 'tl': 0, 'tr': 0, 'bl': 0, 'br': 0, 'bbox_h': 8, 'bbox_w': 4, 'bbox_area': 32, 'bbox_tl': 5, 'bbox_tr': 5, 'bbox_bl': 5, 'bbox_br': 5}"
49,"(1, 1, 1, 0, 0, 1, 0, 0, 0)",8,"{'mode_nz': 5, 'least_nz': 8, 'mode_all': 0, 'color_count': 2, 'center': 8, 'tl': 0, 'tr': 0, 'bl': 0, 'br': 0, 'bbox_h': 12, 'bbox_w': 4, 'bbox_area': 48, 'bbox_tl': 5, 'bbox_tr': 5, 'bbox_bl': 5, 'bbox_br': 5}"
50,"(1, 1, 1, 0, 0, 0, 0, 0, 0)",8,"{'mode_nz': 5, 'least_nz': 5, 'mode_all': 0, 'color_count': 2, 'center': 8, 'tl': 0, 'tr': 0, 'bl': 0, 'br': 0, 'bbox_h': 10, 'bbox_w': 6, 'bbox_area': 60, 'bbox_tl': 5, 'bbox_tr': 5, 'bbox_bl': 5, 'bbox_br': 5}"
51,"(1, 0, 0, 0, 0, 0, 0, 0, 0)",8,"{'mode_nz': 5, 'least_nz': 8, 'mode_all': 0, 'color_count': 2, 'center': 8, 'tl': 0, 'tr': 0, 'bl': 0, 'br': 0, 'bbox_h': 3, 'bbox_w': 7, 'bbox_area': 21, 'bbox_tl': 5, 'bbox_tr': 5, 'bbox_bl': 5, 'bbox_br': 5}"
52,"(1, 1, 0, 0, 0, 0, 0, 0, 0)",8,"{'mode_nz': 5, 'least_nz': 8, 'mode_all': 0, 'color_count': 2, 'center': 8, 'tl': 0, 'tr': 0, 'bl': 0, 'br': 0, 'bbox_h': 10, 'bbox_w': 4, 'bbox_area': 40, 'bbox_tl': 5, 'bbox_tr': 5, 'bbox_bl': 5, 'bbox_br': 5}"
53,"(1, 1, 1, 0, 0, 1, 0, 0, 0)",8,"{'mode_nz': 5, 'least_nz': 8, 'mode_all': 0, 'color_count': 2, 'center': 0, 'tl': 0, 'tr': 0, 'bl': 0, 'br': 0, 'bbox_h': 7, 'bbox_w': 6, 'bbox_area': 42, 'bbox_tl': 5, 'bbox_tr': 5, 'bbox_bl': 5, 'bbox_br': 5}"
54,"(1, 0, 0, 0, 0, 0, 0, 0, 0)",8,"{'mode_nz': 5, 'least_nz': 8, 'mode_all': 0, 'color_count': 2, 'center': 8, 'tl': 0, 'tr': 0, 'bl': 0, 'br': 0, 'bbox_h': 7, 'bbox_w': 5, 'bbox_area': 35, 'bbox_tl': 5, 'bbox_tr': 5, 'bbox_bl': 5, 'bbox_br': 5}"
55,"(1, 1, 0, 0, 0, 0, 0, 0, 0)",8,"{'mode_nz': 5, 'least_nz': 8, 'mode_all': 0, 'color_count': 2, 'center': 8, 'tl': 0, 'tr': 0, 'bl': 0, 'br': 0, 'bbox_h': 5, 'bbox_w': 6, 'bbox_area': 30, 'bbox_tl': 5, 'bbox_tr': 5, 'bbox_bl': 5, 'bbox_br': 5}"
56,"(1, 1, 1, 0, 0, 1, 0, 0, 0)",8,"{'mode_nz': 5, 'least_nz': 8, 'mode_all': 0, 'color_count': 2, 'center': 0, 'tl': 0, 'tr': 0, 'bl': 0, 'br': 0, 'bbox_h': 8, 'bbox_w': 8, 'bbox_area': 64, 'bbox_tl': 5, 'bbox_tr': 5, 'bbox_bl': 5, 'bbox_br': 5}"
57,"(1, 0, 0, 0, 0, 0, 0, 0, 0)",8,"{'mode_nz': 5, 'least_nz': 8, 'mode_all': 0, 'color_count': 2, 'center': 8, 'tl': 0, 'tr': 0, 'bl': 0, 'br': 0, 'bbox_h': 5, 'bbox_w': 6, 'bbox_area': 30, 'bbox_tl': 5, 'bbox_tr': 5, 'bbox_bl': 5, 'bbox_br': 5}"
58,"(1, 0, 0, 0, 0, 0, 0, 0, 0)",8,"{'mode_nz': 5, 'least_nz': 8, 'mode_all': 0, 'color_count': 2, 'center': 8, 'tl': 0, 'tr': 0, 'bl': 0, 'br': 0, 'bbox_h': 4, 'bbox_w': 4, 'bbox_area': 16, 'bbox_tl': 5, 'bbox_tr': 5, 'bbox_bl': 5, 'bbox_br': 5}"
59,"(1, 1, 0, 0, 0, 0, 0, 0, 0)",8,"{'mode_nz': 5, 'least_nz': 8, 'mode_all': 0, 'color_count': 2, 'center': 8, 'tl': 0, 'tr': 0, 'bl': 0, 'br': 0, 'bbox_h': 5, 'bbox_w': 7, 'bbox_area': 35, 'bbox_tl': 5, 'bbox_tr': 5, 'bbox_bl': 5, 'bbox_br': 5}"
60,"(1, 1, 1, 0, 0, 1, 0, 0, 0)",8,"{'mode_nz': 5, 'least_nz': 8, 'mode_all': 0, 'color_count': 2, 'center': 0, 'tl': 0, 'tr': 0, 'bl': 0, 'br': 0, 'bbox_h': 9, 'bbox_w': 4, 'bbox_area': 36, 'bbox_tl': 5, 'bbox_tr': 5, 'bbox_bl': 5, 'bbox_br': 5}"
61,"(1, 1, 1, 0, 0, 1, 0, 0, 0)",8,"{'mode_nz': 5, 'least_nz': 8, 'mode_all': 0, 'color_count': 2, 'center': 0, 'tl': 0, 'tr': 0, 'bl': 0, 'br': 0, 'bbox_h': 6, 'bbox_w': 4, 'bbox_area': 24, 'bbox_tl': 5, 'bbox_tr': 5, 'bbox_bl': 5, 'bbox_br': 5}"
62,"(1, 0, 0, 0, 0, 0, 0, 0, 0)",8,"{'mode_nz': 5, 'least_nz': 8, 'mode_all': 0, 'color_count': 2, 'center': 8, 'tl': 0, 'tr': 0, 'bl': 0, 'br': 0, 'bbox_h': 8, 'bbox_w': 4, 'bbox_area': 32, 'bbox_tl': 5, 'bbox_tr': 5, 'bbox_bl': 5, 'bbox_br': 5}"
63,"(1, 1, 1, 0, 0, 0, 0, 0, 0)",8,"{'mode_nz': 5, 'least_nz': 8, 'mode_all': 0, 'color_count': 2, 'center': 0, 'tl': 0, 'tr': 0, 'bl': 0, 'br': 0, 'bbox_h': 7, 'bbox_w': 7, 'bbox_area': 49, 'bbox_tl': 5, 'bbox_tr': 5, 'bbox_bl': 5, 'bbox_br': 5}"
64,"(1, 1, 0, 0, 0, 0, 0, 0, 0)",8,"{'mode_nz': 5, 'least_nz': 8, 'mode_all': 0, 'color_count': 2, 'center': 8, 'tl': 0, 'tr': 0, 'bl': 0, 'br': 0, 'bbox_h': 5, 'bbox_w': 4, 'bbox_area': 20, 'bbox_tl': 5, 'bbox_tr': 5, 'bbox_bl': 5, 'bbox_br': 5}"
65,"(1, 1, 0, 0, 0, 0, 0, 0, 0)",8,"{'mode_nz': 5, 'least_nz': 5, 'mode_all': 0, 'color_count': 2, 'center': 8, 'tl': 0, 'tr': 0, 'bl': 0, 'br': 0, 'bbox_h': 8, 'bbox_w': 6, 'bbox_area': 48, 'bbox_tl': 5, 'bbox_tr': 5, 'bbox_bl': 5, 'bbox_br': 5}"
66,"(1, 1, 0, 0, 0, 0, 0, 0, 0)",8,"{'mode_nz': 5, 'least_nz': 8, 'mode_all': 0, 'color_count': 2, 'center': 0, 'tl': 0, 'tr': 0, 'bl': 0, 'br': 0, 'bbox_h': 5, 'bbox_w': 5, 'bbox_area': 25, 'bbox_tl': 5, 'bbox_tr': 5, 'bbox_bl': 5, 'bbox_br': 5}"
67,"(1, 1, 0, 0, 0, 0, 0, 0, 0)",8,"{'mode_nz': 8, 'least_nz': 5, 'mode_all': 0, 'color_count': 2, 'center': 8, 'tl': 0, 'tr': 0, 'bl': 0, 'br': 0, 'bbox_h': 7, 'bbox_w': 8, 'bbox_area': 56, 'bbox_tl': 5, 'bbox_tr': 5, 'bbox_bl': 5, 'bbox_br': 5}"
68,"(1, 0, 0, 0, 0, 0, 0, 0, 0)",8,"{'mode_nz': 8, 'least_nz': 5, 'mode_all': 8, 'color_count': 2, 'center': 8, 'tl': 0, 'tr': 0, 'bl': 0, 'br': 0, 'bbox_h': 9, 'bbox_w': 7, 'bbox_area': 63, 'bbox_tl': 5, 'bbox_tr': 5, 'bbox_bl': 5, 'bbox_br': 5}"
69,"(1, 1, 1, 0, 0, 0, 0, 0, 0)",8,"{'mode_nz': 5, 'least_nz': 8, 'mode_all': 0, 'color_count': 2, 'center': 8, 'tl': 0, 'tr': 0, 'bl': 0, 'br': 0, 'bbox_h': 9, 'bbox_w': 5, 'bbox_area': 45, 'bbox_tl': 5, 'bbox_tr': 5, 'bbox_bl': 5, 'bbox_br': 5}"
70,"(1, 0, 0, 0, 0, 0, 0, 0, 0)",8,"{'mode_nz': 5, 'least_nz': 5, 'mode_all': 0, 'color_count': 2, 'center': 8, 'tl': 0, 'tr': 0, 'bl': 0, 'br': 0, 'bbox_h': 6, 'bbox_w': 6, 'bbox_area': 36, 'bbox_tl': 5, 'bbox_tr': 5, 'bbox_bl': 5, 'bbox_br': 5}"
71,"(1, 1, 0, 0, 0, 0, 0, 0, 0)",8,"{'mode_nz': 8, 'least_nz': 5, 'mode_all': 0, 'color_count': 2, 'center': 8, 'tl': 0, 'tr': 0, 'bl': 0, 'br': 0, 'bbox_h': 7, 'bbox_w': 7, 'bbox_area': 49, 'bbox_tl': 5, 'bbox_tr': 5, 'bbox_bl': 5, 'bbox_br': 5}"
72,"(1, 1, 1, 0, 0, 0, 0, 0, 0)",8,"{'mode_nz': 8, 'least_nz': 5, 'mode_all': 0, 'color_count': 2, 'center': 8, 'tl': 0, 'tr': 0, 'bl': 0, 'br': 0, 'bbox_h': 11, 'bbox_w': 7, 'bbox_area': 77, 'bbox_tl': 5, 'bbox_tr': 5, 'bbox_bl': 5, 'bbox_br': 5}"
73,"(1, 0, 0, 0, 0, 0, 0, 0, 0)",8,"{'mode_nz': 5, 'least_nz': 8, 'mode_all': 0, 'color_count': 2, 'center': 8, 'tl': 0, 'tr': 0, 'bl': 0, 'br': 0, 'bbox_h': 5, 'bbox_w': 4, 'bbox_area': 20, 'bbox_tl': 5, 'bbox_tr': 5, 'bbox_bl': 5, 'bbox_br': 5}"
74,"(1, 1, 1, 0, 0, 1, 0, 0, 0)",8,"{'mode_nz': 5, 'least_nz': 8, 'mode_all': 0, 'color_count': 2, 'center': 0, 'tl': 0, 'tr': 0, 'bl': 0, 'br': 0, 'bbox_h': 8, 'bbox_w': 8, 'bbox_area': 64, 'bbox_tl': 5, 'bbox_tr': 5, 'bbox_bl': 5, 'bbox_br': 5}"
75,"(1, 0, 0, 0, 0, 0, 0, 0, 0)",8,"{'mode_nz': 5, 'least_nz': 8, 'mode_all': 0, 'color_count': 2, 'center': 8, 'tl': 0, 'tr': 0, 'bl': 0, 'br': 0, 'bbox_h': 9, 'bbox_w': 4, 'bbox_area': 36, 'bbox_tl': 5, 'bbox_tr': 5, 'bbox_bl': 5, 'bbox_br': 5}"
76,"(1, 0, 0, 0, 0, 0, 0, 0, 0)",8,"{'mode_nz': 5, 'least_nz': 8, 'mode_all': 0, 'color_count': 2, 'center': 8, 'tl': 0, 'tr': 0, 'bl': 0, 'br': 0, 'bbox_h': 8, 'bbox_w': 5, 'bbox_area': 40, 'bbox_tl': 5, 'bbox_tr': 5, 'bbox_bl': 5, 'bbox_br': 5}"
77,"(1, 1, 0, 0, 0, 0, 0, 0, 0)",8,"{'mode_nz': 8, 'least_nz': 5, 'mode_all': 0, 'color_count': 2, 'center': 8, 'tl': 0, 'tr': 0, 'bl': 0, 'br': 0, 'bbox_h': 9, 'bbox_w': 7, 'bbox_area': 63, 'bbox_tl': 5, 'bbox_tr': 5, 'bbox_bl': 5, 'bbox_br': 5}"
78,"(1, 0, 0, 0, 0, 0, 0, 0, 0)",8,"{'mode_nz': 5, 'least_nz': 5, 'mode_all': 0, 'color_count': 2, 'center': 8, 'tl': 0, 'tr': 0, 'bl': 0, 'br': 0, 'bbox_h': 6, 'bbox_w': 6, 'bbox_area': 36, 'bbox_tl': 5, 'bbox_tr': 5, 'bbox_bl': 5, 'bbox_br': 5}"
79,"(1, 1, 0, 0, 0, 0, 0, 0, 0)",8,"{'mode_nz': 8, 'least_nz': 5, 'mode_all': 0, 'color_count': 2, 'center': 8, 'tl': 0, 'tr': 0, 'bl': 0, 'br': 0, 'bbox_h': 9, 'bbox_w': 6, 'bbox_area': 54, 'bbox_tl': 5, 'bbox_tr': 5, 'bbox_bl': 5, 'bbox_br': 5}"
80,"(1, 1, 1, 0, 0, 0, 0, 0, 0)",8,"{'mode_nz': 5, 'least_nz': 8, 'mode_all': 0, 'color_count': 2, 'center': 8, 'tl': 0, 'tr': 0, 'bl': 0, 'br': 0, 'bbox_h': 9, 'bbox_w': 4, 'bbox_area': 36, 'bbox_tl': 5, 'bbox_tr': 5, 'bbox_bl': 5, 'bbox_br': 5}"
81,"(1, 1, 0, 0, 0, 0, 0, 0, 0)",8,"{'mode_nz': 5, 'least_nz': 8, 'mode_all': 0, 'color_count': 2, 'center': 8, 'tl': 0, 'tr': 0, 'bl': 0, 'br': 0, 'bbox_h': 8, 'bbox_w': 5, 'bbox_area': 40, 'bbox_tl': 5, 'bbox_tr': 5, 'bbox_bl': 5, 'bbox_br': 5}"
82,"(1, 1, 1, 0, 0, 1, 0, 0, 0)",8,"{'mode_nz': 5, 'least_nz': 8, 'mode_all': 0, 'color_count': 2, 'center': 8, 'tl': 0, 'tr': 0, 'bl': 0, 'br': 0, 'bbox_h': 10, 'bbox_w': 5, 'bbox_area': 50, 'bbox_tl': 5, 'bbox_tr': 5, 'bbox_bl': 5, 'bbox_br': 5}"
83,"(1, 1, 0, 0, 0, 0, 0, 0, 0)",8,"{'mode_nz': 8, 'least_nz': 5, 'mode_all': 0, 'color_count': 2, 'center': 8, 'tl': 0, 'tr': 0, 'bl': 0, 'br': 0, 'bbox_h': 9, 'bbox_w': 7, 'bbox_area': 63, 'bbox_tl': 5, 'bbox_tr': 5, 'bbox_bl': 5, 'bbox_br': 5}"
84,"(1, 1, 0, 0, 0, 0, 0, 0, 0)",8,"{'mode_nz': 5, 'least_nz': 8, 'mode_all': 0, 'color_count': 2, 'center': 8, 'tl': 0, 'tr': 0, 'bl': 0, 'br': 0, 'bbox_h': 9, 'bbox_w': 4, 'bbox_area': 36, 'bbox_tl': 5, 'bbox_tr': 5, 'bbox_bl': 5, 'bbox_br': 5}"
85,"(1, 1, 1, 0, 0, 0, 0, 0, 0)",8,"{'mode_nz': 5, 'least_nz': 8, 'mode_all': 0, 'color_count': 2, 'center': 0, 'tl': 0, 'tr': 0, 'bl': 0, 'br': 0, 'bbox_h': 6, 'bbox_w': 6, 'bbox_area': 36, 'bbox_tl': 5, 'bbox_tr': 5, 'bbox_bl': 5, 'bbox_br': 5}"
86,"(1, 1, 1, 0, 0, 1, 0, 0, 0)",8,"{'mode_nz': 5, 'least_nz': 5, 'mode_all': 0, 'color_count': 2, 'center': 8, 'tl': 0, 'tr': 0, 'bl': 0, 'br': 0, 'bbox_h': 10, 'bbox_w': 7, 'bbox_area': 70, 'bbox_tl': 5, 'bbox_tr': 5, 'bbox_bl': 5, 'bbox_br': 5}"
87,"(1, 1, 1, 0, 0, 1, 0, 0, 0)",8,"{'mode_nz': 5, 'least_nz': 8, 'mode_all': 0, 'color_count': 2, 'center': 0, 'tl': 0, 'tr': 0, 'bl': 0, 'br': 0, 'bbox_h': 7, 'bbox_w': 4, 'bbox_area': 28, 'bbox_tl': 5, 'bbox_tr': 5, 'bbox_bl': 5, 'bbox_br': 5}"
88,"(1, 1, 1, 0, 0, 0, 0, 0, 0)",8,"{'mode_nz': 5, 'least_nz': 8, 'mode_all': 0, 'color_count': 2, 'center': 8, 'tl': 0, 'tr': 0, 'bl': 0, 'br': 0, 'bbox_h': 8, 'bbox_w': 6, 'bbox_area': 48, 'bbox_tl': 5, 'bbox_tr': 5, 'bbox_bl': 5, 'bbox_br': 5}"
89,"(1, 1, 1, 0, 0, 0, 0, 0, 0)",8,"{'mode_nz': 5, 'least_nz': 8, 'mode_all': 0, 'color_count': 2, 'center': 8, 'tl': 0, 'tr': 0, 'bl': 0, 'br': 0, 'bbox_h': 8, 'bbox_w': 4, 'bbox_area': 32, 'bbox_tl': 5, 'bbox_tr': 5, 'bbox_bl': 5, 'bbox_br': 5}"
90,"(1, 1, 1, 0, 0, 0, 0, 0, 0)",8,"{'mode_nz': 5, 'least_nz': 8, 'mode_all': 0, 'color_count': 2, 'center': 8, 'tl': 0, 'tr': 0, 'bl': 0, 'br': 0, 'bbox_h': 7, 'bbox_w': 4, 'bbox_area': 28, 'bbox_tl': 5, 'bbox_tr': 5, 'bbox_bl': 5, 'bbox_br': 5}"
91,"(1, 1, 1, 0, 0, 1, 0, 0, 0)",8,"{'mode_nz': 5, 'least_nz': 8, 'mode_all': 0, 'color_count': 2, 'center': 0, 'tl': 0, 'tr': 0, 'bl': 0, 'br': 0, 'bbox_h': 7, 'bbox_w': 5, 'bbox_area': 35, 'bbox_tl': 5, 'bbox_tr': 5, 'bbox_bl': 5, 'bbox_br': 5}"
92,"(1, 1, 1, 0, 0, 0, 0, 0, 0)",8,"{'mode_nz': 5, 'least_nz': 8, 'mode_all': 0, 'color_count': 2, 'center': 8, 'tl': 0, 'tr': 0, 'bl': 0, 'br': 0, 'bbox_h': 9, 'bbox_w': 6, 'bbox_area': 54, 'bbox_tl': 5, 'bbox_tr': 5, 'bbox_bl': 5, 'bbox_br': 5}"
93,"(1, 1, 0, 0, 0, 0, 0, 0, 0)",8,"{'mode_nz': 5, 'least_nz': 8, 'mode_all': 0, 'color_count': 2, 'center': 0, 'tl': 0, 'tr': 0, 'bl': 0, 'br': 0, 'bbox_h': 5, 'bbox_w': 8, 'bbox_area': 40, 'bbox_tl': 5, 'bbox_tr': 5, 'bbox_bl': 5, 'bbox_br': 5}"
94,"(1, 1, 1, 0, 0, 1, 0, 0, 0)",8,"{'mode_nz': 5, 'least_nz': 8, 'mode_all': 0, 'color_count': 2, 'center': 8, 'tl': 0, 'tr': 0, 'bl': 0, 'br': 0, 'bbox_h': 9, 'bbox_w': 5, 'bbox_area': 45, 'bbox_tl': 5, 'bbox_tr': 5, 'bbox_bl': 5, 'bbox_br': 5}"
95,"(1, 1, 1, 0, 0, 0, 0, 0, 0)",8,"{'mode_nz': 5, 'least_nz': 8, 'mode_all': 0, 'color_count': 2, 'center': 8, 'tl': 0, 'tr': 0, 'bl': 0, 'br': 0, 'bbox_h': 11, 'bbox_w': 5, 'bbox_area': 55, 'bbox_tl': 5, 'bbox_tr': 5, 'bbox_bl': 5, 'bbox_br': 5}"
96,"(1, 1, 0, 0, 0, 0, 0, 0, 0)",8,"{'mode_nz': 8, 'least_nz': 5, 'mode_all': 0, 'color_count': 2, 'center': 8, 'tl': 0, 'tr': 0, 'bl': 0, 'br': 0, 'bbox_h': 7, 'bbox_w': 8, 'bbox_area': 56, 'bbox_tl': 5, 'bbox_tr': 5, 'bbox_bl': 5, 'bbox_br': 5}"
97,"(1, 1, 1, 0, 0, 0, 0, 0, 0)",8,"{'mode_nz': 5, 'least_nz': 8, 'mode_all': 0, 'color_count': 2, 'center': 0, 'tl': 0, 'tr': 0, 'bl': 0, 'br': 0, 'bbox_h': 5, 'bbox_w': 5, 'bbox_area': 25, 'bbox_tl': 5, 'bbox_tr': 5, 'bbox_bl': 5, 'bbox_br': 5}"
98,"(1, 1, 1, 0, 0, 1, 0, 0, 0)",8,"{'mode_nz': 8, 'least_nz': 5, 'mode_all': 0, 'color_count': 2, 'center': 8, 'tl': 0, 'tr': 0, 'bl': 0, 'br': 0, 'bbox_h': 12, 'bbox_w': 7, 'bbox_area': 84, 'bbox_tl': 5, 'bbox_tr': 5, 'bbox_bl': 5, 'bbox_br': 5}"
99,"(1, 0, 0, 0, 0, 0, 0, 0, 0)",8,"{'mode_nz': 8, 'least_nz': 5, 'mode_all': 0, 'color_count': 2, 'center': 8, 'tl': 0, 'tr': 0, 'bl': 0, 'br': 0, 'bbox_h': 9, 'bbox_w': 7, 'bbox_area': 63, 'bbox_tl': 5, 'bbox_tr': 5, 'bbox_bl': 5, 'bbox_br': 5}"
100,"(1, 1, 0, 0, 0, 0, 0, 0, 0)",8,"{'mode_nz': 5, 'least_nz': 8, 'mode_all': 0, 'color_count': 2, 'center': 0, 'tl': 0, 'tr': 0, 'bl': 0, 'br': 0, 'bbox_h': 4, 'bbox_w': 4, 'bbox_area': 16, 'bbox_tl': 5, 'bbox_tr': 5, 'bbox_bl': 5, 'bbox_br': 5}"
101,"(1, 0, 0, 0, 0, 0, 0, 0, 0)",8,"{'mode_nz': 8, 'least_nz': 5, 'mode_all': 0, 'color_count': 2, 'center': 8, 'tl': 0, 'tr': 0, 'bl': 0, 'br': 0, 'bbox_h': 9, 'bbox_w': 6, 'bbox_area': 54, 'bbox_tl': 5, 'bbox_tr': 5, 'bbox_bl': 5, 'bbox_br': 5}"
102,"(1, 1, 1, 0, 0, 0, 0, 0, 0)",8,"{'mode_nz': 5, 'least_nz': 8, 'mode_all': 0, 'color_count': 2, 'center': 8, 'tl': 0, 'tr': 0, 'bl': 0, 'br': 0, 'bbox_h': 9, 'bbox_w': 4, 'bbox_area': 36, 'bbox_tl': 5, 'bbox_tr': 5, 'bbox_bl': 5, 'bbox_br': 5}"
103,"(1, 1, 1, 0, 0, 1, 0, 0, 0)",8,"{'mode_nz': 5, 'least_nz': 8, 'mode_all': 0, 'color_count': 2, 'center': 0, 'tl': 0, 'tr': 0, 'bl': 0, 'br': 0, 'bbox_h': 7, 'bbox_w': 4, 'bbox_area': 28, 'bbox_tl': 5, 'bbox_tr': 5, 'bbox_bl': 5, 'bbox_br': 5}"
104,"(1, 1, 1, 0, 0, 0, 0, 0, 0)",8,"{'mode_nz': 5, 'least_nz': 8, 'mode_all': 0, 'color_count': 2, 'center': 8, 'tl': 0, 'tr': 0, 'bl': 0, 'br': 0, 'bbox_h': 8, 'bbox_w': 5, 'bbox_area': 40, 'bbox_tl': 5, 'bbox_tr': 5, 'bbox_bl': 5, 'bbox_br': 5}"
105,"(1, 1, 1, 0, 0, 0, 0, 0, 0)",8,"{'mode_nz': 8, 'least_nz': 5, 'mode_all': 0, 'color_count': 2, 'center': 8, 'tl': 0, 'tr': 0, 'bl': 0, 'br': 0, 'bbox_h': 10, 'bbox_w': 7, 'bbox_area': 70, 'bbox_tl': 5, 'bbox_tr': 5, 'bbox_bl': 5, 'bbox_br': 5}"
106,"(1, 1, 0, 0, 0, 0, 0, 0, 0)",8,"{'mode_nz': 5, 'least_nz': 8, 'mode_all': 0, 'color_count': 2, 'center': 0, 'tl': 0, 'tr': 0, 'bl': 0, 'br': 0, 'bbox_h': 4, 'bbox_w': 7, 'bbox_area': 28, 'bbox_tl': 5, 'bbox_tr': 5, 'bbox_bl': 5, 'bbox_br': 5}"
107,"(1, 1, 1, 0, 0, 1, 0, 0, 0)",8,"{'mode_nz': 5, 'least_nz': 8, 'mode_all': 0, 'color_count': 2, 'center': 0, 'tl': 0, 'tr': 0, 'bl': 0, 'br': 0, 'bbox_h': 8, 'bbox_w': 7, 'bbox_area': 56, 'bbox_tl': 5, 'bbox_tr': 5, 'bbox_bl': 5, 'bbox_br': 5}"
108,"(1, 1, 0, 0, 0, 0, 0, 0, 0)",8,"{'mode_nz': 5, 'least_nz': 8, 'mode_all': 0, 'color_count': 2, 'center': 0, 'tl': 0, 'tr': 0, 'bl': 0, 'br': 0, 'bbox_h': 4, 'bbox_w': 8, 'bbox_area': 32, 'bbox_tl': 5, 'bbox_tr': 5, 'bbox_bl': 5, 'bbox_br': 5}"
109,"(1, 1, 1, 0, 0, 1, 0, 0, 0)",8,"{'mode_nz': 5, 'least_nz': 8, 'mode_all': 0, 'color_count': 2, 'center': 0, 'tl': 0, 'tr': 0, 'bl': 0, 'br': 0, 'bbox_h': 6, 'bbox_w': 5, 'bbox_area': 30, 'bbox_tl': 5, 'bbox_tr': 5, 'bbox_bl': 5, 'bbox_br': 5}"
110,"(1, 1, 1, 0, 0, 0, 0, 0, 0)",8,"{'mode_nz': 5, 'least_nz': 8, 'mode_all': 0, 'color_count': 2, 'center': 0, 'tl': 0, 'tr': 0, 'bl': 0, 'br': 0, 'bbox_h': 7, 'bbox_w': 8, 'bbox_area': 56, 'bbox_tl': 5, 'bbox_tr': 5, 'bbox_bl': 5, 'bbox_br': 5}"
111,"(1, 1, 1, 0, 0, 0, 0, 0, 0)",8,"{'mode_nz': 8, 'least_nz': 5, 'mode_all': 0, 'color_count': 2, 'center': 8, 'tl': 0, 'tr': 0, 'bl': 0, 'br': 0, 'bbox_h': 9, 'bbox_w': 8, 'bbox_area': 72, 'bbox_tl': 5, 'bbox_tr': 5, 'bbox_bl': 5, 'bbox_br': 5}"
112,"(1, 0, 0, 0, 0, 0, 0, 0, 0)",8,"{'mode_nz': 5, 'least_nz': 8, 'mode_all': 0, 'color_count': 2, 'center': 8, 'tl': 0, 'tr': 0, 'bl': 0, 'br': 0, 'bbox_h': 8, 'bbox_w': 5, 'bbox_area': 40, 'bbox_tl': 5, 'bbox_tr': 5, 'bbox_bl': 5, 'bbox_br': 5}"
113,"(1, 1, 0, 0, 0, 0, 0, 0, 0)",8,"{'mode_nz': 8, 'least_nz': 5, 'mode_all': 0, 'color_count': 2, 'center': 8, 'tl': 0, 'tr': 0, 'bl': 0, 'br': 0, 'bbox_h': 8, 'bbox_w': 7, 'bbox_area': 56, 'bbox_tl': 5, 'bbox_tr': 5, 'bbox_bl': 5, 'bbox_br': 5}"
114,"(1, 1, 0, 0, 0, 0, 0, 0, 0)",8,"{'mode_nz': 8, 'least_nz': 5, 'mode_all': 0, 'color_count': 2, 'center': 8, 'tl': 0, 'tr': 0, 'bl': 0, 'br': 0, 'bbox_h': 9, 'bbox_w': 8, 'bbox_area': 72, 'bbox_tl': 5, 'bbox_tr': 5, 'bbox_bl': 5, 'bbox_br': 5}"
115,"(1, 0, 0, 0, 0, 0, 0, 0, 0)",8,"{'mode_nz': 5, 'least_nz': 8, 'mode_all': 0, 'color_count': 2, 'center': 8, 'tl': 0, 'tr': 0, 'bl': 0, 'br': 0, 'bbox_h': 4, 'bbox_w': 8, 'bbox_area': 32, 'bbox_tl': 5, 'bbox_tr': 5, 'bbox_bl': 5, 'bbox_br': 5}"
116,"(1, 1, 0, 0, 0, 0, 0, 0, 0)",8,"{'mode_nz': 5, 'least_nz': 8, 'mode_all': 0, 'color_count': 2, 'center': 8, 'tl': 0, 'tr': 0, 'bl': 0, 'br': 0, 'bbox_h': 6, 'bbox_w': 7, 'bbox_area': 42, 'bbox_tl': 5, 'bbox_tr': 5, 'bbox_bl': 5, 'bbox_br': 5}"
117,"(1, 0, 0, 0, 0, 0, 0, 0, 0)",8,"{'mode_nz': 8, 'least_nz': 5, 'mode_all': 0, 'color_count': 2, 'center': 8, 'tl': 0, 'tr': 0, 'bl': 0, 'br': 0, 'bbox_h': 8, 'bbox_w': 7, 'bbox_area': 56, 'bbox_tl': 5, 'bbox_tr': 5, 'bbox_bl': 5, 'bbox_br': 5}"
118,"(1, 1, 1, 0, 0, 1, 0, 0, 0)",8,"{'mode_nz': 5, 'least_nz': 8, 'mode_all': 0, 'color_count': 2, 'center': 0, 'tl': 0, 'tr': 0, 'bl': 0, 'br': 0, 'bbox_h': 8, 'bbox_w': 5, 'bbox_area': 40, 'bbox_tl': 5, 'bbox_tr': 5, 'bbox_bl': 5, 'bbox_br': 5}"
119,"(1, 1, 1, 0, 0, 1, 0, 0, 0)",8,"{'mode_nz': 5, 'least_nz': 8, 'mode_all': 0, 'color_count': 2, 'center': 0, 'tl': 0, 'tr': 0, 'bl': 0, 'br': 0, 'bbox_h': 8, 'bbox_w': 5, 'bbox_area': 40, 'bbox_tl': 5, 'bbox_tr': 5, 'bbox_bl': 5, 'bbox_br': 5}"
120,"(1, 0, 0, 0, 0, 0, 0, 0, 0)",8,"{'mode_nz': 8, 'least_nz': 5, 'mode_all': 0, 'color_count': 2, 'center': 8, 'tl': 0, 'tr': 0, 'bl': 0, 'br': 0, 'bbox_h': 8, 'bbox_w': 7, 'bbox_area': 56, 'bbox_tl': 5, 'bbox_tr': 5, 'bbox_bl': 5, 'bbox_br': 5}"
121,"(1, 0, 0, 0, 0, 0, 0, 0, 0)",8,"{'mode_nz': 8, 'least_nz': 5, 'mode_all': 0, 'color_count': 2, 'center': 8, 'tl': 0, 'tr': 0, 'bl': 0, 'br': 0, 'bbox_h': 9, 'bbox_w': 8, 'bbox_area': 72, 'bbox_tl': 5, 'bbox_tr': 5, 'bbox_bl': 5, 'bbox_br': 5}"
122,"(1, 1, 1, 0, 0, 0, 0, 0, 0)",8,"{'mode_nz': 8, 'least_nz': 5, 'mode_all': 0, 'color_count': 2, 'center': 8, 'tl': 0, 'tr': 0, 'bl': 0, 'br': 0, 'bbox_h': 9, 'bbox_w': 7, 'bbox_area': 63, 'bbox_tl': 5, 'bbox_tr': 5, 'bbox_bl': 5, 'bbox_br': 5}"
123,"(1, 1, 1, 0, 0, 0, 0, 0, 0)",8,"{'mode_nz': 5, 'least_nz': 8, 'mode_all': 0, 'color_count': 2, 'center': 0, 'tl': 0, 'tr': 0, 'bl': 0, 'br': 0, 'bbox_h': 6, 'bbox_w': 7, 'bbox_area': 42, 'bbox_tl': 5, 'bbox_tr': 5, 'bbox_bl': 5, 'bbox_br': 5}"
124,"(1, 1, 0, 0, 0, 0, 0, 0, 0)",8,"{'mode_nz': 5, 'least_nz': 8, 'mode_all': 0, 'color_count': 2, 'center': 0, 'tl': 0, 'tr': 0, 'bl': 0, 'br': 0, 'bbox_h': 4, 'bbox_w': 4, 'bbox_area': 16, 'bbox_tl': 5, 'bbox_tr': 5, 'bbox_bl': 5, 'bbox_br': 5}"
125,"(1, 1, 1, 0, 0, 1, 0, 0, 0)",8,"{'mode_nz': 5, 'least_nz': 8, 'mode_all': 0, 'color_count': 2, 'center': 0, 'tl': 0, 'tr': 0, 'bl': 0, 'br': 0, 'bbox_h': 7, 'bbox_w': 7, 'bbox_area': 49, 'bbox_tl': 5, 'bbox_tr': 5, 'bbox_bl': 5, 'bbox_br': 5}"
126,"(1, 1, 1, 0, 0, 0, 0, 0, 0)",8,"{'mode_nz': 5, 'least_nz': 8, 'mode_all': 0, 'color_count': 2, 'center': 8, 'tl': 0, 'tr': 0, 'bl': 0, 'br': 0, 'bbox_h': 8, 'bbox_w': 6, 'bbox_area': 48, 'bbox_tl': 5, 'bbox_tr': 5, 'bbox_bl': 5, 'bbox_br': 5}"
127,"(1, 1, 1, 0, 0, 1, 0, 0, 0)",8,"{'mode_nz': 5, 'least_nz': 8, 'mode_all': 0, 'color_count': 2, 'center': 8, 'tl': 0, 'tr': 0, 'bl': 0, 'br': 0, 'bbox_h': 11, 'bbox_w': 6, 'bbox_area': 66, 'bbox_tl': 5, 'bbox_tr': 5, 'bbox_bl': 5, 'bbox_br': 5}"
128,"(1, 1, 1, 0, 0, 0, 0, 0, 0)",8,"{'mode_nz': 5, 'least_nz': 8, 'mode_all': 0, 'color_count': 2, 'center': 0, 'tl': 0, 'tr': 0, 'bl': 0, 'br': 0, 'bbox_h': 5, 'bbox_w': 8, 'bbox_area': 40, 'bbox_tl': 5, 'bbox_tr': 5, 'bbox_bl': 5, 'bbox_br': 5}"
129,"(1, 1, 1, 0, 0, 1, 0, 0, 0)",8,"{'mode_nz': 8, 'least_nz': 5, 'mode_all': 0, 'color_count': 2, 'center': 8, 'tl': 0, 'tr': 0, 'bl': 0, 'br': 0, 'bbox_h': 12, 'bbox_w': 8, 'bbox_area': 96, 'bbox_tl': 5, 'bbox_tr': 5, 'bbox_bl': 5, 'bbox_br': 5}"
130,"(1, 1, 1, 0, 0, 0, 0, 0, 0)",8,"{'mode_nz': 8, 'least_nz': 5, 'mode_all': 0, 'color_count': 2, 'center': 8, 'tl': 0, 'tr': 0, 'bl': 0, 'br': 0, 'bbox_h': 8, 'bbox_w': 8, 'bbox_area': 64, 'bbox_tl': 5, 'bbox_tr': 5, 'bbox_bl': 5, 'bbox_br': 5}"
131,"(1, 1, 0, 0, 0, 0, 0, 0, 0)",8,"{'mode_nz': 8, 'least_nz': 5, 'mode_all': 0, 'color_count': 2, 'center': 8, 'tl': 0, 'tr': 0, 'bl': 0, 'br': 0, 'bbox_h': 9, 'bbox_w': 6, 'bbox_area': 54, 'bbox_tl': 5, 'bbox_tr': 5, 'bbox_bl': 5, 'bbox_br': 5}"
132,"(1, 1, 1, 0, 0, 1, 0, 0, 0)",8,"{'mode_nz': 5, 'least_nz': 5, 'mode_all': 0, 'color_count': 2, 'center': 8, 'tl': 0, 'tr': 0, 'bl': 0, 'br': 0, 'bbox_h': 10, 'bbox_w': 7, 'bbox_area': 70, 'bbox_tl': 5, 'bbox_tr': 5, 'bbox_bl': 5, 'bbox_br': 5}"
133,"(1, 0, 0, 0, 0, 0, 0, 0, 0)",8,"{'mode_nz': 5, 'least_nz': 8, 'mode_all': 0, 'color_count': 2, 'center': 8, 'tl': 0, 'tr': 0, 'bl': 0, 'br': 0, 'bbox_h': 7, 'bbox_w': 5, 'bbox_area': 35, 'bbox_tl': 5, 'bbox_tr': 5, 'bbox_bl': 5, 'bbox_br': 5}"
134,"(1, 0, 0, 0, 0, 0, 0, 0, 0)",8,"{'mode_nz': 5, 'least_nz': 8, 'mode_all': 0, 'color_count': 2, 'center': 8, 'tl': 0, 'tr': 0, 'bl': 0, 'br': 0, 'bbox_h': 7, 'bbox_w': 4, 'bbox_area': 28, 'bbox_tl': 5, 'bbox_tr': 5, 'bbox_bl': 5, 'bbox_br': 5}"
135,"(1, 1, 0, 0, 0, 0, 0, 0, 0)",8,"{'mode_nz': 5, 'least_nz': 5, 'mode_all': 0, 'color_count': 2, 'center': 8, 'tl': 0, 'tr': 0, 'bl': 0, 'br': 0, 'bbox_h': 8, 'bbox_w': 6, 'bbox_area': 48, 'bbox_tl': 5, 'bbox_tr': 5, 'bbox_bl': 5, 'bbox_br': 5}"
136,"(1, 0, 0, 0, 0, 0, 0, 0, 0)",8,"{'mode_nz': 5, 'least_nz': 5, 'mode_all': 0, 'color_count': 2, 'center': 8, 'tl': 0, 'tr': 0, 'bl': 0, 'br': 0, 'bbox_h': 5, 'bbox_w': 7, 'bbox_area': 35, 'bbox_tl': 5, 'bbox_tr': 5, 'bbox_bl': 5, 'bbox_br': 5}"
137,"(1, 1, 1, 0, 0, 1, 0, 0, 0)",8,"{'mode_nz': 5, 'least_nz': 8, 'mode_all': 0, 'color_count': 2, 'center': 8, 'tl': 0, 'tr': 0, 'bl': 0, 'br': 0, 'bbox_h': 12, 'bbox_w': 5, 'bbox_area': 60, 'bbox_tl': 5, 'bbox_tr': 5, 'bbox_bl': 5, 'bbox_br': 5}"
138,"(1, 1, 1, 0, 0, 0, 0, 0, 0)",8,"{'mode_nz': 5, 'least_nz': 8, 'mode_all': 0, 'color_count': 2, 'center': 0, 'tl': 0, 'tr': 0, 'bl': 0, 'br': 0, 'bbox_h': 6, 'bbox_w': 8, 'bbox_area': 48, 'bbox_tl': 5, 'bbox_tr': 5, 'bbox_bl': 5, 'bbox_br': 5}"
139,"(1, 1, 1, 0, 0, 1, 0, 0, 0)",8,"{'mode_nz': 5, 'least_nz': 8, 'mode_all': 0, 'color_count': 2, 'center': 0, 'tl': 0, 'tr': 0, 'bl': 0, 'br': 0, 'bbox_h': 9, 'bbox_w': 5, 'bbox_area': 45, 'bbox_tl': 5, 'bbox_tr': 5, 'bbox_bl': 5, 'bbox_br': 5}"
140,"(1, 1, 0, 0, 0, 0, 0, 0, 0)",8,"{'mode_nz': 5, 'least_nz': 8, 'mode_all': 0, 'color_count': 2, 'center': 0, 'tl': 0, 'tr': 0, 'bl': 0, 'br': 0, 'bbox_h': 4, 'bbox_w': 4, 'bbox_area': 16, 'bbox_tl': 5, 'bbox_tr': 5, 'bbox_bl': 5, 'bbox_br': 5}"
141,"(1, 1, 1, 0, 0, 1, 0, 0, 0)",8,"{'mode_nz': 5, 'least_nz': 8, 'mode_all': 0, 'color_count': 2, 'center': 0, 'tl': 0, 'tr': 0, 'bl': 0, 'br': 0, 'bbox_h': 7, 'bbox_w': 6, 'bbox_area': 42, 'bbox_tl': 5, 'bbox_tr': 5, 'bbox_bl': 5, 'bbox_br': 5}"
142,"(1, 1, 1, 0, 0, 1, 0, 0, 0)",8,"{'mode_nz': 5, 'least_nz': 8, 'mode_all': 0, 'color_count': 2, 'center': 0, 'tl': 0, 'tr': 0, 'bl': 0, 'br': 0, 'bbox_h': 8, 'bbox_w': 4, 'bbox_area': 32, 'bbox_tl': 5, 'bbox_tr': 5, 'bbox_bl': 5, 'bbox_br': 5}"
143,"(1, 1, 1, 0, 0, 1, 0, 0, 0)",8,"{'mode_nz': 5, 'least_nz': 8, 'mode_all': 0, 'color_count': 2, 'center': 8, 'tl': 0, 'tr': 0, 'bl': 0, 'br': 0, 'bbox_h': 12, 'bbox_w': 4, 'bbox_area': 48, 'bbox_tl': 5, 'bbox_tr': 5, 'bbox_bl': 5, 'bbox_br': 5}"
144,"(1, 1, 1, 0, 0, 1, 0, 0, 0)",8,"{'mode_nz': 5, 'least_nz': 5, 'mode_all': 0, 'color_count': 2, 'center': 8, 'tl': 0, 'tr': 0, 'bl': 0, 'br': 0, 'bbox_h': 12, 'bbox_w': 6, 'bbox_area': 72, 'bbox_tl': 5, 'bbox_tr': 5, 'bbox_bl': 5, 'bbox_br': 5}"
145,"(1, 0, 0, 0, 0, 0, 0, 0, 0)",8,"{'mode_nz': 5, 'least_nz': 8, 'mode_all': 0, 'color_count': 2, 'center': 8, 'tl': 0, 'tr': 0, 'bl': 0, 'br': 0, 'bbox_h': 8, 'bbox_w': 5, 'bbox_area': 40, 'bbox_tl': 5, 'bbox_tr': 5, 'bbox_bl': 5, 'bbox_br': 5}"
146,"(1, 1, 1, 0, 0, 1, 0, 0, 0)",8,"{'mode_nz': 5, 'least_nz': 8, 'mode_all': 0, 'color_count': 2, 'center': 8, 'tl': 0, 'tr': 0, 'bl': 0, 'br': 0, 'bbox_h': 10, 'bbox_w': 5, 'bbox_area': 50, 'bbox_tl': 5, 'bbox_tr': 5, 'bbox_bl': 5, 'bbox_br': 5}"
147,"(1, 1, 1, 0, 0, 0, 0, 0, 0)",8,"{'mode_nz': 5, 'least_nz': 8, 'mode_all': 0, 'color_count': 2, 'center': 8, 'tl': 0, 'tr': 0, 'bl': 0, 'br': 0, 'bbox_h': 9, 'bbox_w': 6, 'bbox_area': 54, 'bbox_tl': 5, 'bbox_tr': 5, 'bbox_bl': 5, 'bbox_br': 5}"
148,"(1, 1, 1, 0, 0, 1, 0, 0, 0)",8,"{'mode_nz': 8, 'least_nz': 5, 'mode_all': 0, 'color_count': 2, 'center': 8, 'tl': 0, 'tr': 0, 'bl': 0, 'br': 0, 'bbox_h': 12, 'bbox_w': 8, 'bbox_area': 96, 'bbox_tl': 5, 'bbox_tr': 5, 'bbox_bl': 5, 'bbox_br': 5}"
149,"(1, 0, 0, 0, 0, 0, 0, 0, 0)",8,"{'mode_nz': 5, 'least_nz': 8, 'mode_all': 0, 'color_count': 2, 'center': 8, 'tl': 0, 'tr': 0, 'bl': 0, 'br': 0, 'bbox_h': 4, 'bbox_w': 4, 'bbox_area': 16, 'bbox_tl': 5, 'bbox_tr': 5, 'bbox_bl': 5, 'bbox_br': 5}"
150,"(1, 0, 0, 0, 0, 0, 0, 0, 0)",8,"{'mode_nz': 8, 'least_nz': 5, 'mode_all': 0, 'color_count': 2, 'center': 8, 'tl': 0, 'tr': 0, 'bl': 0, 'br': 0, 'bbox_h': 9, 'bbox_w': 6, 'bbox_area': 54, 'bbox_tl': 5, 'bbox_tr': 5, 'bbox_bl': 5, 'bbox_br': 5}"
151,"(1, 1, 0, 0, 0, 0, 0, 0, 0)",8,"{'mode_nz': 5, 'least_nz': 8, 'mode_all': 0, 'color_count': 2, 'center': 8, 'tl': 0, 'tr': 0, 'bl': 0, 'br': 0, 'bbox_h': 7, 'bbox_w': 4, 'bbox_area': 28, 'bbox_tl': 5, 'bbox_tr': 5, 'bbox_bl': 5, 'bbox_br': 5}"
152,"(1, 1, 1, 0, 0, 0, 0, 0, 0)",8,"{'mode_nz': 5, 'least_nz': 8, 'mode_all': 0, 'color_count': 2, 'center': 8, 'tl': 0, 'tr': 0, 'bl': 0, 'br': 0, 'bbox_h': 9, 'bbox_w': 5, 'bbox_area': 45, 'bbox_tl': 5, 'bbox_tr': 5, 'bbox_bl': 5, 'bbox_br': 5}"
153,"(1, 0, 0, 0, 0, 0, 0, 0, 0)",8,"{'mode_nz': 5, 'least_nz': 8, 'mode_all': 0, 'color_count': 2, 'center': 8, 'tl': 0, 'tr': 0, 'bl': 0, 'br': 0, 'bbox_h': 4, 'bbox_w': 6, 'bbox_area': 24, 'bbox_tl': 5, 'bbox_tr': 5, 'bbox_bl': 5, 'bbox_br': 5}"
154,"(1, 1, 1, 0, 0, 1, 0, 0, 0)",8,"{'mode_nz': 5, 'least_nz': 8, 'mode_all': 0, 'color_count': 2, 'center': 0, 'tl': 0, 'tr': 0, 'bl': 0, 'br': 0, 'bbox_h': 6, 'bbox_w': 8, 'bbox_area': 48, 'bbox_tl': 5, 'bbox_tr': 5, 'bbox_bl': 5, 'bbox_br': 5}"
155,"(1, 1, 1, 0, 0, 0, 0, 0, 0)",8,"{'mode_nz': 5, 'least_nz': 8, 'mode_all': 0, 'color_count': 2, 'center': 0, 'tl': 0, 'tr': 0, 'bl': 0, 'br': 0, 'bbox_h': 6, 'bbox_w': 7, 'bbox_area': 42, 'bbox_tl': 5, 'bbox_tr': 5, 'bbox_bl': 5, 'bbox_br': 5}"
156,"(1, 1, 1, 0, 0, 1, 0, 0, 0)",8,"{'mode_nz': 5, 'least_nz': 8, 'mode_all': 0, 'color_count': 2, 'center': 0, 'tl': 0, 'tr': 0, 'bl': 0, 'br': 0, 'bbox_h': 6, 'bbox_w': 5, 'bbox_area': 30, 'bbox_tl': 5, 'bbox_tr': 5, 'bbox_bl': 5, 'bbox_br': 5}"
157,"(1, 1, 1, 0, 0, 0, 0, 0, 0)",8,"{'mode_nz': 5, 'least_nz': 8, 'mode_all': 0, 'color_count': 2, 'center': 0, 'tl': 0, 'tr': 0, 'bl': 0, 'br': 0, 'bbox_h': 5, 'bbox_w': 4, 'bbox_area': 20, 'bbox_tl': 5, 'bbox_tr': 5, 'bbox_bl': 5, 'bbox_br': 5}"
158,"(1, 0, 0, 0, 0, 0, 0, 0, 0)",8,"{'mode_nz': 5, 'least_nz': 8, 'mode_all': 0, 'color_count': 2, 'center': 8, 'tl': 0, 'tr': 0, 'bl': 0, 'br': 0, 'bbox_h': 3, 'bbox_w': 4, 'bbox_area': 12, 'bbox_tl': 5, 'bbox_tr': 5, 'bbox_bl': 5, 'bbox_br': 5}"
159,"(1, 0, 0, 0, 0, 0, 0, 0, 0)",8,"{'mode_nz': 5, 'least_nz': 8, 'mode_all': 0, 'color_count': 2, 'center': 8, 'tl': 0, 'tr': 0, 'bl': 0, 'br': 0, 'bbox_h': 3, 'bbox_w': 8, 'bbox_area': 24, 'bbox_tl': 5, 'bbox_tr': 5, 'bbox_bl': 5, 'bbox_br': 5}"
160,"(1, 1, 1, 0, 0, 1, 0, 0, 0)",8,"{'mode_nz': 5, 'least_nz': 8, 'mode_all': 0, 'color_count': 2, 'center': 0, 'tl': 0, 'tr': 0, 'bl': 0, 'br': 0, 'bbox_h': 6, 'bbox_w': 6, 'bbox_area': 36, 'bbox_tl': 5, 'bbox_tr': 5, 'bbox_bl': 5, 'bbox_br': 5}"
161,"(1, 1, 0, 0, 0, 0, 0, 0, 0)",8,"{'mode_nz': 5, 'least_nz': 8, 'mode_all': 0, 'color_count': 2, 'center': 8, 'tl': 0, 'tr': 0, 'bl': 0, 'br': 0, 'bbox_h': 7, 'bbox_w': 5, 'bbox_area': 35, 'bbox_tl': 5, 'bbox_tr': 5, 'bbox_bl': 5, 'bbox_br': 5}"
162,"(1, 0, 0, 0, 0, 0, 0, 0, 0)",8,"{'mode_nz': 5, 'least_nz': 8, 'mode_all': 0, 'color_count': 2, 'center': 8, 'tl': 0, 'tr': 0, 'bl': 0, 'br': 0, 'bbox_h': 9, 'bbox_w': 4, 'bbox_area': 36, 'bbox_tl': 5, 'bbox_tr': 5, 'bbox_bl': 5, 'bbox_br': 5}"
163,"(1, 1, 1, 0, 0, 0, 0, 0, 0)",8,"{'mode_nz': 8, 'least_nz': 5, 'mode_all': 0, 'color_count': 2, 'center': 8, 'tl': 0, 'tr': 0, 'bl': 0, 'br': 0, 'bbox_h': 11, 'bbox_w': 8, 'bbox_area': 88, 'bbox_tl': 5, 'bbox_tr': 5, 'bbox_bl': 5, 'bbox_br': 5}"
164,"(1, 1, 1, 0, 0, 0, 0, 0, 0)",8,"{'mode_nz': 5, 'least_nz': 8, 'mode_all': 0, 'color_count': 2, 'center': 0, 'tl': 0, 'tr': 0, 'bl': 0, 'br': 0, 'bbox_h': 5, 'bbox_w': 4, 'bbox_area': 20, 'bbox_tl': 5, 'bbox_tr': 5, 'bbox_bl': 5, 'bbox_br': 5}"
165,"(1, 1, 1, 0, 0, 0, 0, 0, 0)",8,"{'mode_nz': 5, 'least_nz': 8, 'mode_all': 0, 'color_count': 2, 'center': 0, 'tl': 0, 'tr': 0, 'bl': 0, 'br': 0, 'bbox_h': 5, 'bbox_w': 8, 'bbox_area': 40, 'bbox_tl': 5, 'bbox_tr': 5, 'bbox_bl': 5, 'bbox_br': 5}"
166,"(1, 1, 1, 0, 0, 1, 0, 0, 0)",8,"{'mode_nz': 8, 'least_nz': 5, 'mode_all': 0, 'color_count': 2, 'center': 8, 'tl': 0, 'tr': 0, 'bl': 0, 'br': 0, 'bbox_h': 11, 'bbox_w': 7, 'bbox_area': 77, 'bbox_tl': 5, 'bbox_tr': 5, 'bbox_bl': 5, 'bbox_br': 5}"
167,"(1, 1, 0, 0, 0, 0, 0, 0, 0)",8,"{'mode_nz': 5, 'least_nz': 8, 'mode_all': 0, 'color_count': 2, 'center': 8, 'tl': 0, 'tr': 0, 'bl': 0, 'br': 0, 'bbox_h': 6, 'bbox_w': 6, 'bbox_area': 36, 'bbox_tl': 5, 'bbox_tr': 5, 'bbox_bl': 5, 'bbox_br': 5}"
168,"(1, 1, 1, 0, 0, 1, 0, 0, 0)",8,"{'mode_nz': 5, 'least_nz': 8, 'mode_all': 0, 'color_count': 2, 'center': 8, 'tl': 0, 'tr': 0, 'bl': 0, 'br': 0, 'bbox_h': 11, 'bbox_w': 4, 'bbox_area': 44, 'bbox_tl': 5, 'bbox_tr': 5, 'bbox_bl': 5, 'bbox_br': 5}"
169,"(1, 1, 1, 0, 0, 1, 0, 0, 0)",8,"{'mode_nz': 5, 'least_nz': 8, 'mode_all': 0, 'color_count': 2, 'center': 0, 'tl': 0, 'tr': 0, 'bl': 0, 'br': 0, 'bbox_h': 8, 'bbox_w': 4, 'bbox_area': 32, 'bbox_tl': 5, 'bbox_tr': 5, 'bbox_bl': 5, 'bbox_br': 5}"
170,"(1, 1, 0, 0, 0, 0, 0, 0, 0)",8,"{'mode_nz': 5, 'least_nz': 8, 'mode_all': 0, 'color_count': 2, 'center': 0, 'tl': 0, 'tr': 0, 'bl': 0, 'br': 0, 'bbox_h': 5, 'bbox_w': 8, 'bbox_area': 40, 'bbox_tl': 5, 'bbox_tr': 5, 'bbox_bl': 5, 'bbox_br': 5}"
171,"(1, 1, 1, 0, 0, 1, 0, 0, 0)",8,"{'mode_nz': 5, 'least_nz': 5, 'mode_all': 0, 'color_count': 2, 'center': 8, 'tl': 0, 'tr': 0, 'bl': 0, 'br': 0, 'bbox_h': 12, 'bbox_w': 6, 'bbox_area': 72, 'bbox_tl': 5, 'bbox_tr': 5, 'bbox_bl': 5, 'bbox_br': 5}"
172,"(1, 1, 1, 0, 0, 1, 0, 0, 0)",8,"{'mode_nz': 5, 'least_nz': 8, 'mode_all': 0, 'color_count': 2, 'center': 8, 'tl': 0, 'tr': 0, 'bl': 0, 'br': 0, 'bbox_h': 11, 'bbox_w': 6, 'bbox_area': 66, 'bbox_tl': 5, 'bbox_tr': 5, 'bbox_bl': 5, 'bbox_br': 5}"
173,"(1, 1, 0, 0, 0, 0, 0, 0, 0)",8,"{'mode_nz': 5, 'least_nz': 8, 'mode_all': 0, 'color_count': 2, 'center': 8, 'tl': 0, 'tr': 0, 'bl': 0, 'br': 0, 'bbox_h': 9, 'bbox_w': 5, 'bbox_area': 45, 'bbox_tl': 5, 'bbox_tr': 5, 'bbox_bl': 5, 'bbox_br': 5}"
174,"(1, 1, 0, 0, 0, 0, 0, 0, 0)",8,"{'mode_nz': 5, 'least_nz': 5, 'mode_all': 0, 'color_count': 2, 'center': 8, 'tl': 0, 'tr': 0, 'bl': 0, 'br': 0, 'bbox_h': 6, 'bbox_w': 8, 'bbox_area': 48, 'bbox_tl': 5, 'bbox_tr': 5, 'bbox_bl': 5, 'bbox_br': 5}"
175,"(1, 0, 0, 0, 0, 0, 0, 0, 0)",8,"{'mode_nz': 5, 'least_nz': 8, 'mode_all': 0, 'color_count': 2, 'center': 8, 'tl': 0, 'tr': 0, 'bl': 0, 'br': 0, 'bbox_h': 5, 'bbox_w': 5, 'bbox_area': 25, 'bbox_tl': 5, 'bbox_tr': 5, 'bbox_bl': 5, 'bbox_br': 5}"
176,"(1, 1, 1, 0, 0, 0, 0, 0, 0)",8,"{'mode_nz': 5, 'least_nz': 8, 'mode_all': 0, 'color_count': 2, 'center': 0, 'tl': 0, 'tr': 0, 'bl': 0, 'br': 0, 'bbox_h': 7, 'bbox_w': 4, 'bbox_area': 28, 'bbox_tl': 5, 'bbox_tr': 5, 'bbox_bl': 5, 'bbox_br': 5}"
177,"(1, 1, 0, 0, 0, 0, 0, 0, 0)",8,"{'mode_nz': 5, 'least_nz': 8, 'mode_all': 0, 'color_count': 2, 'center': 8, 'tl': 0, 'tr': 0, 'bl': 0, 'br': 0, 'bbox_h': 10, 'bbox_w': 4, 'bbox_area': 40, 'bbox_tl': 5, 'bbox_tr': 5, 'bbox_bl': 5, 'bbox_br': 5}"
178,"(1, 0, 0, 0, 0, 0, 0, 0, 0)",8,"{'mode_nz': 8, 'least_nz': 5, 'mode_all': 0, 'color_count': 2, 'center': 8, 'tl': 0, 'tr': 0, 'bl': 0, 'br': 0, 'bbox_h': 6, 'bbox_w': 8, 'bbox_area': 48, 'bbox_tl': 5, 'bbox_tr': 5, 'bbox_bl': 5, 'bbox_br': 5}"
179,"(1, 0, 0, 0, 0, 0, 0, 0, 0)",8,"{'mode_nz': 5, 'least_nz': 8, 'mode_all': 0, 'color_count': 2, 'center': 8, 'tl': 0, 'tr': 0, 'bl': 0, 'br': 0, 'bbox_h': 5, 'bbox_w': 5, 'bbox_area': 25, 'bbox_tl': 5, 'bbox_tr': 5, 'bbox_bl': 5, 'bbox_br': 5}"
180,"(1, 1, 1, 0, 0, 1, 0, 0, 0)",8,"{'mode_nz': 5, 'least_nz': 8, 'mode_all': 0, 'color_count': 2, 'center': 0, 'tl': 0, 'tr': 0, 'bl': 0, 'br': 0, 'bbox_h': 6, 'bbox_w': 6, 'bbox_area': 36, 'bbox_tl': 5, 'bbox_tr': 5, 'bbox_bl': 5, 'bbox_br': 5}"
181,"(1, 0, 0, 0, 0, 0, 0, 0, 0)",8,"{'mode_nz': 5, 'least_nz': 8, 'mode_all': 0, 'color_count': 2, 'center': 8, 'tl': 0, 'tr': 0, 'bl': 0, 'br': 0, 'bbox_h': 5, 'bbox_w': 5, 'bbox_area': 25, 'bbox_tl': 5, 'bbox_tr': 5, 'bbox_bl': 5, 'bbox_br': 5}"
182,"(1, 0, 0, 0, 0, 0, 0, 0, 0)",8,"{'mode_nz': 5, 'least_nz': 8, 'mode_all': 0, 'color_count': 2, 'center': 8, 'tl': 0, 'tr': 0, 'bl': 0, 'br': 0, 'bbox_h': 7, 'bbox_w': 4, 'bbox_area': 28, 'bbox_tl': 5, 'bbox_tr': 5, 'bbox_bl': 5, 'bbox_br': 5}"
183,"(1, 1, 1, 0, 0, 0, 0, 0, 0)",8,"{'mode_nz': 5, 'least_nz': 8, 'mode_all': 0, 'color_count': 2, 'center': 8, 'tl': 0, 'tr': 0, 'bl': 0, 'br': 0, 'bbox_h': 7, 'bbox_w': 6, 'bbox_area': 42, 'bbox_tl': 5, 'bbox_tr': 5, 'bbox_bl': 5, 'bbox_br': 5}"
184,"(1, 1, 0, 0, 0, 0, 0, 0, 0)",8,"{'mode_nz': 8, 'least_nz': 5, 'mode_all': 0, 'color_count': 2, 'center': 8, 'tl': 0, 'tr': 0, 'bl': 0, 'br': 0, 'bbox_h': 8, 'bbox_w': 7, 'bbox_area': 56, 'bbox_tl': 5, 'bbox_tr': 5, 'bbox_bl': 5, 'bbox_br': 5}"
185,"(1, 1, 0, 0, 0, 0, 0, 0, 0)",8,"{'mode_nz': 5, 'least_nz': 8, 'mode_all': 0, 'color_count': 2, 'center': 8, 'tl': 0, 'tr': 0, 'bl': 0, 'br': 0, 'bbox_h': 5, 'bbox_w': 4, 'bbox_area': 20, 'bbox_tl': 5, 'bbox_tr': 5, 'bbox_bl': 5, 'bbox_br': 5}"
186,"(1, 1, 1, 0, 0, 0, 0, 0, 0)",8,"{'mode_nz': 5, 'least_nz': 8, 'mode_all': 0, 'color_count': 2, 'center': 0, 'tl': 0, 'tr': 0, 'bl': 0, 'br': 0, 'bbox_h': 7, 'bbox_w': 4, 'bbox_area': 28, 'bbox_tl': 5, 'bbox_tr': 5, 'bbox_bl': 5, 'bbox_br': 5}"
187,"(1, 0, 0, 0, 0, 0, 0, 0, 0)",8,"{'mode_nz': 8, 'least_nz': 5, 'mode_all': 8, 'color_count': 2, 'center': 8, 'tl': 0, 'tr': 0, 'bl': 0, 'br': 0, 'bbox_h': 8, 'bbox_w': 8, 'bbox_area': 64, 'bbox_tl': 5, 'bbox_tr': 5, 'bbox_bl': 5, 'bbox_br': 5}"
188,"(1, 1, 1, 0, 0, 1, 0, 0, 0)",8,"{'mode_nz': 5, 'least_nz': 8, 'mode_all': 0, 'color_count': 2, 'center': 0, 'tl': 0, 'tr': 0, 'bl': 0, 'br': 0, 'bbox_h': 6, 'bbox_w': 4, 'bbox_area': 24, 'bbox_tl': 5, 'bbox_tr': 5, 'bbox_bl': 5, 'bbox_br': 5}"
189,"(1, 1, 0, 0, 0, 0, 0, 0, 0)",8,"{'mode_nz': 5, 'least_nz': 8, 'mode_all': 0, 'color_count': 2, 'center': 8, 'tl': 0, 'tr': 0, 'bl': 0, 'br': 0, 'bbox_h': 6, 'bbox_w': 6, 'bbox_area': 36, 'bbox_tl': 5, 'bbox_tr': 5, 'bbox_bl': 5, 'bbox_br': 5}"
190,"(1, 1, 0, 0, 0, 0, 0, 0, 0)",8,"{'mode_nz': 5, 'least_nz': 8, 'mode_all': 0, 'color_count': 2, 'center': 0, 'tl': 0, 'tr': 0, 'bl': 0, 'br': 0, 'bbox_h': 4, 'bbox_w': 5, 'bbox_area': 20, 'bbox_tl': 5, 'bbox_tr': 5, 'bbox_bl': 5, 'bbox_br': 5}"
191,"(1, 1, 0, 0, 0, 0, 0, 0, 0)",8,"{'mode_nz': 5, 'least_nz': 8, 'mode_all': 0, 'color_count': 2, 'center': 0, 'tl': 0, 'tr': 0, 'bl': 0, 'br': 0, 'bbox_h': 4, 'bbox_w': 6, 'bbox_area': 24, 'bbox_tl': 5, 'bbox_tr': 5, 'bbox_bl': 5, 'bbox_br': 5}"
192,"(1, 1, 1, 0, 0, 0, 0, 0, 0)",8,"{'mode_nz': 5, 'least_nz': 8, 'mode_all': 0, 'color_count': 2, 'center': 0, 'tl': 0, 'tr': 0, 'bl': 0, 'br': 0, 'bbox_h': 7, 'bbox_w': 6, 'bbox_area': 42, 'bbox_tl': 5, 'bbox_tr': 5, 'bbox_bl': 5, 'bbox_br': 5}"
193,"(1, 1, 1, 0, 0, 1, 0, 0, 0)",8,"{'mode_nz': 5, 'least_nz': 5, 'mode_all': 0, 'color_count': 2, 'center': 0, 'tl': 0, 'tr': 0, 'bl': 0, 'br': 0, 'bbox_h': 9, 'bbox_w': 8, 'bbox_area': 72, 'bbox_tl': 5, 'bbox_tr': 5, 'bbox_bl': 5, 'bbox_br': 5}"
194,"(1, 1, 0, 0, 0, 0, 0, 0, 0)",8,"{'mode_nz': 5, 'least_nz': 8, 'mode_all': 0, 'color_count': 2, 'center': 0, 'tl': 0, 'tr': 0, 'bl': 0, 'br': 0, 'bbox_h': 4, 'bbox_w': 8, 'bbox_area': 32, 'bbox_tl': 5, 'bbox_tr': 5, 'bbox_bl': 5, 'bbox_br': 5}"
195,"(1, 1, 1, 0, 0, 1, 0, 0, 0)",8,"{'mode_nz': 5, 'least_nz': 8, 'mode_all': 0, 'color_count': 2, 'center': 8, 'tl': 0, 'tr': 0, 'bl': 0, 'br': 0, 'bbox_h': 12, 'bbox_w': 5, 'bbox_area': 60, 'bbox_tl': 5, 'bbox_tr': 5, 'bbox_bl': 5, 'bbox_br': 5}"
196,"(1, 1, 1, 0, 0, 0, 0, 0, 0)",8,"{'mode_nz': 5, 'least_nz': 8, 'mode_all': 0, 'color_count': 2, 'center': 8, 'tl': 0, 'tr': 0, 'bl': 0, 'br': 0, 'bbox_h': 10, 'bbox_w': 4, 'bbox_area': 40, 'bbox_tl': 5, 'bbox_tr': 5, 'bbox_bl': 5, 'bbox_br': 5}"
197,"(1, 0, 0, 0, 0, 0, 0, 0, 0)",8,"{'mode_nz': 8, 'least_nz': 5, 'mode_all': 0, 'color_count': 2, 'center': 8, 'tl': 0, 'tr': 0, 'bl': 0, 'br': 0, 'bbox_h': 9, 'bbox_w': 8, 'bbox_area': 72, 'bbox_tl': 5, 'bbox_tr': 5, 'bbox_bl': 5, 'bbox_br': 5}"
198,"(1, 0, 0, 0, 0, 0, 0, 0, 0)",8,"{'mode_nz': 5, 'least_nz': 8, 'mode_all': 0, 'color_count': 2, 'center': 0, 'tl': 0, 'tr': 0, 'bl': 0, 'br': 0, 'bbox_h': 3, 'bbox_w': 6, 'bbox_area': 18, 'bbox_tl': 5, 'bbox_tr': 5, 'bbox_bl': 5, 'bbox_br': 5}"
199,"(1, 1, 0, 0, 0, 0, 0, 0, 0)",8,"{'mode_nz': 8, 'least_nz': 5, 'mode_all': 0, 'color_count': 2, 'center': 8, 'tl': 0, 'tr': 0, 'bl': 0, 'br': 0, 'bbox_h': 9, 'bbox_w': 6, 'bbox_area': 54, 'bbox_tl': 5, 'bbox_tr': 5, 'bbox_bl': 5, 'bbox_br': 5}"
200,"(1, 1, 1, 0, 0, 1, 0, 0, 0)",8,"{'mode_nz': 5, 'least_nz': 8, 'mode_all': 0, 'color_count': 2, 'center': 0, 'tl': 0, 'tr': 0, 'bl': 0, 'br': 0, 'bbox_h': 9, 'bbox_w': 7, 'bbox_area': 63, 'bbox_tl': 5, 'bbox_tr': 5, 'bbox_bl': 5, 'bbox_br': 5}"
201,"(1, 1, 0, 0, 0, 0, 0, 0, 0)",8,"{'mode_nz': 5, 'least_nz': 8, 'mode_all': 0, 'color_count': 2, 'center': 8, 'tl': 0, 'tr': 0, 'bl': 0, 'br': 0, 'bbox_h': 6, 'bbox_w': 5, 'bbox_area': 30, 'bbox_tl': 5, 'bbox_tr': 5, 'bbox_bl': 5, 'bbox_br': 5}"
202,"(1, 1, 1, 0, 0, 1, 0, 0, 0)",8,"{'mode_nz': 8, 'least_nz': 5, 'mode_all': 0, 'color_count': 2, 'center': 8, 'tl': 0, 'tr': 0, 'bl': 0, 'br': 0, 'bbox_h': 12, 'bbox_w': 7, 'bbox_area': 84, 'bbox_tl': 5, 'bbox_tr': 5, 'bbox_bl': 5, 'bbox_br': 5}"
203,"(1, 1, 0, 0, 0, 0, 0, 0, 0)",8,"{'mode_nz': 5, 'least_nz': 8, 'mode_all': 0, 'color_count': 2, 'center': 0, 'tl': 0, 'tr': 0, 'bl': 0, 'br': 0, 'bbox_h': 4, 'bbox_w': 8, 'bbox_area': 32, 'bbox_tl': 5, 'bbox_tr': 5, 'bbox_bl': 5, 'bbox_br': 5}"
204,"(1, 1, 1, 0, 0, 0, 0, 0, 0)",8,"{'mode_nz': 5, 'least_nz': 8, 'mode_all': 0, 'color_count': 2, 'center': 8, 'tl': 0, 'tr': 0, 'bl': 0, 'br': 0, 'bbox_h': 11, 'bbox_w': 4, 'bbox_area': 44, 'bbox_tl': 5, 'bbox_tr': 5, 'bbox_bl': 5, 'bbox_br': 5}"
205,"(1, 1, 1, 0, 0, 1, 0, 0, 0)",8,"{'mode_nz': 5, 'least_nz': 8, 'mode_all': 0, 'color_count': 2, 'center': 8, 'tl': 0, 'tr': 0, 'bl': 0, 'br': 0, 'bbox_h': 11, 'bbox_w': 4, 'bbox_area': 44, 'bbox_tl': 5, 'bbox_tr': 5, 'bbox_bl': 5, 'bbox_br': 5}"
206,"(1, 1, 1, 0, 0, 0, 0, 0, 0)",8,"{'mode_nz': 5, 'least_nz': 8, 'mode_all': 0, 'color_count': 2, 'center': 8, 'tl': 0, 'tr': 0, 'bl': 0, 'br': 0, 'bbox_h': 11, 'bbox_w': 4, 'bbox_area': 44, 'bbox_tl': 5, 'bbox_tr': 5, 'bbox_bl': 5, 'bbox_br': 5}"
207,"(1, 1, 1, 0, 0, 0, 0, 0, 0)",8,"{'mode_nz': 5, 'least_nz': 8, 'mode_all': 0, 'color_count': 2, 'center': 8, 'tl': 0, 'tr': 0, 'bl': 0, 'br': 0, 'bbox_h': 8, 'bbox_w': 4, 'bbox_area': 32, 'bbox_tl': 5, 'bbox_tr': 5, 'bbox_bl': 5, 'bbox_br': 5}"
208,"(1, 1, 0, 0, 0, 0, 0, 0, 0)",8,"{'mode_nz': 5, 'least_nz': 8, 'mode_all': 0, 'color_count': 2, 'center': 8, 'tl': 0, 'tr': 0, 'bl': 0, 'br': 0, 'bbox_h': 6, 'bbox_w': 4, 'bbox_area': 24, 'bbox_tl': 5, 'bbox_tr': 5, 'bbox_bl': 5, 'bbox_br': 5}"
209,"(1, 1, 1, 0, 0, 0, 0, 0, 0)",8,"{'mode_nz': 5, 'least_nz': 8, 'mode_all': 0, 'color_count': 2, 'center': 0, 'tl': 0, 'tr': 0, 'bl': 0, 'br': 0, 'bbox_h': 6, 'bbox_w': 8, 'bbox_area': 48, 'bbox_tl': 5, 'bbox_tr': 5, 'bbox_bl': 5, 'bbox_br': 5}"
210,"(1, 1, 1, 0, 0, 0, 0, 0, 0)",8,"{'mode_nz': 5, 'least_nz': 8, 'mode_all': 0, 'color_count': 2, 'center': 8, 'tl': 0, 'tr': 0, 'bl': 0, 'br': 0, 'bbox_h': 10, 'bbox_w': 5, 'bbox_area': 50, 'bbox_tl': 5, 'bbox_tr': 5, 'bbox_bl': 5, 'bbox_br': 5}"
211,"(1, 1, 1, 0, 0, 0, 0, 0, 0)",8,"{'mode_nz': 8, 'least_nz': 5, 'mode_all': 0, 'color_count': 2, 'center': 8, 'tl': 0, 'tr': 0, 'bl': 0, 'br': 0, 'bbox_h': 9, 'bbox_w': 8, 'bbox_area': 72, 'bbox_tl': 5, 'bbox_tr': 5, 'bbox_bl': 5, 'bbox_br': 5}"
212,"(1, 1, 1, 0, 0, 0, 0, 0, 0)",8,"{'mode_nz': 5, 'least_nz': 5, 'mode_all': 0, 'color_count': 2, 'center': 8, 'tl': 0, 'tr': 0, 'bl': 0, 'br': 0, 'bbox_h': 10, 'bbox_w': 6, 'bbox_area': 60, 'bbox_tl': 5, 'bbox_tr': 5, 'bbox_bl': 5, 'bbox_br': 5}"
213,"(1, 1, 1, 0, 0, 0, 0, 0, 0)",8,"{'mode_nz': 5, 'least_nz': 8, 'mode_all': 0, 'color_count': 2, 'center': 8, 'tl': 0, 'tr': 0, 'bl': 0, 'br': 0, 'bbox_h': 7, 'bbox_w': 7, 'bbox_area': 49, 'bbox_tl': 5, 'bbox_tr': 5, 'bbox_bl': 5, 'bbox_br': 5}"
214,"(1, 0, 0, 0, 0, 0, 0, 0, 0)",8,"{'mode_nz': 5, 'least_nz': 8, 'mode_all': 0, 'color_count': 2, 'center': 8, 'tl': 0, 'tr': 0, 'bl': 0, 'br': 0, 'bbox_h': 8, 'bbox_w': 4, 'bbox_area': 32, 'bbox_tl': 5, 'bbox_tr': 5, 'bbox_bl': 5, 'bbox_br': 5}"
215,"(1, 0, 0, 0, 0, 0, 0, 0, 0)",8,"{'mode_nz': 8, 'least_nz': 5, 'mode_all': 0, 'color_count': 2, 'center': 8, 'tl': 0, 'tr': 0, 'bl': 0, 'br': 0, 'bbox_h': 7, 'bbox_w': 8, 'bbox_area': 56, 'bbox_tl': 5, 'bbox_tr': 5, 'bbox_bl': 5, 'bbox_br': 5}"
216,"(1, 1, 0, 0, 0, 0, 0, 0, 0)",8,"{'mode_nz': 5, 'least_nz': 8, 'mode_all': 0, 'color_count': 2, 'center': 0, 'tl': 0, 'tr': 0, 'bl': 0, 'br': 0, 'bbox_h': 5, 'bbox_w': 7, 'bbox_area': 35, 'bbox_tl': 5, 'bbox_tr': 5, 'bbox_bl': 5, 'bbox_br': 5}"
217,"(1, 0, 0, 0, 0, 0, 0, 0, 0)",8,"{'mode_nz': 8, 'least_nz': 5, 'mode_all': 0, 'color_count': 2, 'center': 8, 'tl': 0, 'tr': 0, 'bl': 0, 'br': 0, 'bbox_h': 7, 'bbox_w': 6, 'bbox_area': 42, 'bbox_tl': 5, 'bbox_tr': 5, 'bbox_bl': 5, 'bbox_br': 5}"
218,"(1, 1, 0, 0, 0, 0, 0, 0, 0)",8,"{'mode_nz': 5, 'least_nz': 8, 'mode_all': 0, 'color_count': 2, 'center': 0, 'tl': 0, 'tr': 0, 'bl': 0, 'br': 0, 'bbox_h': 4, 'bbox_w': 5, 'bbox_area': 20, 'bbox_tl': 5, 'bbox_tr': 5, 'bbox_bl': 5, 'bbox_br': 5}"
219,"(1, 0, 0, 0, 0, 0, 0, 0, 0)",8,"{'mode_nz': 5, 'least_nz': 8, 'mode_all': 0, 'color_count': 2, 'center': 8, 'tl': 0, 'tr': 0, 'bl': 0, 'br': 0, 'bbox_h': 4, 'bbox_w': 6, 'bbox_area': 24, 'bbox_tl': 5, 'bbox_tr': 5, 'bbox_bl': 5, 'bbox_br': 5}"
220,"(1, 0, 0, 0, 0, 0, 0, 0, 0)",8,"{'mode_nz': 8, 'least_nz': 5, 'mode_all': 0, 'color_count': 2, 'center': 8, 'tl': 0, 'tr': 0, 'bl': 0, 'br': 0, 'bbox_h': 8, 'bbox_w': 6, 'bbox_area': 48, 'bbox_tl': 5, 'bbox_tr': 5, 'bbox_bl': 5, 'bbox_br': 5}"
221,"(1, 0, 0, 0, 0, 0, 0, 0, 0)",8,"{'mode_nz': 5, 'least_nz': 5, 'mode_all': 0, 'color_count': 2, 'center': 8, 'tl': 0, 'tr': 0, 'bl': 0, 'br': 0, 'bbox_h': 9, 'bbox_w': 5, 'bbox_area': 45, 'bbox_tl': 5, 'bbox_tr': 5, 'bbox_bl': 5, 'bbox_br': 5}"
222,"(1, 1, 1, 0, 0, 1, 0, 0, 0)",8,"{'mode_nz': 5, 'least_nz': 8, 'mode_all': 0, 'color_count': 2, 'center': 0, 'tl': 0, 'tr': 0, 'bl': 0, 'br': 0, 'bbox_h': 8, 'bbox_w': 6, 'bbox_area': 48, 'bbox_tl': 5, 'bbox_tr': 5, 'bbox_bl': 5, 'bbox_br': 5}"
223,"(1, 1, 1, 0, 0, 0, 0, 0, 0)",8,"{'mode_nz': 5, 'least_nz': 8, 'mode_all': 0, 'color_count': 2, 'center': 0, 'tl': 0, 'tr': 0, 'bl': 0, 'br': 0, 'bbox_h': 5, 'bbox_w': 6, 'bbox_area': 30, 'bbox_tl': 5, 'bbox_tr': 5, 'bbox_bl': 5, 'bbox_br': 5}"
224,"(1, 1, 1, 0, 0, 0, 0, 0, 0)",8,"{'mode_nz': 5, 'least_nz': 8, 'mode_all': 0, 'color_count': 2, 'center': 0, 'tl': 0, 'tr': 0, 'bl': 0, 'br': 0, 'bbox_h': 6, 'bbox_w': 7, 'bbox_area': 42, 'bbox_tl': 5, 'bbox_tr': 5, 'bbox_bl': 5, 'bbox_br': 5}"
225,"(1, 1, 1, 0, 0, 1, 0, 0, 0)",8,"{'mode_nz': 5, 'least_nz': 8, 'mode_all': 0, 'color_count': 2, 'center': 0, 'tl': 0, 'tr': 0, 'bl': 0, 'br': 0, 'bbox_h': 7, 'bbox_w': 5, 'bbox_area': 35, 'bbox_tl': 5, 'bbox_tr': 5, 'bbox_bl': 5, 'bbox_br': 5}"
226,"(1, 1, 1, 0, 0, 0, 0, 0, 0)",8,"{'mode_nz': 8, 'least_nz': 5, 'mode_all': 0, 'color_count': 2, 'center': 8, 'tl': 0, 'tr': 0, 'bl': 0, 'br': 0, 'bbox_h': 9, 'bbox_w': 8, 'bbox_area': 72, 'bbox_tl': 5, 'bbox_tr': 5, 'bbox_bl': 5, 'bbox_br': 5}"
227,"(1, 1, 0, 0, 0, 0, 0, 0, 0)",8,"{'mode_nz': 8, 'least_nz': 5, 'mode_all': 0, 'color_count': 2, 'center': 8, 'tl': 0, 'tr': 0, 'bl': 0, 'br': 0, 'bbox_h': 7, 'bbox_w': 8, 'bbox_area': 56, 'bbox_tl': 5, 'bbox_tr': 5, 'bbox_bl': 5, 'bbox_br': 5}"
228,"(1, 1, 1, 0, 0, 1, 0, 0, 0)",8,"{'mode_nz': 8, 'least_nz': 5, 'mode_all': 0, 'color_count': 2, 'center': 8, 'tl': 0, 'tr': 0, 'bl': 0, 'br': 0, 'bbox_h': 10, 'bbox_w': 8, 'bbox_area': 80, 'bbox_tl': 5, 'bbox_tr': 5, 'bbox_bl': 5, 'bbox_br': 5}"
229,"(1, 0, 0, 0, 0, 0, 0, 0, 0)",8,"{'mode_nz': 8, 'least_nz': 5, 'mode_all': 0, 'color_count': 2, 'center': 8, 'tl': 0, 'tr': 0, 'bl': 0, 'br': 0, 'bbox_h': 7, 'bbox_w': 7, 'bbox_area': 49, 'bbox_tl': 5, 'bbox_tr': 5, 'bbox_bl': 5, 'bbox_br': 5}"
230,"(1, 1, 0, 0, 0, 0, 0, 0, 0)",8,"{'mode_nz': 8, 'least_nz': 5, 'mode_all': 0, 'color_count': 2, 'center': 8, 'tl': 0, 'tr': 0, 'bl': 0, 'br': 0, 'bbox_h': 10, 'bbox_w': 7, 'bbox_area': 70, 'bbox_tl': 5, 'bbox_tr': 5, 'bbox_bl': 5, 'bbox_br': 5}"
231,"(1, 1, 0, 0, 0, 0, 0, 0, 0)",8,"{'mode_nz': 5, 'least_nz': 8, 'mode_all': 0, 'color_count': 2, 'center': 8, 'tl': 0, 'tr': 0, 'bl': 0, 'br': 0, 'bbox_h': 7, 'bbox_w': 5, 'bbox_area': 35, 'bbox_tl': 5, 'bbox_tr': 5, 'bbox_bl': 5, 'bbox_br': 5}"
232,"(1, 1, 1, 0, 0, 0, 0, 0, 0)",8,"{'mode_nz': 5, 'least_nz': 8, 'mode_all': 0, 'color_count': 2, 'center': 8, 'tl': 0, 'tr': 0, 'bl': 0, 'br': 0, 'bbox_h': 8, 'bbox_w': 7, 'bbox_area': 56, 'bbox_tl': 5, 'bbox_tr': 5, 'bbox_bl': 5, 'bbox_br': 5}"
233,"(1, 1, 1, 0, 0, 1, 0, 0, 0)",8,"{'mode_nz': 5, 'least_nz': 8, 'mode_all': 0, 'color_count': 2, 'center': 0, 'tl': 0, 'tr': 0, 'bl': 0, 'br': 0, 'bbox_h': 7, 'bbox_w': 6, 'bbox_area': 42, 'bbox_tl': 5, 'bbox_tr': 5, 'bbox_bl': 5, 'bbox_br': 5}"
234,"(1, 0, 0, 0, 0, 0, 0, 0, 0)",8,"{'mode_nz': 5, 'least_nz': 8, 'mode_all': 0, 'color_count': 2, 'center': 8, 'tl': 0, 'tr': 0, 'bl': 0, 'br': 0, 'bbox_h': 8, 'bbox_w': 4, 'bbox_area': 32, 'bbox_tl': 5, 'bbox_tr': 5, 'bbox_bl': 5, 'bbox_br': 5}"
235,"(1, 0, 0, 0, 0, 0, 0, 0, 0)",8,"{'mode_nz': 5, 'least_nz': 8, 'mode_all': 0, 'color_count': 2, 'center': 0, 'tl': 0, 'tr': 0, 'bl': 0, 'br': 0, 'bbox_h': 3, 'bbox_w': 7, 'bbox_area': 21, 'bbox_tl': 5, 'bbox_tr': 5, 'bbox_bl': 5, 'bbox_br': 5}"
236,"(1, 1, 1, 0, 0, 1, 0, 0, 0)",8,"{'mode_nz': 5, 'least_nz': 8, 'mode_all': 0, 'color_count': 2, 'center': 8, 'tl': 0, 'tr': 0, 'bl': 0, 'br': 0, 'bbox_h': 10, 'bbox_w': 6, 'bbox_area': 60, 'bbox_tl': 5, 'bbox_tr': 5, 'bbox_bl': 5, 'bbox_br': 5}"
237,"(1, 0, 0, 0, 0, 0, 0, 0, 0)",8,"{'mode_nz': 8, 'least_nz': 5, 'mode_all': 0, 'color_count': 2, 'center': 8, 'tl': 0, 'tr': 0, 'bl': 0, 'br': 0, 'bbox_h': 9, 'bbox_w': 7, 'bbox_area': 63, 'bbox_tl': 5, 'bbox_tr': 5, 'bbox_bl': 5, 'bbox_br': 5}"
238,"(1, 1, 1, 0, 0, 1, 0, 0, 0)",8,"{'mode_nz': 5, 'least_nz': 8, 'mode_all': 0, 'color_count': 2, 'center': 8, 'tl': 0, 'tr': 0, 'bl': 0, 'br': 0, 'bbox_h': 10, 'bbox_w': 6, 'bbox_area': 60, 'bbox_tl': 5, 'bbox_tr': 5, 'bbox_bl': 5, 'bbox_br': 5}"
239,"(1, 1, 1, 0, 0, 0, 0, 0, 0)",8,"{'mode_nz': 5, 'least_nz': 8, 'mode_all': 0, 'color_count': 2, 'center': 0, 'tl': 0, 'tr': 0, 'bl': 0, 'br': 0, 'bbox_h': 5, 'bbox_w': 7, 'bbox_area': 35, 'bbox_tl': 5, 'bbox_tr': 5, 'bbox_bl': 5, 'bbox_br': 5}"
240,"(1, 0, 0, 0, 0, 0, 0, 0, 0)",8,"{'mode_nz': 8, 'least_nz': 5, 'mode_all': 0, 'color_count': 2, 'center': 8, 'tl': 0, 'tr': 0, 'bl': 0, 'br': 0, 'bbox_h': 6, 'bbox_w': 7, 'bbox_area': 42, 'bbox_tl': 5, 'bbox_tr': 5, 'bbox_bl': 5, 'bbox_br': 5}"
241,"(1, 1, 1, 0, 0, 1, 0, 0, 0)",8,"{'mode_nz': 5, 'least_nz': 8, 'mode_all': 0, 'color_count': 2, 'center': 0, 'tl': 0, 'tr': 0, 'bl': 0, 'br': 0, 'bbox_h': 6, 'bbox_w': 5, 'bbox_area': 30, 'bbox_tl': 5, 'bbox_tr': 5, 'bbox_bl': 5, 'bbox_br': 5}"
242,"(1, 1, 0, 0, 0, 0, 0, 0, 0)",8,"{'mode_nz': 5, 'least_nz': 8, 'mode_all': 0, 'color_count': 2, 'center': 0, 'tl': 0, 'tr': 0, 'bl': 0, 'br': 0, 'bbox_h': 4, 'bbox_w': 7, 'bbox_area': 28, 'bbox_tl': 5, 'bbox_tr': 5, 'bbox_bl': 5, 'bbox_br': 5}"
243,"(1, 0, 0, 0, 0, 0, 0, 0, 0)",8,"{'mode_nz': 5, 'least_nz': 8, 'mode_all': 0, 'color_count': 2, 'center': 8, 'tl': 0, 'tr': 0, 'bl': 0, 'br': 0, 'bbox_h': 9, 'bbox_w': 4, 'bbox_area': 36, 'bbox_tl': 5, 'bbox_tr': 5, 'bbox_bl': 5, 'bbox_br': 5}"
244,"(1, 1, 1, 0, 0, 0, 0, 0, 0)",8,"{'mode_nz': 8, 'least_nz': 5, 'mode_all': 0, 'color_count': 2, 'center': 8, 'tl': 0, 'tr': 0, 'bl': 0, 'br': 0, 'bbox_h': 11, 'bbox_w': 6, 'bbox_area': 66, 'bbox_tl': 5, 'bbox_tr': 5, 'bbox_bl': 5, 'bbox_br': 5}"
245,"(1, 1, 1, 0, 0, 0, 0, 0, 0)",8,"{'mode_nz': 8, 'least_nz': 5, 'mode_all': 0, 'color_count': 2, 'center': 8, 'tl': 0, 'tr': 0, 'bl': 0, 'br': 0, 'bbox_h': 8, 'bbox_w': 8, 'bbox_area': 64, 'bbox_tl': 5, 'bbox_tr': 5, 'bbox_bl': 5, 'bbox_br': 5}"
246,"(1, 1, 1, 0, 0, 1, 0, 0, 0)",8,"{'mode_nz': 5, 'least_nz': 5, 'mode_all': 0, 'color_count': 2, 'center': 8, 'tl': 0, 'tr': 0, 'bl': 0, 'br': 0, 'bbox_h': 9, 'bbox_w': 8, 'bbox_area': 72, 'bbox_tl': 5, 'bbox_tr': 5, 'bbox_bl': 5, 'bbox_br': 5}"
247,"(1, 1, 1, 0, 0, 0, 0, 0, 0)",8,"{'mode_nz': 5, 'least_nz': 8, 'mode_all': 0, 'color_count': 2, 'center': 0, 'tl': 0, 'tr': 0, 'bl': 0, 'br': 0, 'bbox_h': 5, 'bbox_w': 5, 'bbox_area': 25, 'bbox_tl': 5, 'bbox_tr': 5, 'bbox_bl': 5, 'bbox_br': 5}"
248,"(1, 1, 1, 0, 0, 1, 0, 0, 0)",8,"{'mode_nz': 5, 'least_nz': 8, 'mode_all': 0, 'color_count': 2, 'center': 8, 'tl': 0, 'tr': 0, 'bl': 0, 'br': 0, 'bbox_h': 10, 'bbox_w': 5, 'bbox_area': 50, 'bbox_tl': 5, 'bbox_tr': 5, 'bbox_bl': 5, 'bbox_br': 5}"
249,"(1, 1, 1, 0, 0, 1, 0, 0, 0)",8,"{'mode_nz': 5, 'least_nz': 8, 'mode_all': 0, 'color_count': 2, 'center': 0, 'tl': 0, 'tr': 0, 'bl': 0, 'br': 0, 'bbox_h': 7, 'bbox_w': 8, 'bbox_area': 56, 'bbox_tl': 5, 'bbox_tr': 5, 'bbox_bl': 5, 'bbox_br': 5}"
250,"(1, 1, 0, 0, 0, 0, 0, 0, 0)",8,"{'mode_nz': 5, 'least_nz': 8, 'mode_all': 0, 'color_count': 2, 'center': 0, 'tl': 0, 'tr': 0, 'bl': 0, 'br': 0, 'bbox_h': 4, 'bbox_w': 6, 'bbox_area': 24, 'bbox_tl': 5, 'bbox_tr': 5, 'bbox_bl': 5, 'bbox_br': 5}"
251,"(1, 0, 0, 0, 0, 0, 0, 0, 0)",8,"{'mode_nz': 5, 'least_nz': 5, 'mode_all': 0, 'color_count': 2, 'center': 8, 'tl': 0, 'tr': 0, 'bl': 0, 'br': 0, 'bbox_h': 6, 'bbox_w': 6, 'bbox_area': 36, 'bbox_tl': 5, 'bbox_tr': 5, 'bbox_bl': 5, 'bbox_br': 5}"
252,"(1, 1, 1, 0, 0, 1, 0, 0, 0)",8,"{'mode_nz': 5, 'least_nz': 8, 'mode_all': 0, 'color_count': 2, 'center': 8, 'tl': 0, 'tr': 0, 'bl': 0, 'br': 0, 'bbox_h': 12, 'bbox_w': 5, 'bbox_area': 60, 'bbox_tl': 5, 'bbox_tr': 5, 'bbox_bl': 5, 'bbox_br': 5}"
253,"(1, 1, 1, 0, 0, 1, 0, 0, 0)",8,"{'mode_nz': 5, 'least_nz': 8, 'mode_all': 0, 'color_count': 2, 'center': 0, 'tl': 0, 'tr': 0, 'bl': 0, 'br': 0, 'bbox_h': 8, 'bbox_w': 8, 'bbox_area': 64, 'bbox_tl': 5, 'bbox_tr': 5, 'bbox_bl': 5, 'bbox_br': 5}"
254,"(1, 1, 0, 0, 0, 0, 0, 0, 0)",8,"{'mode_nz': 5, 'least_nz': 8, 'mode_all': 0, 'color_count': 2, 'center': 8, 'tl': 0, 'tr': 0, 'bl': 0, 'br': 0, 'bbox_h': 6, 'bbox_w': 5, 'bbox_area': 30, 'bbox_tl': 5, 'bbox_tr': 5, 'bbox_bl': 5, 'bbox_br': 5}"
255,"(1, 1, 1, 0, 0, 0, 0, 0, 0)",8,"{'mode_nz': 8, 'least_nz': 5, 'mode_all': 0, 'color_count': 2, 'center': 8, 'tl': 0, 'tr': 0, 'bl': 0, 'br': 0, 'bbox_h': 8, 'bbox_w': 8, 'bbox_area': 64, 'bbox_tl': 5, 'bbox_tr': 5, 'bbox_bl': 5, 'bbox_br': 5}"
256,"(1, 1, 1, 0, 0, 0, 0, 0, 0)",8,"{'mode_nz': 8, 'least_nz': 5, 'mode_all': 0, 'color_count': 2, 'center': 8, 'tl': 0, 'tr': 0, 'bl': 0, 'br': 0, 'bbox_h': 9, 'bbox_w': 7, 'bbox_area': 63, 'bbox_tl': 5, 'bbox_tr': 5, 'bbox_bl': 5, 'bbox_br': 5}"
257,"(1, 1, 1, 0, 0, 0, 0, 0, 0)",8,"{'mode_nz': 5, 'least_nz': 8, 'mode_all': 0, 'color_count': 2, 'center': 8, 'tl': 0, 'tr': 0, 'bl': 0, 'br': 0, 'bbox_h': 9, 'bbox_w': 5, 'bbox_area': 45, 'bbox_tl': 5, 'bbox_tr': 5, 'bbox_bl': 5, 'bbox_br': 5}"
258,"(1, 1, 0, 0, 0, 0, 0, 0, 0)",8,"{'mode_nz': 5, 'least_nz': 8, 'mode_all': 0, 'color_count': 2, 'center': 8, 'tl': 0, 'tr': 0, 'bl': 0, 'br': 0, 'bbox_h': 8, 'bbox_w': 5, 'bbox_area': 40, 'bbox_tl': 5, 'bbox_tr': 5, 'bbox_bl': 5, 'bbox_br': 5}"
259,"(1, 1, 0, 0, 0, 0, 0, 0, 0)",8,"{'mode_nz': 8, 'least_nz': 5, 'mode_all': 0, 'color_count': 2, 'center': 8, 'tl': 0, 'tr': 0, 'bl': 0, 'br': 0, 'bbox_h': 8, 'bbox_w': 8, 'bbox_area': 64, 'bbox_tl': 5, 'bbox_tr': 5, 'bbox_bl': 5, 'bbox_br': 5}"
260,"(1, 1, 1, 0, 0, 1, 0, 0, 0)",8,"{'mode_nz': 5, 'least_nz': 8, 'mode_all': 0, 'color_count': 2, 'center': 0, 'tl': 0, 'tr': 0, 'bl': 0, 'br': 0, 'bbox_h': 7, 'bbox_w': 7, 'bbox_area': 49, 'bbox_tl': 5, 'bbox_tr': 5, 'bbox_bl': 5, 'bbox_br': 5}"
261,"(1, 1, 1, 0, 0, 0, 0, 0, 0)",8,"{'mode_nz': 8, 'least_nz': 5, 'mode_all': 0, 'color_count': 2, 'center': 8, 'tl': 0, 'tr': 0, 'bl': 0, 'br': 0, 'bbox_h': 10, 'bbox_w': 7, 'bbox_area': 70, 'bbox_tl': 5, 'bbox_tr': 5, 'bbox_bl': 5, 'bbox_br': 5}"
262,"(1, 0, 0, 0, 0, 0, 0, 0, 0)",8,"{'mode_nz': 5, 'least_nz': 8, 'mode_all': 0, 'color_count': 2, 'center': 8, 'tl': 0, 'tr': 0, 'bl': 0, 'br': 0, 'bbox_h': 4, 'bbox_w': 8, 'bbox_area': 32, 'bbox_tl': 5, 'bbox_tr': 5, 'bbox_bl': 5, 'bbox_br': 5}"
263,"(1, 1, 1, 0, 0, 0, 0, 0, 0)",8,"{'mode_nz': 5, 'least_nz': 8, 'mode_all': 0, 'color_count': 2, 'center': 0, 'tl': 0, 'tr': 0, 'bl': 0, 'br': 0, 'bbox_h': 5, 'bbox_w': 6, 'bbox_area': 30, 'bbox_tl': 5, 'bbox_tr': 5, 'bbox_bl': 5, 'bbox_br': 5}"
264,"(1, 1, 1, 0, 0, 1, 0, 0, 0)",8,"{'mode_nz': 5, 'least_nz': 8, 'mode_all': 0, 'color_count': 2, 'center': 0, 'tl': 0, 'tr': 0, 'bl': 0, 'br': 0, 'bbox_h': 7, 'bbox_w': 7, 'bbox_area': 49, 'bbox_tl': 5, 'bbox_tr': 5, 'bbox_bl': 5, 'bbox_br': 5}"
265,"(1, 1, 1, 0, 0, 1, 0, 0, 0)",8,"{'mode_nz': 5, 'least_nz': 8, 'mode_all': 0, 'color_count': 2, 'center': 0, 'tl': 0, 'tr': 0, 'bl': 0, 'br': 0, 'bbox_h': 6, 'bbox_w': 6, 'bbox_area': 36, 'bbox_tl': 5, 'bbox_tr': 5, 'bbox_bl': 5, 'bbox_br': 5}"
266,"(1, 0, 0, 0, 0, 0, 0, 0, 0)",8,"{'mode_nz': 8, 'least_nz': 5, 'mode_all': 0, 'color_count': 2, 'center': 8, 'tl': 0, 'tr': 0, 'bl': 0, 'br': 0, 'bbox_h': 6, 'bbox_w': 8, 'bbox_area': 48, 'bbox_tl': 5, 'bbox_tr': 5, 'bbox_bl': 5, 'bbox_br': 5}"
267,"(1, 1, 1, 0, 0, 0, 0, 0, 0)",8,"{'mode_nz': 5, 'least_nz': 8, 'mode_all': 0, 'color_count': 2, 'center': 0, 'tl': 0, 'tr': 0, 'bl': 0, 'br': 0, 'bbox_h': 7, 'bbox_w': 6, 'bbox_area': 42, 'bbox_tl': 5, 'bbox_tr': 5, 'bbox_bl': 5, 'bbox_br': 5}"
268,"(1, 0, 0, 0, 0, 0, 0, 0, 0)",8,"{'mode_nz': 8, 'least_nz': 5, 'mode_all': 0, 'color_count': 2, 'center': 8, 'tl': 0, 'tr': 0, 'bl': 0, 'br': 0, 'bbox_h': 8, 'bbox_w': 8, 'bbox_area': 64, 'bbox_tl': 5, 'bbox_tr': 5, 'bbox_bl': 5, 'bbox_br': 5}"
