example_idx,split,d4_status,target_color,bbox_shape,rel_template,input_color_positions,missing_from_d4_reason
0,train,pass,3,"(5, 5)","((0, 4), (4, 0), (4, 4))","((0, 0), (2, 2))",ok
1,train,pass,2,"(5, 5)","((0, 4), (4, 0), (4, 4))","((0, 0),)",ok
2,train,pass,4,"(5, 5)","((1, 3), (3, 1), (3, 3))","((1, 1),)",ok
3,test,pass,4,"(5, 5)","((2, 0), (2, 4), (4, 2))","((0, 2),)",ok
4,arc-gen,pass,4,"(5, 5)","((1, 3), (3, 1), (3, 3))","((1, 1),)",ok
5,arc-gen,fail,8,"(5, 5)","((0, 4), (4, 0), (4, 4))","((0, 0), (0, 2), (1, 1), (1, 3), (2, 0), (2, 4), (3, 1), (3, 3), (4, 2))",candidate_count=0
6,arc-gen,fail,4,"(5, 5)","((1, 3), (3, 1), (3, 3))","((0, 0), (0, 4), (1, 1), (4, 0), (4, 4))",candidate_count=0
7,arc-gen,pass,2,"(5, 5)","((0, 4), (4, 0), (4, 4))","((0, 0),)",ok
8,arc-gen,fail,8,"(5, 5)","((1, 1), (3, 1), (3, 3))","((0, 2), (1, 3), (2, 0), (2, 4), (4, 2))",candidate_count=0
9,arc-gen,fail,4,"(5, 5)","((2, 0), (2, 4), (4, 2))","((0, 0), (0, 2), (0, 4), (1, 1), (1, 3), (2, 2), (3, 1), (3, 3), (4, 0), (4, 4))",candidate_count=0
10,arc-gen,pass,8,"(5, 5)","((0, 2), (2, 0), (2, 4))","((4, 2),)",ok
11,arc-gen,fail,2,"(5, 5)","((1, 1), (1, 3), (3, 1))","((0, 2), (2, 0), (2, 2), (2, 4), (3, 3), (4, 2))",candidate_count=0
12,arc-gen,pass,8,"(5, 5)","((1, 1), (1, 3), (3, 1))","((2, 2), (3, 3))",ok
13,arc-gen,pass,3,"(5, 5)","((2, 0), (2, 4), (4, 2))","((0, 2),)",ok
14,arc-gen,pass,3,"(5, 5)","((1, 3), (3, 1), (3, 3))","((1, 1),)",ok
15,arc-gen,pass,1,"(5, 5)","((1, 1), (3, 1), (3, 3))","((1, 3),)",ok
16,arc-gen,pass,4,"(5, 5)","((0, 2), (2, 4), (4, 2))","((2, 0),)",ok
17,arc-gen,fail,8,"(5, 5)","((1, 3), (3, 1), (3, 3))","((0, 2), (1, 1), (2, 0), (2, 2), (2, 4), (4, 2))",candidate_count=0
18,arc-gen,fail,8,"(5, 5)","((0, 0), (0, 4), (4, 4))","((1, 1), (1, 3), (3, 1), (3, 3), (4, 0))",candidate_count=0
19,arc-gen,pass,3,"(5, 5)","((0, 0), (0, 4), (4, 0))","((4, 4),)",ok
20,arc-gen,pass,1,"(5, 5)","((0, 0), (0, 4), (4, 4))","((4, 0),)",ok
21,arc-gen,fail,1,"(5, 5)","((0, 0), (4, 0), (4, 4))","((0, 4), (1, 1), (1, 3), (3, 1), (3, 3))",candidate_count=0
22,arc-gen,pass,8,"(5, 5)","((0, 0), (0, 4), (4, 0))","((4, 4),)",ok
23,arc-gen,pass,8,"(5, 5)","((1, 1), (1, 3), (3, 3))","((3, 1),)",ok
24,arc-gen,pass,3,"(5, 5)","((1, 1), (3, 1), (3, 3))","((1, 3),)",ok
25,arc-gen,pass,4,"(5, 5)","((0, 2), (2, 0), (2, 4))","((4, 2),)",ok
26,arc-gen,fail,4,"(5, 5)","((1, 1), (1, 3), (3, 1))","((0, 2), (2, 0), (2, 4), (3, 3), (4, 2))",candidate_count=0
27,arc-gen,fail,3,"(5, 5)","((0, 0), (0, 4), (4, 0))","((1, 1), (1, 3), (3, 1), (3, 3), (4, 4))",candidate_count=0
28,arc-gen,pass,1,"(5, 5)","((0, 0), (0, 4), (4, 0))","((4, 4),)",ok
29,arc-gen,pass,3,"(5, 5)","((0, 2), (2, 0), (2, 4))","((2, 2), (4, 2))",ok
30,arc-gen,pass,2,"(5, 5)","((0, 0), (0, 4), (4, 0))","((4, 4),)",ok
31,arc-gen,pass,8,"(5, 5)","((0, 4), (4, 0), (4, 4))","((0, 0),)",ok
32,arc-gen,pass,4,"(5, 5)","((1, 1), (3, 1), (3, 3))","((1, 3),)",ok
33,arc-gen,fail,2,"(5, 5)","((0, 2), (2, 0), (2, 4))","((1, 1), (1, 3), (3, 1), (3, 3), (4, 2))",candidate_count=0
34,arc-gen,pass,1,"(5, 5)","((1, 1), (1, 3), (3, 1))","((2, 2), (3, 3))",ok
35,arc-gen,pass,1,"(5, 5)","((1, 1), (3, 1), (3, 3))","((1, 3), (2, 2))",ok
36,arc-gen,fail,8,"(5, 5)","((0, 4), (4, 0), (4, 4))","((0, 0), (1, 1), (1, 3), (3, 1), (3, 3))",candidate_count=0
37,arc-gen,pass,3,"(5, 5)","((1, 1), (1, 3), (3, 1))","((3, 3),)",ok
38,arc-gen,pass,4,"(5, 5)","((0, 2), (2, 4), (4, 2))","((2, 0),)",ok
39,arc-gen,pass,8,"(5, 5)","((1, 1), (1, 3), (3, 1))","((3, 3),)",ok
40,arc-gen,fail,8,"(5, 5)","((2, 0), (2, 4), (4, 2))","((0, 0), (0, 2), (0, 4), (4, 0), (4, 4))",candidate_count=0
41,arc-gen,pass,8,"(5, 5)","((0, 0), (4, 0), (4, 4))","((0, 4), (2, 2))",ok
42,arc-gen,fail,2,"(5, 5)","((0, 0), (0, 4), (4, 4))","((1, 1), (1, 3), (3, 1), (3, 3), (4, 0))",candidate_count=0
43,arc-gen,fail,4,"(5, 5)","((0, 2), (2, 4), (4, 2))","((0, 0), (0, 4), (2, 0), (4, 0), (4, 4))",candidate_count=0
44,arc-gen,pass,2,"(5, 5)","((1, 1), (3, 1), (3, 3))","((1, 3),)",ok
45,arc-gen,fail,4,"(5, 5)","((1, 1), (1, 3), (3, 1))","((0, 2), (2, 0), (2, 4), (3, 3), (4, 2))",candidate_count=0
46,arc-gen,pass,2,"(5, 5)","((0, 4), (4, 0), (4, 4))","((0, 0),)",ok
47,arc-gen,fail,4,"(5, 5)","((2, 0), (2, 4), (4, 2))","((0, 2), (1, 1), (1, 3), (3, 1), (3, 3))",candidate_count=0
48,arc-gen,pass,2,"(5, 5)","((0, 0), (0, 4), (4, 4))","((4, 0),)",ok
49,arc-gen,fail,8,"(5, 5)","((1, 3), (3, 1), (3, 3))","((0, 0), (0, 4), (1, 1), (4, 0), (4, 4))",candidate_count=0
50,arc-gen,pass,4,"(5, 5)","((0, 0), (4, 0), (4, 4))","((0, 4),)",ok
51,arc-gen,fail,4,"(5, 5)","((0, 2), (2, 4), (4, 2))","((0, 0), (0, 4), (2, 0), (4, 0), (4, 4))",candidate_count=0
52,arc-gen,pass,1,"(5, 5)","((1, 3), (3, 1), (3, 3))","((1, 1),)",ok
53,arc-gen,pass,1,"(5, 5)","((0, 0), (4, 0), (4, 4))","((0, 4), (2, 2))",ok
54,arc-gen,fail,1,"(5, 5)","((0, 2), (2, 0), (4, 2))","((1, 1), (1, 3), (2, 4), (3, 1), (3, 3))",candidate_count=0
55,arc-gen,fail,8,"(5, 5)","((0, 0), (0, 4), (4, 4))","((0, 2), (1, 1), (1, 3), (2, 0), (2, 4), (3, 1), (3, 3), (4, 0), (4, 2))",candidate_count=0
56,arc-gen,pass,1,"(5, 5)","((1, 3), (3, 1), (3, 3))","((1, 1),)",ok
57,arc-gen,fail,3,"(5, 5)","((1, 1), (1, 3), (3, 1))","((0, 0), (0, 4), (2, 2), (3, 3), (4, 0), (4, 4))",candidate_count=0
58,arc-gen,pass,2,"(5, 5)","((1, 1), (3, 1), (3, 3))","((1, 3),)",ok
59,arc-gen,pass,4,"(5, 5)","((0, 2), (2, 4), (4, 2))","((2, 0),)",ok
60,arc-gen,fail,8,"(5, 5)","((0, 4), (4, 0), (4, 4))","((0, 0), (0, 2), (2, 0), (2, 4), (4, 2))",candidate_count=0
61,arc-gen,fail,3,"(5, 5)","((2, 0), (2, 4), (4, 2))","((0, 2), (1, 1), (1, 3), (3, 1), (3, 3))",candidate_count=0
62,arc-gen,pass,3,"(5, 5)","((1, 1), (1, 3), (3, 3))","((2, 2), (3, 1))",ok
63,arc-gen,fail,4,"(5, 5)","((0, 0), (0, 4), (4, 4))","((1, 1), (1, 3), (3, 1), (3, 3), (4, 0))",candidate_count=0
64,arc-gen,fail,1,"(5, 5)","((0, 0), (4, 0), (4, 4))","((0, 2), (0, 4), (1, 1), (1, 3), (2, 0), (2, 4), (3, 1), (3, 3), (4, 2))",candidate_count=0
65,arc-gen,fail,1,"(5, 5)","((0, 0), (0, 4), (4, 0))","((1, 1), (1, 3), (3, 1), (3, 3), (4, 4))",candidate_count=0
66,arc-gen,pass,8,"(5, 5)","((1, 1), (1, 3), (3, 1))","((3, 3),)",ok
67,arc-gen,pass,4,"(5, 5)","((0, 2), (2, 0), (4, 2))","((2, 4),)",ok
68,arc-gen,pass,3,"(5, 5)","((0, 0), (4, 0), (4, 4))","((0, 4),)",ok
69,arc-gen,pass,1,"(5, 5)","((2, 0), (2, 4), (4, 2))","((0, 2),)",ok
70,arc-gen,pass,3,"(5, 5)","((1, 1), (3, 1), (3, 3))","((1, 3),)",ok
71,arc-gen,pass,3,"(5, 5)","((1, 1), (1, 3), (3, 3))","((3, 1),)",ok
72,arc-gen,fail,2,"(5, 5)","((1, 1), (3, 1), (3, 3))","((0, 0), (0, 4), (1, 3), (4, 0), (4, 4))",candidate_count=0
73,arc-gen,fail,8,"(5, 5)","((1, 1), (1, 3), (3, 1))","((0, 0), (0, 4), (3, 3), (4, 0), (4, 4))",candidate_count=0
74,arc-gen,fail,3,"(5, 5)","((1, 1), (3, 1), (3, 3))","((0, 0), (0, 4), (1, 3), (4, 0), (4, 4))",candidate_count=0
75,arc-gen,fail,8,"(5, 5)","((0, 0), (0, 4), (4, 4))","((1, 1), (1, 3), (3, 1), (3, 3), (4, 0))",candidate_count=0
76,arc-gen,pass,3,"(5, 5)","((1, 1), (1, 3), (3, 3))","((3, 1),)",ok
77,arc-gen,pass,8,"(5, 5)","((1, 1), (3, 1), (3, 3))","((1, 3),)",ok
78,arc-gen,fail,1,"(5, 5)","((0, 2), (2, 0), (2, 4))","((1, 1), (1, 3), (2, 2), (3, 1), (3, 3), (4, 2))",candidate_count=0
79,arc-gen,pass,8,"(5, 5)","((1, 1), (1, 3), (3, 1))","((3, 3),)",ok
80,arc-gen,fail,2,"(5, 5)","((1, 1), (1, 3), (3, 3))","((0, 0), (0, 4), (3, 1), (4, 0), (4, 4))",candidate_count=0
81,arc-gen,fail,4,"(5, 5)","((0, 2), (2, 0), (2, 4))","((0, 0), (0, 4), (4, 0), (4, 2), (4, 4))",candidate_count=0
82,arc-gen,pass,8,"(5, 5)","((1, 1), (1, 3), (3, 1))","((3, 3),)",ok
83,arc-gen,fail,8,"(5, 5)","((0, 2), (2, 4), (4, 2))","((1, 1), (1, 3), (2, 0), (3, 1), (3, 3))",candidate_count=0
84,arc-gen,fail,1,"(5, 5)","((0, 4), (4, 0), (4, 4))","((0, 0), (0, 2), (2, 0), (2, 4), (4, 2))",candidate_count=0
85,arc-gen,pass,1,"(5, 5)","((2, 0), (2, 4), (4, 2))","((0, 2),)",ok
86,arc-gen,fail,8,"(5, 5)","((0, 0), (0, 4), (4, 4))","((0, 2), (1, 1), (1, 3), (2, 0), (2, 4), (3, 1), (3, 3), (4, 0), (4, 2))",candidate_count=0
87,arc-gen,fail,3,"(5, 5)","((0, 2), (2, 0), (4, 2))","((1, 1), (1, 3), (2, 4), (3, 1), (3, 3))",candidate_count=0
88,arc-gen,pass,1,"(5, 5)","((2, 0), (2, 4), (4, 2))","((0, 2),)",ok
89,arc-gen,pass,2,"(5, 5)","((0, 2), (2, 4), (4, 2))","((2, 0), (2, 2))",ok
90,arc-gen,pass,4,"(5, 5)","((0, 2), (2, 4), (4, 2))","((2, 0),)",ok
91,arc-gen,fail,1,"(5, 5)","((0, 2), (2, 0), (2, 4))","((1, 1), (1, 3), (3, 1), (3, 3), (4, 2))",candidate_count=0
92,arc-gen,fail,8,"(5, 5)","((0, 2), (2, 0), (4, 2))","((1, 1), (1, 3), (2, 4), (3, 1), (3, 3))",candidate_count=0
93,arc-gen,pass,3,"(5, 5)","((0, 0), (0, 4), (4, 0))","((4, 4),)",ok
94,arc-gen,fail,3,"(5, 5)","((0, 2), (2, 0), (4, 2))","((0, 0), (0, 4), (2, 4), (4, 0), (4, 4))",candidate_count=0
95,arc-gen,fail,2,"(5, 5)","((0, 2), (2, 0), (4, 2))","((0, 0), (0, 4), (2, 4), (4, 0), (4, 4))",candidate_count=0
96,arc-gen,pass,4,"(5, 5)","((0, 2), (2, 0), (4, 2))","((2, 4),)",ok
97,arc-gen,pass,4,"(5, 5)","((0, 0), (4, 0), (4, 4))","((0, 4),)",ok
98,arc-gen,pass,2,"(5, 5)","((0, 4), (4, 0), (4, 4))","((0, 0),)",ok
99,arc-gen,fail,4,"(5, 5)","((1, 1), (1, 3), (3, 1))","((0, 2), (2, 0), (2, 4), (3, 3), (4, 2))",candidate_count=0
100,arc-gen,pass,2,"(5, 5)","((0, 2), (2, 4), (4, 2))","((2, 0),)",ok
101,arc-gen,fail,8,"(5, 5)","((1, 3), (3, 1), (3, 3))","((0, 0), (0, 4), (1, 1), (4, 0), (4, 4))",candidate_count=0
102,arc-gen,pass,3,"(5, 5)","((0, 2), (2, 0), (4, 2))","((2, 4),)",ok
103,arc-gen,fail,4,"(5, 5)","((1, 1), (1, 3), (3, 3))","((0, 0), (0, 4), (3, 1), (4, 0), (4, 4))",candidate_count=0
104,arc-gen,pass,2,"(5, 5)","((0, 2), (2, 0), (4, 2))","((2, 2), (2, 4))",ok
105,arc-gen,pass,1,"(5, 5)","((0, 0), (0, 4), (4, 4))","((4, 0),)",ok
106,arc-gen,fail,2,"(5, 5)","((1, 3), (3, 1), (3, 3))","((0, 2), (1, 1), (2, 0), (2, 4), (4, 2))",candidate_count=0
107,arc-gen,fail,1,"(5, 5)","((0, 2), (2, 0), (4, 2))","((1, 1), (1, 3), (2, 4), (3, 1), (3, 3))",candidate_count=0
108,arc-gen,fail,1,"(5, 5)","((0, 2), (2, 0), (2, 4))","((1, 1), (1, 3), (3, 1), (3, 3), (4, 2))",candidate_count=0
109,arc-gen,pass,4,"(5, 5)","((1, 1), (1, 3), (3, 1))","((3, 3),)",ok
110,arc-gen,fail,4,"(5, 5)","((1, 1), (3, 1), (3, 3))","((0, 0), (0, 4), (1, 3), (2, 2), (4, 0), (4, 4))",candidate_count=0
111,arc-gen,pass,1,"(5, 5)","((1, 1), (1, 3), (3, 1))","((3, 3),)",ok
112,arc-gen,fail,1,"(5, 5)","((0, 2), (2, 0), (4, 2))","((0, 0), (0, 4), (2, 2), (2, 4), (4, 0), (4, 4))",candidate_count=0
113,arc-gen,pass,3,"(5, 5)","((0, 0), (0, 4), (4, 0))","((2, 2), (4, 4))",ok
114,arc-gen,fail,3,"(5, 5)","((0, 0), (4, 0), (4, 4))","((0, 4), (1, 1), (1, 3), (2, 2), (3, 1), (3, 3))",candidate_count=0
115,arc-gen,pass,8,"(5, 5)","((0, 0), (0, 4), (4, 0))","((4, 4),)",ok
116,arc-gen,pass,4,"(5, 5)","((0, 0), (0, 4), (4, 4))","((4, 0),)",ok
117,arc-gen,pass,3,"(5, 5)","((0, 2), (2, 0), (4, 2))","((2, 4),)",ok
118,arc-gen,pass,3,"(5, 5)","((0, 2), (2, 0), (4, 2))","((2, 2), (2, 4))",ok
119,arc-gen,pass,3,"(5, 5)","((0, 2), (2, 0), (2, 4))","((4, 2),)",ok
120,arc-gen,pass,8,"(5, 5)","((0, 2), (2, 4), (4, 2))","((2, 0),)",ok
121,arc-gen,pass,2,"(5, 5)","((1, 3), (3, 1), (3, 3))","((1, 1), (2, 2))",ok
122,arc-gen,pass,2,"(5, 5)","((0, 0), (0, 4), (4, 4))","((4, 0),)",ok
123,arc-gen,fail,2,"(5, 5)","((1, 1), (1, 3), (3, 1))","((0, 0), (0, 4), (3, 3), (4, 0), (4, 4))",candidate_count=0
124,arc-gen,pass,2,"(5, 5)","((0, 2), (2, 0), (2, 4))","((4, 2),)",ok
125,arc-gen,pass,1,"(5, 5)","((0, 2), (2, 0), (2, 4))","((2, 2), (4, 2))",ok
126,arc-gen,pass,4,"(5, 5)","((0, 2), (2, 0), (2, 4))","((2, 2), (4, 2))",ok
127,arc-gen,pass,8,"(5, 5)","((0, 0), (0, 4), (4, 4))","((2, 2), (4, 0))",ok
128,arc-gen,pass,3,"(5, 5)","((0, 0), (4, 0), (4, 4))","((0, 4),)",ok
129,arc-gen,fail,4,"(5, 5)","((2, 0), (2, 4), (4, 2))","((0, 2), (1, 1), (1, 3), (3, 1), (3, 3))",candidate_count=0
130,arc-gen,pass,2,"(5, 5)","((0, 4), (4, 0), (4, 4))","((0, 0), (2, 2))",ok
131,arc-gen,fail,4,"(5, 5)","((0, 2), (2, 0), (4, 2))","((0, 0), (0, 4), (2, 4), (4, 0), (4, 4))",candidate_count=0
132,arc-gen,pass,4,"(5, 5)","((0, 0), (4, 0), (4, 4))","((0, 4),)",ok
133,arc-gen,fail,8,"(5, 5)","((1, 3), (3, 1), (3, 3))","((0, 0), (0, 4), (1, 1), (4, 0), (4, 4))",candidate_count=0
134,arc-gen,fail,2,"(5, 5)","((0, 0), (0, 4), (4, 0))","((1, 1), (1, 3), (3, 1), (3, 3), (4, 4))",candidate_count=0
135,arc-gen,fail,4,"(5, 5)","((2, 0), (2, 4), (4, 2))","((0, 0), (0, 2), (0, 4), (4, 0), (4, 4))",candidate_count=0
136,arc-gen,fail,8,"(5, 5)","((0, 0), (0, 4), (4, 4))","((0, 2), (2, 0), (2, 2), (2, 4), (4, 0), (4, 2))",candidate_count=0
137,arc-gen,fail,8,"(5, 5)","((0, 0), (0, 4), (4, 4))","((0, 2), (2, 0), (2, 4), (4, 0), (4, 2))",candidate_count=0
138,arc-gen,fail,1,"(5, 5)","((0, 0), (0, 4), (4, 4))","((1, 1), (1, 3), (3, 1), (3, 3), (4, 0))",candidate_count=0
139,arc-gen,pass,4,"(5, 5)","((0, 2), (2, 4), (4, 2))","((2, 0),)",ok
140,arc-gen,pass,8,"(5, 5)","((0, 0), (0, 4), (4, 0))","((4, 4),)",ok
141,arc-gen,fail,2,"(5, 5)","((0, 2), (2, 0), (4, 2))","((0, 0), (0, 4), (2, 4), (4, 0), (4, 4))",candidate_count=0
142,arc-gen,pass,3,"(5, 5)","((0, 0), (0, 4), (4, 0))","((4, 4),)",ok
143,arc-gen,fail,8,"(5, 5)","((1, 3), (3, 1), (3, 3))","((0, 0), (0, 4), (1, 1), (4, 0), (4, 4))",candidate_count=0
144,arc-gen,pass,1,"(5, 5)","((0, 0), (4, 0), (4, 4))","((0, 4),)",ok
145,arc-gen,fail,4,"(5, 5)","((0, 0), (4, 0), (4, 4))","((0, 2), (0, 4), (2, 0), (2, 4), (4, 2))",candidate_count=0
146,arc-gen,fail,8,"(5, 5)","((0, 4), (4, 0), (4, 4))","((0, 0), (1, 1), (1, 3), (3, 1), (3, 3))",candidate_count=0
147,arc-gen,pass,2,"(5, 5)","((2, 0), (2, 4), (4, 2))","((0, 2),)",ok
148,arc-gen,pass,8,"(5, 5)","((1, 1), (3, 1), (3, 3))","((1, 3),)",ok
149,arc-gen,pass,3,"(5, 5)","((1, 1), (1, 3), (3, 1))","((3, 3),)",ok
150,arc-gen,fail,1,"(5, 5)","((0, 0), (0, 4), (4, 0))","((0, 2), (2, 0), (2, 4), (4, 2), (4, 4))",candidate_count=0
151,arc-gen,pass,1,"(5, 5)","((1, 1), (1, 3), (3, 1))","((3, 3),)",ok
152,arc-gen,fail,1,"(5, 5)","((0, 0), (0, 4), (4, 0))","((0, 2), (2, 0), (2, 4), (4, 2), (4, 4))",candidate_count=0
153,arc-gen,pass,2,"(5, 5)","((1, 1), (1, 3), (3, 1))","((3, 3),)",ok
154,arc-gen,pass,2,"(5, 5)","((0, 2), (2, 0), (2, 4))","((4, 2),)",ok
155,arc-gen,pass,4,"(5, 5)","((1, 1), (1, 3), (3, 3))","((3, 1),)",ok
156,arc-gen,pass,4,"(5, 5)","((0, 2), (2, 0), (4, 2))","((2, 4),)",ok
157,arc-gen,fail,3,"(5, 5)","((0, 2), (2, 4), (4, 2))","((0, 0), (0, 4), (1, 1), (1, 3), (2, 0), (3, 1), (3, 3), (4, 0), (4, 4))",candidate_count=0
158,arc-gen,fail,8,"(5, 5)","((0, 0), (0, 4), (4, 4))","((1, 1), (1, 3), (3, 1), (3, 3), (4, 0))",candidate_count=0
159,arc-gen,fail,1,"(5, 5)","((0, 2), (2, 4), (4, 2))","((0, 0), (0, 4), (2, 0), (4, 0), (4, 4))",candidate_count=0
160,arc-gen,pass,4,"(5, 5)","((0, 4), (4, 0), (4, 4))","((0, 0),)",ok
161,arc-gen,pass,4,"(5, 5)","((0, 2), (2, 4), (4, 2))","((2, 0),)",ok
162,arc-gen,fail,1,"(5, 5)","((0, 0), (4, 0), (4, 4))","((0, 2), (0, 4), (2, 0), (2, 2), (2, 4), (4, 2))",candidate_count=0
163,arc-gen,pass,8,"(5, 5)","((1, 1), (1, 3), (3, 1))","((3, 3),)",ok
164,arc-gen,pass,2,"(5, 5)","((1, 1), (1, 3), (3, 1))","((2, 2), (3, 3))",ok
165,arc-gen,pass,8,"(5, 5)","((1, 1), (1, 3), (3, 1))","((3, 3),)",ok
166,arc-gen,pass,2,"(5, 5)","((0, 4), (4, 0), (4, 4))","((0, 0), (2, 2))",ok
167,arc-gen,fail,4,"(5, 5)","((0, 0), (4, 0), (4, 4))","((0, 2), (0, 4), (2, 0), (2, 4), (4, 2))",candidate_count=0
168,arc-gen,pass,4,"(5, 5)","((0, 0), (4, 0), (4, 4))","((0, 4),)",ok
169,arc-gen,fail,4,"(5, 5)","((1, 3), (3, 1), (3, 3))","((0, 0), (0, 2), (0, 4), (1, 1), (2, 0), (2, 2), (2, 4), (4, 0), (4, 2), (4, 4))",candidate_count=0
170,arc-gen,pass,2,"(5, 5)","((1, 1), (1, 3), (3, 3))","((3, 1),)",ok
171,arc-gen,fail,4,"(5, 5)","((1, 1), (1, 3), (3, 1))","((0, 2), (2, 0), (2, 4), (3, 3), (4, 2))",candidate_count=0
172,arc-gen,fail,1,"(5, 5)","((0, 0), (0, 4), (4, 4))","((0, 2), (2, 0), (2, 4), (4, 0), (4, 2))",candidate_count=0
173,arc-gen,pass,3,"(5, 5)","((2, 0), (2, 4), (4, 2))","((0, 2),)",ok
174,arc-gen,pass,4,"(5, 5)","((0, 2), (2, 0), (4, 2))","((2, 4),)",ok
175,arc-gen,pass,1,"(5, 5)","((0, 4), (4, 0), (4, 4))","((0, 0),)",ok
176,arc-gen,fail,3,"(5, 5)","((0, 2), (2, 0), (2, 4))","((0, 0), (0, 4), (1, 1), (1, 3), (3, 1), (3, 3), (4, 0), (4, 2), (4, 4))",candidate_count=0
177,arc-gen,pass,1,"(5, 5)","((1, 1), (3, 1), (3, 3))","((1, 3),)",ok
178,arc-gen,fail,2,"(5, 5)","((1, 1), (1, 3), (3, 3))","((0, 2), (2, 0), (2, 4), (3, 1), (4, 2))",candidate_count=0
179,arc-gen,pass,1,"(5, 5)","((0, 2), (2, 4), (4, 2))","((2, 0),)",ok
180,arc-gen,fail,1,"(5, 5)","((0, 0), (4, 0), (4, 4))","((0, 2), (0, 4), (2, 0), (2, 4), (4, 2))",candidate_count=0
181,arc-gen,pass,8,"(5, 5)","((0, 0), (4, 0), (4, 4))","((0, 4),)",ok
182,arc-gen,pass,2,"(5, 5)","((1, 3), (3, 1), (3, 3))","((1, 1),)",ok
183,arc-gen,pass,2,"(5, 5)","((0, 2), (2, 0), (4, 2))","((2, 4),)",ok
184,arc-gen,pass,4,"(5, 5)","((1, 1), (1, 3), (3, 1))","((3, 3),)",ok
185,arc-gen,fail,8,"(5, 5)","((0, 0), (4, 0), (4, 4))","((0, 2), (0, 4), (2, 0), (2, 4), (4, 2))",candidate_count=0
186,arc-gen,pass,1,"(5, 5)","((0, 0), (4, 0), (4, 4))","((0, 4),)",ok
187,arc-gen,pass,1,"(5, 5)","((1, 1), (3, 1), (3, 3))","((1, 3),)",ok
188,arc-gen,pass,3,"(5, 5)","((0, 2), (2, 0), (4, 2))","((2, 4),)",ok
189,arc-gen,pass,3,"(5, 5)","((0, 2), (2, 0), (2, 4))","((2, 2), (4, 2))",ok
190,arc-gen,pass,3,"(5, 5)","((1, 1), (1, 3), (3, 1))","((2, 2), (3, 3))",ok
191,arc-gen,pass,3,"(5, 5)","((0, 2), (2, 0), (2, 4))","((4, 2),)",ok
192,arc-gen,pass,4,"(5, 5)","((1, 1), (1, 3), (3, 1))","((3, 3),)",ok
193,arc-gen,fail,2,"(5, 5)","((1, 1), (1, 3), (3, 1))","((0, 2), (2, 0), (2, 2), (2, 4), (3, 3), (4, 2))",candidate_count=0
194,arc-gen,fail,3,"(5, 5)","((0, 2), (2, 4), (4, 2))","((0, 0), (0, 4), (2, 0), (4, 0), (4, 4))",candidate_count=0
195,arc-gen,pass,8,"(5, 5)","((0, 2), (2, 0), (4, 2))","((2, 2), (2, 4))",ok
196,arc-gen,pass,8,"(5, 5)","((1, 1), (3, 1), (3, 3))","((1, 3),)",ok
197,arc-gen,fail,8,"(5, 5)","((0, 0), (0, 4), (4, 4))","((0, 2), (2, 0), (2, 4), (4, 0), (4, 2))",candidate_count=0
198,arc-gen,fail,1,"(5, 5)","((1, 1), (1, 3), (3, 3))","((0, 2), (2, 0), (2, 2), (2, 4), (3, 1), (4, 2))",candidate_count=0
199,arc-gen,pass,1,"(5, 5)","((0, 0), (0, 4), (4, 4))","((4, 0),)",ok
200,arc-gen,pass,3,"(5, 5)","((0, 2), (2, 0), (2, 4))","((2, 2), (4, 2))",ok
201,arc-gen,fail,1,"(5, 5)","((1, 1), (3, 1), (3, 3))","((0, 0), (0, 4), (1, 3), (4, 0), (4, 4))",candidate_count=0
202,arc-gen,pass,1,"(5, 5)","((0, 2), (2, 0), (4, 2))","((2, 4),)",ok
203,arc-gen,pass,1,"(5, 5)","((0, 0), (0, 4), (4, 0))","((2, 2), (4, 4))",ok
204,arc-gen,pass,2,"(5, 5)","((1, 1), (1, 3), (3, 3))","((3, 1),)",ok
205,arc-gen,pass,2,"(5, 5)","((0, 2), (2, 0), (2, 4))","((4, 2),)",ok
206,arc-gen,pass,3,"(5, 5)","((2, 0), (2, 4), (4, 2))","((0, 2), (2, 2))",ok
207,arc-gen,fail,8,"(5, 5)","((2, 0), (2, 4), (4, 2))","((0, 0), (0, 2), (0, 4), (4, 0), (4, 4))",candidate_count=0
208,arc-gen,pass,3,"(5, 5)","((1, 1), (1, 3), (3, 1))","((3, 3),)",ok
209,arc-gen,pass,3,"(5, 5)","((0, 0), (4, 0), (4, 4))","((0, 4),)",ok
210,arc-gen,fail,4,"(5, 5)","((0, 0), (4, 0), (4, 4))","((0, 2), (0, 4), (2, 0), (2, 4), (4, 2))",candidate_count=0
211,arc-gen,fail,4,"(5, 5)","((0, 0), (0, 4), (4, 4))","((0, 2), (1, 1), (1, 3), (2, 0), (2, 4), (3, 1), (3, 3), (4, 0), (4, 2))",candidate_count=0
212,arc-gen,pass,3,"(5, 5)","((1, 1), (1, 3), (3, 1))","((3, 3),)",ok
213,arc-gen,pass,8,"(5, 5)","((2, 0), (2, 4), (4, 2))","((0, 2),)",ok
214,arc-gen,pass,2,"(5, 5)","((0, 0), (4, 0), (4, 4))","((0, 4), (2, 2))",ok
215,arc-gen,pass,4,"(5, 5)","((0, 0), (0, 4), (4, 4))","((4, 0),)",ok
216,arc-gen,pass,2,"(5, 5)","((2, 0), (2, 4), (4, 2))","((0, 2),)",ok
217,arc-gen,pass,8,"(5, 5)","((0, 0), (4, 0), (4, 4))","((0, 4),)",ok
218,arc-gen,pass,8,"(5, 5)","((1, 3), (3, 1), (3, 3))","((1, 1),)",ok
219,arc-gen,fail,1,"(5, 5)","((0, 0), (0, 4), (4, 4))","((0, 2), (2, 0), (2, 4), (4, 0), (4, 2))",candidate_count=0
220,arc-gen,fail,3,"(5, 5)","((0, 2), (2, 0), (4, 2))","((0, 0), (0, 4), (2, 4), (4, 0), (4, 4))",candidate_count=0
221,arc-gen,pass,3,"(5, 5)","((0, 2), (2, 0), (4, 2))","((2, 2), (2, 4))",ok
222,arc-gen,pass,2,"(5, 5)","((0, 2), (2, 4), (4, 2))","((2, 0),)",ok
223,arc-gen,fail,4,"(5, 5)","((2, 0), (2, 4), (4, 2))","((0, 0), (0, 2), (0, 4), (1, 1), (1, 3), (3, 1), (3, 3), (4, 0), (4, 4))",candidate_count=0
224,arc-gen,fail,2,"(5, 5)","((1, 3), (3, 1), (3, 3))","((0, 2), (1, 1), (2, 0), (2, 4), (4, 2))",candidate_count=0
225,arc-gen,pass,2,"(5, 5)","((0, 0), (0, 4), (4, 0))","((4, 4),)",ok
226,arc-gen,pass,2,"(5, 5)","((0, 0), (0, 4), (4, 4))","((4, 0),)",ok
227,arc-gen,pass,4,"(5, 5)","((1, 1), (1, 3), (3, 1))","((3, 3),)",ok
228,arc-gen,pass,4,"(5, 5)","((0, 2), (2, 0), (4, 2))","((2, 4),)",ok
229,arc-gen,pass,2,"(5, 5)","((0, 2), (2, 0), (2, 4))","((4, 2),)",ok
230,arc-gen,fail,2,"(5, 5)","((0, 2), (2, 4), (4, 2))","((0, 0), (0, 4), (2, 0), (2, 2), (4, 0), (4, 4))",candidate_count=0
231,arc-gen,fail,1,"(5, 5)","((1, 1), (1, 3), (3, 3))","((0, 0), (0, 4), (3, 1), (4, 0), (4, 4))",candidate_count=0
232,arc-gen,pass,2,"(5, 5)","((0, 0), (0, 4), (4, 0))","((4, 4),)",ok
233,arc-gen,pass,3,"(5, 5)","((1, 1), (3, 1), (3, 3))","((1, 3),)",ok
234,arc-gen,pass,8,"(5, 5)","((0, 2), (2, 0), (2, 4))","((4, 2),)",ok
235,arc-gen,pass,3,"(5, 5)","((1, 1), (3, 1), (3, 3))","((1, 3),)",ok
236,arc-gen,pass,8,"(5, 5)","((0, 0), (4, 0), (4, 4))","((0, 4),)",ok
237,arc-gen,pass,4,"(5, 5)","((0, 2), (2, 4), (4, 2))","((2, 0),)",ok
238,arc-gen,fail,3,"(5, 5)","((0, 0), (4, 0), (4, 4))","((0, 4), (1, 1), (1, 3), (3, 1), (3, 3))",candidate_count=0
239,arc-gen,fail,4,"(5, 5)","((1, 1), (1, 3), (3, 3))","((0, 0), (0, 4), (3, 1), (4, 0), (4, 4))",candidate_count=0
240,arc-gen,pass,2,"(5, 5)","((1, 1), (1, 3), (3, 1))","((3, 3),)",ok
241,arc-gen,pass,3,"(5, 5)","((0, 2), (2, 0), (2, 4))","((4, 2),)",ok
242,arc-gen,pass,2,"(5, 5)","((2, 0), (2, 4), (4, 2))","((0, 2),)",ok
243,arc-gen,pass,4,"(5, 5)","((1, 1), (1, 3), (3, 3))","((3, 1),)",ok
244,arc-gen,pass,4,"(5, 5)","((0, 2), (2, 0), (2, 4))","((4, 2),)",ok
245,arc-gen,fail,8,"(5, 5)","((1, 3), (3, 1), (3, 3))","((0, 0), (0, 2), (0, 4), (1, 1), (2, 0), (2, 4), (4, 0), (4, 2), (4, 4))",candidate_count=0
246,arc-gen,pass,1,"(5, 5)","((1, 3), (3, 1), (3, 3))","((1, 1),)",ok
247,arc-gen,fail,4,"(5, 5)","((0, 0), (0, 4), (4, 0))","((0, 2), (2, 0), (2, 4), (4, 2), (4, 4))",candidate_count=0
248,arc-gen,pass,8,"(5, 5)","((0, 4), (4, 0), (4, 4))","((0, 0),)",ok
249,arc-gen,pass,8,"(5, 5)","((1, 1), (1, 3), (3, 1))","((2, 2), (3, 3))",ok
250,arc-gen,fail,4,"(5, 5)","((2, 0), (2, 4), (4, 2))","((0, 0), (0, 2), (0, 4), (2, 2), (4, 0), (4, 4))",candidate_count=0
251,arc-gen,fail,4,"(5, 5)","((2, 0), (2, 4), (4, 2))","((0, 2), (1, 1), (1, 3), (3, 1), (3, 3))",candidate_count=0
252,arc-gen,fail,1,"(5, 5)","((0, 2), (2, 0), (4, 2))","((1, 1), (1, 3), (2, 4), (3, 1), (3, 3))",candidate_count=0
253,arc-gen,pass,8,"(5, 5)","((0, 4), (4, 0), (4, 4))","((0, 0),)",ok
254,arc-gen,pass,4,"(5, 5)","((0, 2), (2, 0), (4, 2))","((2, 4),)",ok
255,arc-gen,pass,3,"(5, 5)","((1, 1), (1, 3), (3, 1))","((3, 3),)",ok
256,arc-gen,pass,2,"(5, 5)","((2, 0), (2, 4), (4, 2))","((0, 2),)",ok
257,arc-gen,fail,3,"(5, 5)","((1, 3), (3, 1), (3, 3))","((0, 0), (0, 4), (1, 1), (4, 0), (4, 4))",candidate_count=0
258,arc-gen,pass,3,"(5, 5)","((0, 0), (0, 4), (4, 0))","((4, 4),)",ok
259,arc-gen,fail,8,"(5, 5)","((1, 3), (3, 1), (3, 3))","((0, 2), (1, 1), (2, 0), (2, 4), (4, 2))",candidate_count=0
260,arc-gen,fail,1,"(5, 5)","((0, 0), (0, 4), (4, 0))","((0, 2), (1, 1), (1, 3), (2, 0), (2, 2), (2, 4), (3, 1), (3, 3), (4, 2), (4, 4))",candidate_count=0
261,arc-gen,fail,1,"(5, 5)","((0, 0), (0, 4), (4, 0))","((0, 2), (2, 0), (2, 2), (2, 4), (4, 2), (4, 4))",candidate_count=0
262,arc-gen,fail,8,"(5, 5)","((2, 0), (2, 4), (4, 2))","((0, 0), (0, 2), (0, 4), (4, 0), (4, 4))",candidate_count=0
263,arc-gen,fail,1,"(5, 5)","((0, 2), (2, 4), (4, 2))","((0, 0), (0, 4), (1, 1), (1, 3), (2, 0), (3, 1), (3, 3), (4, 0), (4, 4))",candidate_count=0
264,arc-gen,fail,3,"(5, 5)","((0, 0), (0, 4), (4, 4))","((0, 2), (2, 0), (2, 4), (4, 0), (4, 2))",candidate_count=0
265,arc-gen,pass,1,"(5, 5)","((0, 2), (2, 0), (2, 4))","((4, 2),)",ok
