task_id,template_name,sample20_cost,sample20_points,full_arc_ok,passed,failed,reason,sha256
187,greedy1_Gather_node66_to_input0,98113,13.506124845387319,False,263,1,mismatch example 263,044549eed7ba6dbb467682b4ea4e6e1fbb597e3bcc3474a34a27df41b2278555
187,greedy1_Gather_node67_to_input0,98113,13.506124845387319,False,263,1,mismatch example 263,42d1404d0d6af78746b93867b69d30c7b3e2c4a41decb6f60c7430dd19491f3b
255,greedy1_Reshape_node11_to_input0,68995,13.858210682814345,True,265,0,ok,ae78c42d44dc4e47fd1e9fe9d7c5b4e5590d4f704236161c8cbb460e91c6705a
255,greedy1_Reshape_node13_to_input0,68995,13.858210682814345,True,265,0,ok,709e8c514c53571960b850a471a36eb6bf1f1dc0781b964c8ee8f9e3f25f5dc9
255,greedy1_Reshape_node15_to_input0,68995,13.858210682814345,True,265,0,ok,83265653a695dfbe8690a8ba9e59185893d733251e0e7458262330e68604bbc7
255,greedy1_Reshape_node17_to_input0,68995,13.858210682814345,True,265,0,ok,c3d8aecfed1f25570f44613d6709c997a767ff787aa2280d16296e44a07eb25f
255,greedy1_Reshape_node19_to_input0,68995,13.858210682814345,True,265,0,ok,7c4d218c6ccf6122a2e1d59de348758ff7935b70922631ca61b3265256579690
255,greedy1_Reshape_node21_to_input0,68995,13.858210682814345,True,265,0,ok,9909467d8fc33a7f6d123a199b3aed4f921fd9ffbe82d28e90d1f33ebd2179f3
255,greedy1_Reshape_node23_to_input0,68995,13.858210682814345,True,265,0,ok,bdaf315bc1c8e19b1ca3ed9993eb0c7b47d817834623b44e33510f750d2a641a
255,greedy1_Reshape_node25_to_input0,68995,13.858210682814345,True,265,0,ok,f34d2512c076268330acdb2b78769cd1ed5436e3e2561e3c0f8aa85e39c44ec7
255,greedy1_Reshape_node27_to_input0,68995,13.858210682814345,True,265,0,ok,8a6c62d203bcf6c9d71a2c9c458b968661bddc478c34d9a109a2430ae5e65434
255,greedy1_Reshape_node29_to_input0,68995,13.858210682814345,True,265,0,ok,1fbd32e60bd7fb909eaef3450524e452387830116735a8221f9fadcfd501ef3c
255,greedy1_Reshape_node31_to_input0,68995,13.858210682814345,True,265,0,ok,0b427c736c7ed666bd8c8ccbd196ec3d8b8d87551fc5c01711808447adab66b1
255,greedy1_Reshape_node33_to_input0,68995,13.858210682814345,True,265,0,ok,df19e82816fc07b2a29c26b4b73257e07fcb6f2b5d393cbf2e15421a0d4ad332
255,greedy1_Reshape_node35_to_input0,68995,13.858210682814345,True,265,0,ok,fee4611a7acc08c7ba7fa836bffe8c689664ac5c52e1a69a68330bedbc0bb193
255,greedy1_Reshape_node37_to_input0,68995,13.858210682814345,True,265,0,ok,b1c56238902148f4959ae7fa9023007a124b503d4e6305bb1e60f4915303d771
255,greedy1_Reshape_node39_to_input0,68995,13.858210682814345,True,265,0,ok,0a156f11c022c1c87a5be2834b30bd5c42625febc4117332f35227c2db713ba4
255,greedy1_Reshape_node41_to_input0,68995,13.858210682814345,True,265,0,ok,9907dc5b82c415492a5ebc1dd4f30f3db30b6380ea7ee8aeb9dfe700391c0cf8
255,greedy1_Reshape_node43_to_input0,68995,13.858210682814345,True,265,0,ok,1074b1b16a250416a38dc82ae8f179906587092071e1f619cc897c028449765a
255,greedy1_Reshape_node45_to_input0,68995,13.858210682814345,True,265,0,ok,336d56de17dfb1417dba730bd8c56296600f3d8c85f451e263a09b4a4226fd51
255,greedy1_Reshape_node47_to_input0,68995,13.858210682814345,True,265,0,ok,c77a8c0d9ac956ccdbc242712fe60eccecd36e5b88f8968e3fc5367e9bc5b0e5
255,greedy1_Reshape_node49_to_input0,68995,13.858210682814345,True,265,0,ok,60094d816729a20d299ae2d0f1fc41132bc1d5290812f1532f8c09baaeb00e63
255,greedy2_Reshape_node12_to_input0,68991,13.858268659710568,True,265,0,ok,2bc3463f93057d692a1f8877803f2254fb88c8e1a057a31965fd86473c35bc2b
255,greedy2_Reshape_node14_to_input0,68991,13.858268659710568,True,265,0,ok,5d316b1cdc36f210bb94c7717e3707931942786dd3f9844f4a822bc3863141d9
255,greedy2_Reshape_node16_to_input0,68991,13.858268659710568,True,265,0,ok,7649a0e6bc5e9f598587c298a0b2ff4b3c58f0b27dedb4055806df4584ac6096
255,greedy2_Reshape_node18_to_input0,68991,13.858268659710568,True,265,0,ok,700c1390cbc56e4146743aed9e3f7381a28c61ef71751867cf90ebab28f2df67
255,greedy2_Reshape_node20_to_input0,68991,13.858268659710568,True,265,0,ok,7dae80708e80417a20ec3745ac805ef1379ace89824000d734a6de702ff12fb2
255,greedy2_Reshape_node22_to_input0,68991,13.858268659710568,True,265,0,ok,7a998eadd47fb5432e54f50cd620110aa97d41d3950b95a14cff0e79b2a74df0
255,greedy2_Reshape_node24_to_input0,68991,13.858268659710568,True,265,0,ok,512f9320ae55b7c12544e4d22e1e67bec327c2dddcbd57d186bc035ad5053d12
255,greedy2_Reshape_node26_to_input0,68991,13.858268659710568,True,265,0,ok,0bb9595c510f07900b58879aeba4f68c0a469a5410dc29047722c509c78cff72
255,greedy2_Reshape_node28_to_input0,68991,13.858268659710568,True,265,0,ok,b2a3ac81d5e064f17bde33c1afa222c04a27930f8e1d7c2d398fa8956d330dc7
255,greedy2_Reshape_node30_to_input0,68991,13.858268659710568,True,265,0,ok,de1e0e8d94e48c7a715a6691eca91bd9783ab75efaa9dc5b5729df4ed8a42c46
255,greedy2_Reshape_node32_to_input0,68991,13.858268659710568,True,265,0,ok,b268cf46aaf94aad8cf3f7912ff3c19ab178729a63d3e3e8c7a312f15ec50071
255,greedy2_Reshape_node34_to_input0,68991,13.858268659710568,True,265,0,ok,1d5d5b2dc7571a13bccf7288c195a0798893e430a7459349c97b61fddbdbd41c
255,greedy2_Reshape_node36_to_input0,68991,13.858268659710568,True,265,0,ok,49c2bed72f5b096cb81885c18cc294533d867bc6cfc1548fb238678062afc29c
255,greedy2_Reshape_node38_to_input0,68991,13.858268659710568,True,265,0,ok,698a41921de6aa0bd398855e017bc066966740280ef36163362aa5bea82c8cb8
255,greedy2_Reshape_node40_to_input0,68991,13.858268659710568,True,265,0,ok,ae6857922d47e551550682912122572abcac1479e1bf408ccb349006bffe4380
255,greedy2_Reshape_node42_to_input0,68991,13.858268659710568,True,265,0,ok,a3045da96bfd4a8feab93822353c2eca3a392ae4727a14a0fc84fd569fe78f93
255,greedy2_Reshape_node44_to_input0,68991,13.858268659710568,True,265,0,ok,2f1cbcadd97853738e7a897a564ad450c49a16c2aa044fb674523cf1910f6b65
255,greedy2_Reshape_node46_to_input0,68991,13.858268659710568,True,265,0,ok,6414d23b339b90907d6a16114327b678cf4e7a661a7a6078615900dac6f4e379
255,greedy2_Reshape_node48_to_input0,68991,13.858268659710568,True,265,0,ok,87a413780977ad88109c885e8d3f2945d81d561c959d545500dc9a1fa5509c39
255,greedy3_Reshape_node13_to_input0,68987,13.858326639968308,True,265,0,ok,2fefc9e8f554dc08cb6c642e177004114c4963fba743c6869d0ee9266624c043
255,greedy3_Reshape_node15_to_input0,68987,13.858326639968308,True,265,0,ok,59adea05d37bbc858381e5630cfd6d73061feaa7a7d3b31b3f350641676097a8
255,greedy3_Reshape_node17_to_input0,68987,13.858326639968308,True,265,0,ok,70b932a69207e40ba5ac04e8a977171d8ab0a0fba034a934974e1c797ebb3afc
255,greedy3_Reshape_node19_to_input0,68987,13.858326639968308,True,265,0,ok,11bee5e9d2675acdc4c7d2ed34d5afc59d18769ed7797d31109f80ca62990d9b
255,greedy3_Reshape_node21_to_input0,68987,13.858326639968308,True,265,0,ok,f627b53a1196b6161f2a0484779ed9cddc98fd12dd663e79828966f2f5f0e07e
255,greedy3_Reshape_node23_to_input0,68987,13.858326639968308,True,265,0,ok,970f3a090b13efae43f1878838ff28255fbfae7dcf18d0b75c0c0cf1a3975ea0
255,greedy3_Reshape_node25_to_input0,68987,13.858326639968308,True,265,0,ok,96321133402d2c814d94fc9d1aaf27d5ed1d4009fad770a124a6ccd6c0a533d8
255,greedy3_Reshape_node27_to_input0,68987,13.858326639968308,True,265,0,ok,a37639b4a87dc27d24835e5fac14ab2a8ff629cc59178ee82231f8d4c1590df0
255,greedy3_Reshape_node29_to_input0,68987,13.858326639968308,True,265,0,ok,a0c3268b0c5917805dbdec48ec1505b7991dcd3de6ace76978754e3e4fba31da
255,greedy3_Reshape_node31_to_input0,68987,13.858326639968308,True,265,0,ok,ce3695f30b99dbef901ed3fb5b512ab1dc9b6a611400c31d129b5cb6d68acb09
255,greedy3_Reshape_node33_to_input0,68987,13.858326639968308,True,265,0,ok,51cc189e93783dd78b0c8a5b5d695206f83f59228f4f3041ab3ec17446d0f3d5
255,greedy3_Reshape_node35_to_input0,68987,13.858326639968308,True,265,0,ok,a6f0228df30945c2f688b82128adfb67bbce0d524fbfafbb1840af9ef582476b
255,greedy3_Reshape_node37_to_input0,68987,13.858326639968308,True,265,0,ok,34d410bb1d20f43bd055665406cc61b87ef732f6efb680392d163c8c60e54715
255,greedy3_Reshape_node39_to_input0,68987,13.858326639968308,True,265,0,ok,c75bdbc09f0e1d531a04c215b41ab5048561094b70cd925c4f6dc087e6a4f25b
255,greedy3_Reshape_node41_to_input0,68987,13.858326639968308,True,265,0,ok,244f5071359d331d6d841f41e23cba46a614533a6826c2807799c723f30b4e57
255,greedy3_Reshape_node43_to_input0,68987,13.858326639968308,True,265,0,ok,97fab465211745479e02efec71c6cbaeeaa450638876a39a88d9b43c115696ed
255,greedy3_Reshape_node45_to_input0,68987,13.858326639968308,True,265,0,ok,da3eb474fffd8ecac70f273b3644d958ba36f2d48ae0c8abb03f122fa7748560
255,greedy3_Reshape_node47_to_input0,68987,13.858326639968308,True,265,0,ok,79abac274d1fc1c4b5b74e8de4555cd4ae34a2af66977416c2cb8abfd9ea7544
145,greedy1_Mul_node49_to_input1,67897,13.874252870050796,False,30,1,mismatch example 30,cbd553ac24c05cb8c685e12dffdc6e0ed89314fbffc3f4fa2f247ba3ffc19619
145,greedy1_Mul_node55_to_input1,67897,13.874252870050796,False,30,1,mismatch example 30,44ee0ec106b90174334ddb68129d66b6a354e11cfe33ff457971d812ecd11a78
145,greedy1_Mul_node61_to_input1,67897,13.874252870050796,True,267,0,ok,1a38639a93b392db5851a496560a2b7403fe716b2b01b4e774344fa166aa36cb
145,greedy1_Mul_node64_to_input0,67897,13.874252870050796,True,267,0,ok,ecf7b1275ce1b2144b8efeb75788274ea8a800bc625aa64ad168c35a9b5278d9
145,greedy1_Mul_node64_to_input1,67897,13.874252870050796,True,267,0,ok,0f0e996cdc326bc298139c47322cd52884dd3b02685b7ec7001e1c2b9059eadb
145,greedy1_Mul_node67_to_input0,67897,13.874252870050796,True,267,0,ok,406d86075408d4589592d4904fd6a55035d8ae4627d262dd3f8cd3f116c52a29
145,greedy1_Mul_node67_to_input1,67897,13.874252870050796,True,267,0,ok,2dba6c2a58d8830ad63153b36593af0d278f2a5e25b3fbbbc2fff4a7d96a7dd8
145,greedy1_Mul_node70_to_input0,67897,13.874252870050796,True,267,0,ok,78f45afb23d67207e31d0f9ed47a91285440edc325aadfa523fea5a19421e5ee
145,greedy1_Mul_node70_to_input1,67897,13.874252870050796,True,267,0,ok,7df5fa428b3c024f662c6df62ede081372eebf65f061e69bacf351a1c9e138ad
145,greedy1_Mul_node73_to_input0,67897,13.874252870050796,True,267,0,ok,21bf77b41ac31f0c3197ae76fd8f212ad990bccfc782069af287ff54fd54e71e
145,greedy1_Mul_node73_to_input1,67897,13.874252870050796,True,267,0,ok,8b6740f145e975b8abff8e5cde3cc68eec9e38103d72f961f95b95bfbd9f8190
145,greedy1_Mul_node76_to_input0,67897,13.874252870050796,True,267,0,ok,2888ad0f2f56331e6b6fae8fa06d56badc8fce56d9e8f1d95855de0ce096cb12
145,greedy1_Mul_node76_to_input1,67897,13.874252870050796,True,267,0,ok,4fe08c11e2feca35975a8ceb4580f23f5d51dc554c999e3196dae027d45e6187
145,greedy1_Mul_node79_to_input0,67897,13.874252870050796,True,267,0,ok,670d3c276c4e9f504fe562f62d96a963409eb5b6fe191b2bbdc5e2b81f42dcd9
145,greedy1_Mul_node79_to_input1,67897,13.874252870050796,True,267,0,ok,85ac0028176a085bd5cc7da51355bea1c928d3b4bae04e79b6c006a798682a28
145,greedy1_Mul_node82_to_input0,67897,13.874252870050796,True,267,0,ok,bb1c095e17f427b469bb58befa17f95c115197207a206585cbd1b95a456b618f
145,greedy1_Mul_node82_to_input1,67897,13.874252870050796,True,267,0,ok,9e342c46876fc368b42d3ac69165a30cd256af06b384b716a6ea34502aea8f04
145,greedy1_Mul_node85_to_input0,67897,13.874252870050796,True,267,0,ok,4df375f45ee279bd2bf6cc889b7dee6a1e633c847c61ed5de27265fddae76387
145,greedy1_Mul_node85_to_input1,67897,13.874252870050796,True,267,0,ok,ba3e1b7a30537bc739c1244b227e8f2b4ff7818aef20c53fc092afe90082618b
145,greedy1_Mul_node88_to_input0,67897,13.874252870050796,True,267,0,ok,4c3683dbe810c59ae47069defc0c5d4ff338ffda0f655ec4a39537ba13313c5f
145,greedy1_Mul_node88_to_input1,67897,13.874252870050796,True,267,0,ok,47edd360b8246c8fc8e29c3da17bd23ad676b9f4f5652d4ef590c24808880b84
145,greedy1_Mul_node91_to_input0,67897,13.874252870050796,True,267,0,ok,16c56165246420ebb4f97c389b79abc68be11badd95b06f7421646ab863e9b4a
145,greedy1_Mul_node91_to_input1,67897,13.874252870050796,True,267,0,ok,bbca7b8f3a3dd3cefef76e4684a966acf79a564592a0b7e5417c533ff09ec597
145,greedy1_Mul_node94_to_input0,67897,13.874252870050796,True,267,0,ok,d2fd423cdfa5cae1298c07800d4820276a95bc295ba7615866c44b085fb8a4c8
145,greedy1_Mul_node94_to_input1,67897,13.874252870050796,True,267,0,ok,e4514a8367a11f43aa47fe23f95cab2ad6ac83555038276c7503f82c89a4b15e
145,greedy1_Mul_node96_to_input0,67897,13.874252870050796,True,267,0,ok,e47e14801926cb3227204dfb7019c1a480007b35ad881df0d4a6993887ad62a2
145,greedy1_Mul_node96_to_input1,67897,13.874252870050796,True,267,0,ok,a1c8aa53df8f00c160359fe12b83e45c6e62a50c8334998b30d20fd479e782f8
145,greedy1_Mul_node98_to_input0,67897,13.874252870050796,True,267,0,ok,b2246eb572d562a022b943aa8eccf2ff217473a3f95d9c84192adff90b662c49
145,greedy1_Mul_node98_to_input1,67897,13.874252870050796,True,267,0,ok,b29517ea3b8eccf892e4891bba6cfc4d14b3be3dddc0d1f8f31d2075787d519a
145,greedy1_Mul_node100_to_input0,67897,13.874252870050796,True,267,0,ok,eb93f55f841384e05495711b701a417fa5ade39d0a3763a8afd5fcdc77952e0c
145,greedy1_Mul_node100_to_input1,67897,13.874252870050796,True,267,0,ok,23caed859b67c841ab9cc18acca094f4bcb49ffd0a75d549344211d6560b692f
145,greedy1_Mul_node102_to_input0,67897,13.874252870050796,True,267,0,ok,f117e9fe203b82198e5acfbe83ee1b3a896087f0cdecb80e7bb32668b3657909
145,greedy1_Mul_node102_to_input1,67897,13.874252870050796,True,267,0,ok,ac3ebcd083112cbe3b353ce6f267401f711f65a197dbf21355127692276408de
145,greedy1_Mul_node104_to_input0,67897,13.874252870050796,True,267,0,ok,032fd39367a8d269e778172c8682b75d52bc67324c4d526ffd90316b78ee93fe
145,greedy1_Mul_node104_to_input1,67897,13.874252870050796,True,267,0,ok,a3fa0f3eb23147aa16e2074b4d41b4718aad160a3b85f829b598b4427730b9e2
145,greedy1_Mul_node106_to_input0,67897,13.874252870050796,True,267,0,ok,51096bc0bbbeadab9210526d9bf31c8ac8e9b2c09e90215b5e883e58e07b8567
145,greedy1_Mul_node106_to_input1,67897,13.874252870050796,True,267,0,ok,ff2530e8e33bc416cbd76636f5ded975d06972c6913bcea6f06cc423bd207a49
145,greedy1_Mul_node108_to_input0,67897,13.874252870050796,True,267,0,ok,8883ae1aa2441d7e5a3f14e1996f007ed818622b48ca1a9114dc6e0a037230e5
145,greedy1_Mul_node108_to_input1,67897,13.874252870050796,True,267,0,ok,4d1c0ca22de37d9c3dabb0274a2daf6500f77a2c8b71ae73d3fa3584c88597ad
145,greedy1_Mul_node110_to_input0,67897,13.874252870050796,True,267,0,ok,39390c5a8dd41e0c2eeec863cfc679043c43b6e7c7996f63cb70a21e58a1075e
145,greedy1_Mul_node112_to_input0,67897,13.874252870050796,True,267,0,ok,753c3b255fd615e7be9ec01730b0b558c0c86ab879bf1088e3b773035d0d2951
145,greedy1_Mul_node112_to_input1,67897,13.874252870050796,False,30,1,mismatch example 30,1b265b5e28e30147dda30633d0619dc4ed49a4ea777c8bf05d9d89aef3bfad6a
145,greedy1_Mul_node114_to_input1,67897,13.874252870050796,False,29,1,mismatch example 29,445db1e52b146191b5acd52e0a4e36a8cc567fbb555b3e1d86130c439647eb3d
145,greedy1_Mul_node116_to_input1,67897,13.874252870050796,False,30,1,mismatch example 30,f49a3333a733586a4059e9b9297c450696cb96e5d8f03f1490157159ad1dc19f
145,greedy1_Mul_node120_to_input1,67897,13.874252870050796,False,37,1,mismatch example 37,582c7f098ef03264507f83bb5f363d1320000a204f01091e9ce1a2232bf55617
145,greedy1_Mul_node150_to_input1,67897,13.874252870050796,True,267,0,ok,6b2fa1100a52dd500d9d9f2d40430d2a6fa482bb95f487184b8b1c90ecacadfc
145,greedy1_Mul_node188_to_input1,67897,13.874252870050796,False,63,1,mismatch example 63,c50510b75f30c57fd5a791b217235d5e1d7102293b9fe3cbe73275c30aafebff
145,greedy1_Mul_node209_to_input1,67897,13.874252870050796,True,267,0,ok,d833189d261224349221fa9301425156e0e052ac462be4b7b47b45ce1d96cce2
145,greedy1_Mul_node212_to_input0,67897,13.874252870050796,True,267,0,ok,b472b430f7fa3cce202ca1c6b4f768d9a00d8dcc56abed0ce128f8126c92a594
145,greedy1_Mul_node212_to_input1,67897,13.874252870050796,True,267,0,ok,8b764aaed3bae8d37fde5e9b853dd0ddc79809686c31cc68c667660a6a88fc4f
145,greedy1_Mul_node215_to_input0,67897,13.874252870050796,True,267,0,ok,fb3908e53e56b718d7d99004c111146a13507fff744c0b49b11e7f05bb63c6f9
145,greedy1_Mul_node215_to_input1,67897,13.874252870050796,True,267,0,ok,76a3b7344d4618fcfb6ddca72d01a02cf0ba20b7be14c9c5af769b9088ff1092
145,greedy1_Mul_node218_to_input0,67897,13.874252870050796,True,267,0,ok,ec19a85f09c671cb5a9413db61b1a98ac49b3654dc4a2bd40058197ac6146292
145,greedy1_Mul_node218_to_input1,67897,13.874252870050796,True,267,0,ok,b13f5adf2cc8b67939ba8a0472e1c62583b9afe952bcc74727210cad85846c19
145,greedy1_Mul_node221_to_input0,67897,13.874252870050796,True,267,0,ok,c09a25a86936002e0326c9cbf977e7dd6cc0410eaff075c303aae1b518aca2a2
145,greedy1_Mul_node221_to_input1,67897,13.874252870050796,True,267,0,ok,05441a51c5b08e65f8b0cb4cfe41a78dbaab66c000dcf2e02d7abe48cae35465
145,greedy1_Mul_node224_to_input0,67897,13.874252870050796,True,267,0,ok,647d5221642c4271a87114a9357155dff2bc28003e07f35f78af14d970c14a79
145,greedy1_Mul_node224_to_input1,67897,13.874252870050796,True,267,0,ok,fcf129083a9af858295497e628d5b309e18aa85f2397d412639b8066c8a1ec3e
145,greedy1_Mul_node227_to_input0,67897,13.874252870050796,True,267,0,ok,d6962e76c2b8eb1830c4d192511e5456033d7c1f7c2912fbfcb4118db641f99b
145,greedy1_Mul_node227_to_input1,67897,13.874252870050796,True,267,0,ok,0a1bdb104bee1e9acceebd60ba9d8c5236b767feaf57d6e5082f6b605d432f4e
145,greedy1_Mul_node230_to_input0,67897,13.874252870050796,True,267,0,ok,9ec34a6311d5e39ba06c6a76475dff5451bd09b2af60699af58ed6f40b76e8ec
145,greedy1_Mul_node230_to_input1,67897,13.874252870050796,True,267,0,ok,c670d935c4e4b1de148920e845018a08ba2ad11dcaceef944e84f1886417c0d1
145,greedy1_Mul_node233_to_input0,67897,13.874252870050796,True,267,0,ok,6721e9390f090af6b8296087ecd1cc57c2e6f82c4aa5e32b51cc385607327ced
145,greedy1_Mul_node233_to_input1,67897,13.874252870050796,True,267,0,ok,f25dcdce5986b38283238fb506a23d9d6482c811c6a72307fc4a68d3b0a9fb3f
145,greedy1_Mul_node236_to_input0,67897,13.874252870050796,True,267,0,ok,f7abed528a16632cf59a55a509fe9ffe913664501c99832e15d3beb68e0db862
145,greedy1_Mul_node236_to_input1,67897,13.874252870050796,True,267,0,ok,770d518eb9145ea4177fed3349f055afd60ac8d84e56e52d4e8cc3fb772e287a
145,greedy1_Mul_node239_to_input0,67897,13.874252870050796,True,267,0,ok,c16285c94d6aef71389f27c4fb6edb674a2b6e9f947494734e3160e8ca657810
145,greedy1_Mul_node239_to_input1,67897,13.874252870050796,True,267,0,ok,ee1dd0b051a9ab1c2b9909b676577b272aca2bd1490879702999920c8dfe7ab7
145,greedy1_Mul_node242_to_input0,67897,13.874252870050796,True,267,0,ok,c8e818ca0e79cae1d2c0bd72d3bb63215c1f662eaa041e0fb8db8efaa81fc960
145,greedy1_Mul_node242_to_input1,67897,13.874252870050796,True,267,0,ok,8dce8f4477ad2f230d04706c124ed93d505e1a34f44fcff4e6933592f0f062d2
145,greedy1_Mul_node244_to_input0,67897,13.874252870050796,True,267,0,ok,a7a99df1fcd93e781d9c0d7e812361085e65e990daab954f68b4b80cd4175191
145,greedy1_Mul_node244_to_input1,67897,13.874252870050796,True,267,0,ok,bc848082dc902bcbad82dd8785ff89828b8220801afc86c2738e4cbde36cf5d8
145,greedy1_Mul_node246_to_input0,67897,13.874252870050796,True,267,0,ok,1d38d30b6fda337e4a1f96d3ac7b18bb27f3270b4dd35e243556d1f3b8eb260b
145,greedy1_Mul_node246_to_input1,67897,13.874252870050796,True,267,0,ok,7c9c886dfc2549fdcbd417feeb23de0edb877be347e94a2a82ac8b1ac7f39d0b
145,greedy1_Mul_node248_to_input0,67897,13.874252870050796,True,267,0,ok,f80e2b58993a7e05a6dc3fa983e422ff0b6eb15fc3e6669874e47f424f9cb14e
145,greedy1_Mul_node248_to_input1,67897,13.874252870050796,True,267,0,ok,c8194dae458ebfabf7cd1975bc0996ca7085a92adf3914ae33da9c47a5315ee1
145,greedy1_Mul_node250_to_input0,67897,13.874252870050796,True,267,0,ok,418225953c472007692b6ea667ea48a6ba2b2904e474c0aa258fabcb62f18593
145,greedy1_Mul_node250_to_input1,67897,13.874252870050796,True,267,0,ok,4a8c390d1a70d1ccaf7771a0192dfb2ccb385897a9f328614a82c3aaf382b986
145,greedy1_Mul_node252_to_input0,67897,13.874252870050796,True,267,0,ok,ce82f5d115bed0bee2b8f82ee0f71e81d77f50bb67050d8345c3148748f10305
145,greedy1_Mul_node252_to_input1,67897,13.874252870050796,True,267,0,ok,6b97b8873de961b1899b9832806027ff970e9b2bfda28ced0b887379a66c68f5
145,greedy1_Mul_node254_to_input0,67897,13.874252870050796,True,267,0,ok,969a38da0688aa871496db4b3cea0deae53d8bc7cac52a651ecd79c2b25150e8
145,greedy1_Mul_node254_to_input1,67897,13.874252870050796,True,267,0,ok,6145faba59050b0236124a17066b6968eba8571076596933e9c69753a2575577
145,greedy1_Mul_node256_to_input0,67897,13.874252870050796,True,267,0,ok,496bc31b315d102f4681a4bffbc74022446dc0a063a3b43ee2a6fa40e0be568c
145,greedy1_Mul_node256_to_input1,67897,13.874252870050796,True,267,0,ok,ec6a933e30af2012e76f70d9ef2fc8d3fa47bb3c2b24455833a600650c17d29d
145,greedy1_Mul_node258_to_input0,67897,13.874252870050796,True,267,0,ok,bb903e9d6d76326a8e1b4679925cf521c8d50e962014a0133d7087ffab073f49
145,greedy1_Mul_node258_to_input1,67897,13.874252870050796,False,63,1,mismatch example 63,03cbfd3d7a787cfd0586c3f495bc8487579090b5ed64605e8a27eb9a91df30b8
145,greedy1_Mul_node260_to_input0,67897,13.874252870050796,True,267,0,ok,b89a4ac6e24199ee8c8b35b6638c713e7b412a9f8eb2be03b50aba4f45dc9219
145,greedy1_Mul_node262_to_input0,67897,13.874252870050796,False,63,1,mismatch example 63,f385bb6206e84cbb3b30f39dd99d0190d17bb6f40981b1c4f7e174fdcc0eb562
145,greedy1_Mul_node262_to_input1,67897,13.874252870050796,False,34,1,mismatch example 34,472b10e2448b47f99f987e1bc39e9bc8a47bd32359eae7ea6d75375402285e44
145,greedy1_Mul_node270_to_input1,67897,13.874252870050796,False,34,1,mismatch example 34,e1d296ecc0628a1cfdfbb1a073e7790f80626857a6ff8bd2cf6e7554f9f8319f
145,greedy1_Mul_node274_to_input1,67897,13.874252870050796,False,74,1,mismatch example 74,e72f57e210b1c35e5c020cdab1b3ecdf0cee5e1eff89de140a430115017573ef
145,greedy1_Mul_node298_to_input1,67897,13.874252870050796,True,267,0,ok,cd1987177d4cc69800db0adcc3110d085d468bbd72d0c17d83e292886b0c7266
145,greedy1_Mul_node316_to_input1,66157,13.900214015949631,True,267,0,ok,6488ba9cc58b3e0149c75b38452b3462a2f0c35d73516d24ec77b8c94ccbc098
145,greedy1_Mul_node319_to_input1,66157,13.900214015949631,True,267,0,ok,af7182a3e723c0f3a423bbff671eba176157cbf11fd46b0ebbe87668c0b6ac4a
145,greedy2_Mul_node49_to_input1,66097,13.901121360969311,False,30,1,mismatch example 30,6518683594e986c21c26ce6a25216fcbdcbc323b9bd3d396036bf0b01338360e
145,greedy2_Mul_node55_to_input1,66097,13.901121360969311,False,30,1,mismatch example 30,e7170678bb28b7d98ea2ee289173d66f922ddfa55c20f9fc68fb4d8760156f89
145,greedy2_Mul_node61_to_input1,66097,13.901121360969311,True,267,0,ok,7817d156f2fefec598c4ef4cd469096dc39b2cb20601f5e9f32452f966111dde
145,greedy2_Mul_node64_to_input0,66097,13.901121360969311,True,267,0,ok,86e58cf21ed71194abf4fadbca78d5a651cd6d46a167caeb065836c5d07ff0af
145,greedy2_Mul_node64_to_input1,66097,13.901121360969311,True,267,0,ok,315341bd27d45b3ae9a7cc9d423fd840cd90403d475b4519af3a11e6c5173ce4
145,greedy2_Mul_node67_to_input0,66097,13.901121360969311,True,267,0,ok,6258b34cf78ae4404bbbe39842f1350b096cea699fb8dab227ab74b8d372c586
145,greedy2_Mul_node67_to_input1,66097,13.901121360969311,True,267,0,ok,fdb29887f9c460a2ca7ac6a3e132fc877b0e5f16af3a4af1ba8fc33514989868
145,greedy2_Mul_node70_to_input0,66097,13.901121360969311,True,267,0,ok,48dac2eb9149933777c4c8ced3c1d0bb71b1a7c7f91d3faf2e4ebe3688993d9a
145,greedy2_Mul_node70_to_input1,66097,13.901121360969311,True,267,0,ok,7c90ebca062345029b26e5e4314cd1fb93bec5bf549e0f1c5aa6ac688c22e308
145,greedy2_Mul_node73_to_input0,66097,13.901121360969311,True,267,0,ok,3578e15f8c66eeb969fe006b9dbe0816f5481529594901c8d47a9ccbc76a4461
145,greedy2_Mul_node73_to_input1,66097,13.901121360969311,True,267,0,ok,25caebe836a5385e1c12d147032164ba7425cd65c5609bf46c9f3e348ead2345
145,greedy2_Mul_node76_to_input0,66097,13.901121360969311,True,267,0,ok,d3a026cba9c06471bc4e1ca8d49807374a3acd67f7fd4715186727df47ae11d3
145,greedy2_Mul_node76_to_input1,66097,13.901121360969311,True,267,0,ok,50b95a734e19bd523dd3be37b2ce02833eb9e9fc312e8eed93c105efabb59b83
145,greedy2_Mul_node79_to_input0,66097,13.901121360969311,True,267,0,ok,5e427435e60a0b261c99b955637b078b5dcb2debe7b08bbef8c2c5e2a07e6494
145,greedy2_Mul_node79_to_input1,66097,13.901121360969311,True,267,0,ok,56d5dd5255c2a4fa4d8a525c250bdde9f25b5cf7bd2c81f9e229464ea1888921
145,greedy2_Mul_node82_to_input0,66097,13.901121360969311,True,267,0,ok,5c5370a732eb54bec6f5f0e307bbd60ad61f8cdc996e743cc620f4aedce650fe
145,greedy2_Mul_node82_to_input1,66097,13.901121360969311,True,267,0,ok,c83291cce768711d0f616750bb6e05318a11914e8e0e4c7949b6818f7e0f93c8
145,greedy2_Mul_node85_to_input0,66097,13.901121360969311,True,267,0,ok,f290f375bd809e577e0dc432c04b54199c91e1484e452d6eb8cf65fff94130af
145,greedy2_Mul_node85_to_input1,66097,13.901121360969311,True,267,0,ok,70f1fb7b5e82ba3f053ad80248aebe517500935f9e45ab98af72f173e7503771
145,greedy2_Mul_node88_to_input0,66097,13.901121360969311,True,267,0,ok,1f8dcf0583b28c184fd97ffc12164a43fac15ec3c6a8ae4067ddf3e7e3ec6319
145,greedy2_Mul_node88_to_input1,66097,13.901121360969311,True,267,0,ok,ffda39f390e676555991ea2fdafc0a3bfcfb97b263db391b222717821da89231
145,greedy2_Mul_node91_to_input0,66097,13.901121360969311,True,267,0,ok,fe6a407c8dda359e3f121787bee0a7f86ad86cdde5db5c7bccc3f3f479b528ac
145,greedy2_Mul_node91_to_input1,66097,13.901121360969311,True,267,0,ok,5a7bf22a7d453dd6eb03120386df2343a124d5eed4995516980e00ffa300c2e8
145,greedy2_Mul_node94_to_input0,66097,13.901121360969311,True,267,0,ok,f8edc9ab42b6d59dd05f8ca53b3093f1d6da8fff83f6c9f23bc511ace09e6852
145,greedy2_Mul_node94_to_input1,66097,13.901121360969311,True,267,0,ok,c532d04c5c421a760393d2803de999fbe239f7a970cce4ce9a081c9545141036
145,greedy2_Mul_node96_to_input0,66097,13.901121360969311,True,267,0,ok,c8ffe321454e6d68366f589198ce7992522fa340fc4f7d66662a94271b093aa5
145,greedy2_Mul_node96_to_input1,66097,13.901121360969311,True,267,0,ok,58dd23099d490b3cf5b0850649d353c2fa8205142bfb100bee4702be5d00f373
145,greedy2_Mul_node98_to_input0,66097,13.901121360969311,True,267,0,ok,2288b2a3744a907385e9c758686442c0f9a8eb66d4b67572e3c126889449d909
145,greedy2_Mul_node98_to_input1,66097,13.901121360969311,True,267,0,ok,34f96b90fc898c2beba04969303a488aa219ab7854ef700e99703dcdeb388e4d
145,greedy2_Mul_node100_to_input0,66097,13.901121360969311,True,267,0,ok,438e0370d3a61c95698294f9faba5b300c7e41c8a81c9b087efd62e8bc1b3380
145,greedy2_Mul_node100_to_input1,66097,13.901121360969311,True,267,0,ok,5af9350458ad7a38efac81d1a15e9cc49e52cb8527b6c96a711f1c8d75d4c174
145,greedy2_Mul_node102_to_input0,66097,13.901121360969311,True,267,0,ok,052354ef369b45623b9cc82e263a092ab768822d3c49bab0f425ff31e36ecc09
145,greedy2_Mul_node102_to_input1,66097,13.901121360969311,True,267,0,ok,aec7ddcc494e0b57efc944d14fdba552229a02058212f36d1ba163dbbece7081
145,greedy2_Mul_node104_to_input0,66097,13.901121360969311,True,267,0,ok,113fb5e70eb731342ae1c047ea181221e7b6cc957e7367d9797e681043a318f6
145,greedy2_Mul_node104_to_input1,66097,13.901121360969311,True,267,0,ok,a0185749ca467093795c602b33ff0cf6d35b896674ef0ae4c6d5bc35ca72e644
145,greedy2_Mul_node106_to_input0,66097,13.901121360969311,True,267,0,ok,965a67f7f3c91cd93b41fb532caebcc23ae007c21669819669ba7fc67c2ec91c
145,greedy2_Mul_node106_to_input1,66097,13.901121360969311,True,267,0,ok,e9b635ec25ca03a5378d5e67e348ccec229df831e1c3f004e513d516b8c9b5b5
145,greedy2_Mul_node108_to_input0,66097,13.901121360969311,True,267,0,ok,755218013a006d3a4d730fcd81880c157c502ade7b4f7ad8a3c4de06747d44b1
145,greedy2_Mul_node108_to_input1,66097,13.901121360969311,True,267,0,ok,2a722ae7682cf77c3cd556cc390dc2f435a9049a8d3464361a3a4698fa93751b
145,greedy2_Mul_node110_to_input0,66097,13.901121360969311,True,267,0,ok,06c2196b76bc9913cf9d92f172c7186fb1d15dc7546c24cec0e127b6690103c9
145,greedy2_Mul_node112_to_input0,66097,13.901121360969311,True,267,0,ok,c9ddc1efb60eb302bde303893d2c499b3cca102fe17728282e168cfa49f2bb0c
145,greedy2_Mul_node112_to_input1,66097,13.901121360969311,False,30,1,mismatch example 30,d1520c231e869819840c0b69426da2e55755ca00863af95b164ef4863e51d49b
145,greedy2_Mul_node114_to_input1,66097,13.901121360969311,False,29,1,mismatch example 29,90592942292cabd2068033041ae8c420ebc4999823566e7a625cc5c726867eb6
145,greedy2_Mul_node116_to_input1,66097,13.901121360969311,False,30,1,mismatch example 30,e8d6bd480e6e7e868628ddebb6b9c6140d3d266f37b9be467e36656cf9bd164a
145,greedy2_Mul_node120_to_input1,66097,13.901121360969311,False,37,1,mismatch example 37,0a22aa17afbf5bfe0cc95186141f3fe35160068f1dffc959022fdbc65cd1daa4
145,greedy2_Mul_node150_to_input1,66097,13.901121360969311,True,267,0,ok,a8e49a6acd0644ff731e2a2cd32ac150b87a5870c3675f8671b5a5697c748b2c
145,greedy2_Mul_node188_to_input1,66097,13.901121360969311,False,63,1,mismatch example 63,45fb6828738cb0055f5354c66593895c21e0f288a62517f674ce2564c6fac94f
145,greedy2_Mul_node209_to_input1,66097,13.901121360969311,True,267,0,ok,98c159798d986d007ad4ac24462b2d72ec923ad530e362fd7623563f7ea4903d
145,greedy2_Mul_node212_to_input0,66097,13.901121360969311,True,267,0,ok,768fee1ab0f483ff839c2ccd85715a96a9734b9fc79758710d1658cf421c28cf
145,greedy2_Mul_node212_to_input1,66097,13.901121360969311,True,267,0,ok,553489cd7f17283a572a9a3ebc4d6022697749ecfecfdb07d3dd42f6f333da4e
145,greedy2_Mul_node215_to_input0,66097,13.901121360969311,True,267,0,ok,7ad1c6ace2260c37556db74c56d88df949c6f5bee03d32f3e3ee156a4c47364c
145,greedy2_Mul_node215_to_input1,66097,13.901121360969311,True,267,0,ok,c328dae6df38283c1cb889da108271457f1349c21c50f8e144f9f78e4e9b0b25
145,greedy2_Mul_node218_to_input0,66097,13.901121360969311,True,267,0,ok,a58917e979609ec0db471aad76f6fc7a5ec4bef478a9ad06a1f9e2e8b8274336
145,greedy2_Mul_node218_to_input1,66097,13.901121360969311,True,267,0,ok,d704903c86b49317c5b4f88f5ee74e085eda6e7fcc6eeedd5e1c590a18c93dcb
145,greedy2_Mul_node221_to_input0,66097,13.901121360969311,True,267,0,ok,35af0588969396d60c5332861d73ecde4a43b6029c2183c795b0b13474cc6a6d
145,greedy2_Mul_node221_to_input1,66097,13.901121360969311,True,267,0,ok,c6bd96dfae0601ec873be74cd46e2c6a7aca399b6a49d5dadbbc946e961c7a76
145,greedy2_Mul_node224_to_input0,66097,13.901121360969311,True,267,0,ok,ab6a52cb7a40a0bbaf8034e91d3218164ca2a25189c69b0edd186069118ac59e
145,greedy2_Mul_node224_to_input1,66097,13.901121360969311,True,267,0,ok,38c3ecc630da74464ce82380bafd47d239e9ae89ce702abe4ad25811de4f1861
145,greedy2_Mul_node227_to_input0,66097,13.901121360969311,True,267,0,ok,f76f16e6240100d39bbd913b94b359fecac5e11b14ac2f28e5f8bfd3f3a8fd9c
145,greedy2_Mul_node227_to_input1,66097,13.901121360969311,True,267,0,ok,013b11a64dd20062e2490ec89cc4baaa7317df118d7d5aeb09f33c3072e74fc0
145,greedy2_Mul_node230_to_input0,66097,13.901121360969311,True,267,0,ok,775b0a481e677d9c2cc9dd8bf823847671318d4250fbd3116e57baa32d3efc45
145,greedy2_Mul_node230_to_input1,66097,13.901121360969311,True,267,0,ok,cab9c2073da84778a17bd5450f2e2a38b2cc30fdd073d426a5e452d484c78798
145,greedy2_Mul_node233_to_input0,66097,13.901121360969311,True,267,0,ok,179cf5d7611a06fd77498af82b4dfdf2c83908b3b5203749acb2654928e2cd75
145,greedy2_Mul_node233_to_input1,66097,13.901121360969311,True,267,0,ok,3934bec9e98d1684064b812124e4d7251ef98d470e37574c4b11326364e8c024
145,greedy2_Mul_node236_to_input0,66097,13.901121360969311,True,267,0,ok,cb9748169134f3017c4666033ec569867b9c90ff5d9cac636055a5d3d898eafb
145,greedy2_Mul_node236_to_input1,66097,13.901121360969311,True,267,0,ok,fbfb0c9c6e75043c43caa43bbcebf11a90f8274ab0c2ca1933dd6e2054bbb8e1
145,greedy2_Mul_node239_to_input0,66097,13.901121360969311,True,267,0,ok,6e3ab7b4206ae95436cc842f0b25d2e1bf87761b4d523219fd7b4fb8172a0d1d
145,greedy2_Mul_node239_to_input1,66097,13.901121360969311,True,267,0,ok,f08953cc1c187e206a07d86645305d25ebc772a30c20ad8564487273026a8dc3
145,greedy2_Mul_node242_to_input0,66097,13.901121360969311,True,267,0,ok,151d4b109813836d0d9cedebbe400ef807de7c4369913dba74ce33aa9f27e956
145,greedy2_Mul_node242_to_input1,66097,13.901121360969311,True,267,0,ok,cff6151e738b0c0b639d1d8b0ed32e1f133bce7e7c6b8b1dc63e6882bceb4ccc
145,greedy2_Mul_node244_to_input0,66097,13.901121360969311,True,267,0,ok,0904f762a7ff7d54dd92e16a4544ea94c7b8cdce399f5b5f9f79b3a23925045c
145,greedy2_Mul_node244_to_input1,66097,13.901121360969311,True,267,0,ok,72946357b4677095ff0c56acdcafecf2d526787f7cc262a10fbb87ddd275a5ba
145,greedy2_Mul_node246_to_input0,66097,13.901121360969311,True,267,0,ok,0d5a032461b163e5a9a79f5a092e34a7f5673824722b2e3439f5a9a1ca614cad
145,greedy2_Mul_node246_to_input1,66097,13.901121360969311,True,267,0,ok,5f957a741fd57fa0174ba26a329844a9427f77847348549fb41024def6b95c65
145,greedy2_Mul_node248_to_input0,66097,13.901121360969311,True,267,0,ok,4e49d6fb632cac48e318e3467432783ac0408b4193c69b3829815926df83e6cd
145,greedy2_Mul_node248_to_input1,66097,13.901121360969311,True,267,0,ok,bcd68e58b99880536605fc2de31e6760e08321229461202274ef17cde301d927
145,greedy2_Mul_node250_to_input0,66097,13.901121360969311,True,267,0,ok,c4a01ac0d1fb17e586cabc8172f6e1863092f471a180522e8b89fa80abd6aac2
145,greedy2_Mul_node250_to_input1,66097,13.901121360969311,True,267,0,ok,3c525d0624dacd8ef52b5891cd2db418fe9c4d2b2d5090c173db378af6c52b5f
145,greedy2_Mul_node252_to_input0,66097,13.901121360969311,True,267,0,ok,394d697a1600a1892a08e91e1332d88664c8504877e4c5265c0ac2e52d02c6e1
145,greedy2_Mul_node252_to_input1,66097,13.901121360969311,True,267,0,ok,ca38ad54955e5d7a4af85edddb6bbde090914d98dc0eb78b662f5396da7352cc
145,greedy2_Mul_node254_to_input0,66097,13.901121360969311,True,267,0,ok,a850bbb8ace48a815006eeab082dd814acbc8475d4aaa2b5987291701d7cb4a4
145,greedy2_Mul_node254_to_input1,66097,13.901121360969311,True,267,0,ok,13ef7c7caf6b47e31e1cd97ba0927471429204001a99ad4f78c8d081ca807767
145,greedy2_Mul_node256_to_input0,66097,13.901121360969311,True,267,0,ok,e44e8e951507564744d43d769786c75a3847e0ca1bb2dce4d60c13461c628173
145,greedy2_Mul_node256_to_input1,66097,13.901121360969311,True,267,0,ok,07c5b9668d39ae641f57a77582e273177407cf02e5eacaf48257749bb8c9c28c
145,greedy2_Mul_node258_to_input0,66097,13.901121360969311,True,267,0,ok,35a321be10760a83728f578c9fa013c394dddc9ef3148c6be632c598eb8a6094
145,greedy2_Mul_node258_to_input1,66097,13.901121360969311,False,63,1,mismatch example 63,e860ae9a86cf67281b91a0412a163e52d062b9c2c4f725e3ce809c5aabefdacb
145,greedy2_Mul_node260_to_input0,66097,13.901121360969311,True,267,0,ok,7ba154c06350fc77e7b166423ad2aa8feb3978a823a6af9c6a5cb203b92a21ce
145,greedy2_Mul_node262_to_input0,66097,13.901121360969311,False,63,1,mismatch example 63,6c95e78fb0744edd7cede86c06e71c92ebc7a0630d8638479125ec6dded84894
145,greedy2_Mul_node262_to_input1,66097,13.901121360969311,False,34,1,mismatch example 34,fd32265d3d43b3c505f9209a4355faf9a19d49c0b68e981d3edbe70717a3308b
145,greedy2_Mul_node270_to_input1,66097,13.901121360969311,False,34,1,mismatch example 34,2962c6c1a9bce7be423e4c2c72e367021ae511ec94cf1f06849a52c0b5597715
145,greedy2_Mul_node274_to_input1,66097,13.901121360969311,False,74,1,mismatch example 74,736a76ba45877d3c8167f32eb0b64cbcad20c42f7b57fa698c645d792adb6018
145,greedy2_Mul_node298_to_input1,66097,13.901121360969311,True,267,0,ok,500d339a55aa5ce62c7fb5a2fd5b7bfa3bee42737cd78b7e8fc3a80559434b92
145,greedy2_Mul_node318_to_input1,64357,13.927799012783074,True,267,0,ok,f191f15c0a7c96f40b7fe00596f0bc3bc9254c53690ddfbdf386237a8fed929e
145,greedy3_Mul_node49_to_input1,64297,13.92873174716133,False,30,1,mismatch example 30,011804c0c09af3e8003aaa94b19af09dad93dc86b63da1274336b319542fdcac
145,greedy3_Mul_node55_to_input1,64297,13.92873174716133,False,30,1,mismatch example 30,35316a32af11c0220962d1672866cd73d75d505a9dd906407199653b8293ec3b
145,greedy3_Mul_node61_to_input1,64297,13.92873174716133,True,267,0,ok,2c0fec17eb07c816b60db2207cd78ae3c6202178a05261f3f130075f5b290be7
145,greedy3_Mul_node64_to_input0,64297,13.92873174716133,True,267,0,ok,99a0d6109e1d8402bf0f85b81da4874271e83aabece4f3b3ba106cfcdd9dd464
145,greedy3_Mul_node64_to_input1,64297,13.92873174716133,True,267,0,ok,13c64d2583fa7e488d2a605e79c59e7ea06501391eb035838924278a8b247a3f
145,greedy3_Mul_node67_to_input0,64297,13.92873174716133,True,267,0,ok,974ca6b581a7d71ef77f8cf5c81538ab559b3d5433eb63a0ce9cb89e9f9059ae
145,greedy3_Mul_node67_to_input1,64297,13.92873174716133,True,267,0,ok,1ea468e043b20c9dda80609535ae7c3212bea0fd5a9f51196b904dd6798a110f
145,greedy3_Mul_node70_to_input0,64297,13.92873174716133,True,267,0,ok,cfee49d595c28f44d929dd14530df98f1e0489237d42707a347236ee9b474278
145,greedy3_Mul_node70_to_input1,64297,13.92873174716133,True,267,0,ok,99c1cec8938e7e9c2cf6ca2070d015000b794affa2182a991e2cb5ede452fbf9
145,greedy3_Mul_node73_to_input0,64297,13.92873174716133,True,267,0,ok,9a0e9ed1a6523c8057c236be98a24847550e4a917ebdde637bcdcafed9ec3fe5
145,greedy3_Mul_node73_to_input1,64297,13.92873174716133,True,267,0,ok,ee7497ffd1273e3ea48cd57aa59dcf3bb6d35192155f2f66111326e2a9b40a83
145,greedy3_Mul_node76_to_input0,64297,13.92873174716133,True,267,0,ok,5c1e0e8d2042b27f56329a62fac5646237f599657d5499a7ea58a874ec115913
145,greedy3_Mul_node76_to_input1,64297,13.92873174716133,True,267,0,ok,6e8738ea466879b8c369c6b8ba34a7c62b9fea6910faea5370c0d6c32befb85d
145,greedy3_Mul_node79_to_input0,64297,13.92873174716133,True,267,0,ok,44eb5edcfa067f0f59606e1a1378810dfb63a24dd4b6fcea54a9a3a49b8c2014
145,greedy3_Mul_node79_to_input1,64297,13.92873174716133,True,267,0,ok,95a2658746283e0563c9e8cb2a9af209f43579bfcc17aeaf1bb1d656f5848220
145,greedy3_Mul_node82_to_input0,64297,13.92873174716133,True,267,0,ok,c5f24699f16e79ac5d1230e74d2ff35880764ccf9fedaffb81853b98916d65ad
145,greedy3_Mul_node82_to_input1,64297,13.92873174716133,True,267,0,ok,cbea69c782de7cccd9e65bf0ed3d0304b2ac4e114d8547cfd3fb3e3c0fe3d9f5
145,greedy3_Mul_node85_to_input0,64297,13.92873174716133,True,267,0,ok,c3ff42ecb0ed2d5eb10dfd02936b702fb4c64d5fa4db93dfdb2a2070094a9e29
145,greedy3_Mul_node85_to_input1,64297,13.92873174716133,True,267,0,ok,264268bc14ea9e88d9fc114b00d540395783821ceeb55e6c9d68e79b4fe49ef2
145,greedy3_Mul_node88_to_input0,64297,13.92873174716133,True,267,0,ok,6836804f416d4eb7ba51773987e095531ff223a55c0bed204cc9da16f5ded183
145,greedy3_Mul_node88_to_input1,64297,13.92873174716133,True,267,0,ok,1fe0c611cc64ad6d057cac152eb00a375d0b30cb32e6b1878806b2b90d71b92f
145,greedy3_Mul_node91_to_input0,64297,13.92873174716133,True,267,0,ok,c7b41857969ec5e4ca1f95eefb95cb3cb3c677ec9ddba9bf9e967a576bb5773a
145,greedy3_Mul_node91_to_input1,64297,13.92873174716133,True,267,0,ok,e7ec09e670425f4b69cd66d43c547233525687f64dd8db4fc3694b3298a44e25
145,greedy3_Mul_node94_to_input0,64297,13.92873174716133,True,267,0,ok,f30ce7fd00394f4476aceaf621623ba339cc2317ca2aeb86e4fcfdcf08dfd98c
145,greedy3_Mul_node94_to_input1,64297,13.92873174716133,True,267,0,ok,eb223dcc9a896e41e51b38efff4b78bcf3809daa79b4d020a8a15ff3a497f9eb
145,greedy3_Mul_node96_to_input0,64297,13.92873174716133,True,267,0,ok,c5ad228c33c06d7312be636b39c124dce2ea6a8ab24b5ae7b8687ec4f431945a
145,greedy3_Mul_node96_to_input1,64297,13.92873174716133,True,267,0,ok,dd63876c1562d808afb72370497931a558331ccffc73a0dde89e2ad56d08aaf9
145,greedy3_Mul_node98_to_input0,64297,13.92873174716133,True,267,0,ok,17711a2b25e2d9a415bdb2b0cf08e24fe96421d9c58277b351a3465b5dfe0261
145,greedy3_Mul_node98_to_input1,64297,13.92873174716133,True,267,0,ok,980b68ddc470b506cbe3ad86367714d311f18873388ab2ad608eb12349c02653
145,greedy3_Mul_node100_to_input0,64297,13.92873174716133,True,267,0,ok,d25332f772d20a946e303bb106f526620eb2249d3c27158b6f6c39264dc146f5
145,greedy3_Mul_node100_to_input1,64297,13.92873174716133,True,267,0,ok,8ed5993f8dd28a037726042d35363375a0c4241ec754bf2829a70d5644ce9782
145,greedy3_Mul_node102_to_input0,64297,13.92873174716133,True,267,0,ok,233198bbf1ffb828156f37f62ca8a025d8a7f1f9d8a7cbbf26182ac6bdef7857
145,greedy3_Mul_node102_to_input1,64297,13.92873174716133,True,267,0,ok,557d06c45e229b5ccffec6f0b3f0e5cb58f398dc373b7cb827daae2b9cdc27f1
145,greedy3_Mul_node104_to_input0,64297,13.92873174716133,True,267,0,ok,e3ce93735dd43d7fbf7a9ecbd429e1b1c0bf485a04e4b3c8caf333e484c2942e
145,greedy3_Mul_node104_to_input1,64297,13.92873174716133,True,267,0,ok,9bb37b9ec100109e3c72aefef1c3ea1184a64a647d9c7d02225dc3234e91f402
145,greedy3_Mul_node106_to_input0,64297,13.92873174716133,True,267,0,ok,5c43315113817d286d0f0d718db7b79d54d68a8794459827ca7a9b5d10683285
145,greedy3_Mul_node106_to_input1,64297,13.92873174716133,True,267,0,ok,5426792a2d02ef0ed8cd4131123249d3a3b30d1b237cb4003dbe49c8ca9ad7dd
145,greedy3_Mul_node108_to_input0,64297,13.92873174716133,True,267,0,ok,0288d6473219a570a346424f56b03b6a2c8982184f56ccc35ede3732498266e2
145,greedy3_Mul_node108_to_input1,64297,13.92873174716133,True,267,0,ok,004f0573d80810de114cd3cac7efa41e3d79dd379958986c69f23a94589a00c1
145,greedy3_Mul_node110_to_input0,64297,13.92873174716133,True,267,0,ok,b889f65bc7619961a304886e7706e3a0cbf546bad6a8b790b7e74b8b7eff8204
145,greedy3_Mul_node112_to_input0,64297,13.92873174716133,True,267,0,ok,0e5d22f213b38bcde022e2a8cbd0eabe4bd3f311998c1e42e1a33059a213e266
145,greedy3_Mul_node112_to_input1,64297,13.92873174716133,False,30,1,mismatch example 30,f460cfdafdbf5983c2bca50aba165c23d6d9c1eb5c252ecd108715612c7e2342
145,greedy3_Mul_node114_to_input1,64297,13.92873174716133,False,29,1,mismatch example 29,8428ff14143f767da6ab0b357510b33ff8644d9f21c45df9307f61ce8915c49a
145,greedy3_Mul_node116_to_input1,64297,13.92873174716133,False,30,1,mismatch example 30,f597eb4059cc5d2668172eefbbc8d2daed46de41b1654f91bc49bd9cf2706361
145,greedy3_Mul_node120_to_input1,64297,13.92873174716133,False,37,1,mismatch example 37,bced0ba8e587edb52d5d437ef37b28ac5c03b4bc9cf47a2210f8eb18ab4778a0
145,greedy3_Mul_node150_to_input1,64297,13.92873174716133,True,267,0,ok,03e2be6fffda4e2d467e928ef6d240ca941f2ffe4c90de93a98e9891d4158b8d
145,greedy3_Mul_node188_to_input1,64297,13.92873174716133,False,63,1,mismatch example 63,d5515046c9fb953020a7ed745785e0a8a2252f7851fa45ea0943399a7133cfef
145,greedy3_Mul_node209_to_input1,64297,13.92873174716133,True,267,0,ok,2a2db4583d4ed42bd70d30fd8756929032c5795eea0ab1b6a48f5dd23e818c3d
145,greedy3_Mul_node212_to_input0,64297,13.92873174716133,True,267,0,ok,e39920452a491da53ac3a10a46e916dc45cd988021a70d7e921b95f30dbe8853
145,greedy3_Mul_node212_to_input1,64297,13.92873174716133,True,267,0,ok,909d918f1ab75ce9d393c004e61ce9668a919ad55f944f09366a647dda5ca95c
145,greedy3_Mul_node215_to_input0,64297,13.92873174716133,True,267,0,ok,eecd0d42df058f8d0180a3cd39715305b0d0b420d84e86ae88ef9e56c41aef37
145,greedy3_Mul_node215_to_input1,64297,13.92873174716133,True,267,0,ok,91359b78d974f3445430f9b48d4fbcba698db37184298c71c96c0cd3b70e766b
145,greedy3_Mul_node218_to_input0,64297,13.92873174716133,True,267,0,ok,5296abb4577e7f707017a23292a2727c6cafbc1d76b928df2f49892725ab32a1
145,greedy3_Mul_node218_to_input1,64297,13.92873174716133,True,267,0,ok,6cb696022e704658f9c7d053a44d745d1a8048c169a7dc51c5a7be9bd78f7ada
145,greedy3_Mul_node221_to_input0,64297,13.92873174716133,True,267,0,ok,023f4d3e8b441dc97ec1b6e16e4b62134fb59e125251ce1eca3f715a054d6322
145,greedy3_Mul_node221_to_input1,64297,13.92873174716133,True,267,0,ok,d0412e6cef98fdde4ba005410b2512742b1eda3341e77933c8b0f1a7ced1ee55
145,greedy3_Mul_node224_to_input0,64297,13.92873174716133,True,267,0,ok,5a919a9c1019e0e8bb70a70e5c1e02ec5ffaf3e95c0a12117c19a81c74d11c20
145,greedy3_Mul_node224_to_input1,64297,13.92873174716133,True,267,0,ok,03502230b3cf66a71bec6f812474165e1025a4850cec9aaf0fe45a474c5fe79b
145,greedy3_Mul_node227_to_input0,64297,13.92873174716133,True,267,0,ok,e1d0172f1d76d6d813385591569b82c5a92049be715020fdcd73ebd13fb65f6f
145,greedy3_Mul_node227_to_input1,64297,13.92873174716133,True,267,0,ok,e4a67633459fc32b1d5a9baa590b1513ceeb32ac360d4b0baf7586de1ebdd392
145,greedy3_Mul_node230_to_input0,64297,13.92873174716133,True,267,0,ok,24eb14f031134aaadb415acd6b1fd54dbeb313b0888f136484b5ca5634a29ac1
145,greedy3_Mul_node230_to_input1,64297,13.92873174716133,True,267,0,ok,5f1deed9ccc315de862f33816f429f7bf6b4b3058be8c99646b2e6beda12de1b
145,greedy3_Mul_node233_to_input0,64297,13.92873174716133,True,267,0,ok,49d0f29e460cc53af8bfa2057de8078beaf4ec40b54ad0f7c6029fe136d7b5d3
145,greedy3_Mul_node233_to_input1,64297,13.92873174716133,True,267,0,ok,752e8ef470ec2fc53418aa14afbfe961a833b0369225e42eb8069f2b028856d7
145,greedy3_Mul_node236_to_input0,64297,13.92873174716133,True,267,0,ok,5d0a19fbfa844ac9c0ac6aa85428ef356c3eff33408627f464ecc859f743723a
145,greedy3_Mul_node236_to_input1,64297,13.92873174716133,True,267,0,ok,59eb7e076fd8412252994d37a08dd10a7ce33486251aa2d18fa8f887c662cc57
145,greedy3_Mul_node239_to_input0,64297,13.92873174716133,True,267,0,ok,4005b1fe55a6431addc8743e1abfc0160bcba1c2edbe58cc61874e7fe3ee68d0
145,greedy3_Mul_node239_to_input1,64297,13.92873174716133,True,267,0,ok,9c5b6762529a2603f74f8cb823c9754bb24ec37b8df95a35dc1236a1091a476c
145,greedy3_Mul_node242_to_input0,64297,13.92873174716133,True,267,0,ok,a2d6350114fe8a6a848802cf6013ccf403f63ebb6b50a36264f93db44fc09d60
145,greedy3_Mul_node242_to_input1,64297,13.92873174716133,True,267,0,ok,2493e08a58875b69bc51ffc2a5036c703c728087fe12b74a1f9196fef2de48ef
145,greedy3_Mul_node244_to_input0,64297,13.92873174716133,True,267,0,ok,ac2835589281fcb31cf81567952ccef63945c9af5bcc934e55a435509e857d86
145,greedy3_Mul_node244_to_input1,64297,13.92873174716133,True,267,0,ok,e9486137b58660bc94727f9b40c1b55f85926aa82d66f49bda0e94e33b20f3b7
145,greedy3_Mul_node246_to_input0,64297,13.92873174716133,True,267,0,ok,5172f768f2481d90443e144b7de633a780ab0b617324a8d5c6cd10d74ec361d5
145,greedy3_Mul_node246_to_input1,64297,13.92873174716133,True,267,0,ok,7bb33a8fe0cbf1d264ad901584694c24b5c150b5a53edf934b77f97f18c1ff33
145,greedy3_Mul_node248_to_input0,64297,13.92873174716133,True,267,0,ok,c76afa08bbcc5d571f98d3e9656f2f3f8815e58f26b43429687a0b2d4bbe46c7
145,greedy3_Mul_node248_to_input1,64297,13.92873174716133,True,267,0,ok,3c90e20d6ee54f82a55a34765616d561f5104326e3b2e4f9c991b3b05ce69a10
145,greedy3_Mul_node250_to_input0,64297,13.92873174716133,True,267,0,ok,7bee3a7213473f52004d6011c064e06b3a4acf86a4c4ebac2de9aa62dfaecf73
145,greedy3_Mul_node250_to_input1,64297,13.92873174716133,True,267,0,ok,d7391cea7bab25f6872476d525d6141b620f842cc5131fe8d4e2f2683406bd09
145,greedy3_Mul_node252_to_input0,64297,13.92873174716133,True,267,0,ok,73621265c921be1f3902612cc8e7cf6aa8ecbe4e3eca3942619fbe985d502491
145,greedy3_Mul_node252_to_input1,64297,13.92873174716133,True,267,0,ok,5cfa9d3faf53e2c89c7cff0db6e36a4d4bc4f5e243f598378adfdc73b4028751
145,greedy3_Mul_node254_to_input0,64297,13.92873174716133,True,267,0,ok,a5b319276464c905f369822ab0315b2af28f431914f7bf633e182e215f228d50
145,greedy3_Mul_node254_to_input1,64297,13.92873174716133,True,267,0,ok,0dfe00cd8851383bb45b9a4d17f9e67ea6fa5c2c48b7d1a661f8b525c355a883
145,greedy3_Mul_node256_to_input0,64297,13.92873174716133,True,267,0,ok,63f2283f06be991642bcc167f501793ac9a4ad2741df586dad50791ed1f65b9d
145,greedy3_Mul_node256_to_input1,64297,13.92873174716133,True,267,0,ok,b017296d343ba36e7aca2c258715bf729ac22a7cfdcb86e255c6b6129f54b2a2
145,greedy3_Mul_node258_to_input0,64297,13.92873174716133,True,267,0,ok,7b5fc336e0d0a06418443b358bb18748a7a468b3e7e73a2401feb1107de2133c
145,greedy3_Mul_node258_to_input1,64297,13.92873174716133,False,63,1,mismatch example 63,1d5cd7096c52211bc70e64b4a8322438ae5ef10df73e1a4d6228c14fa76f0849
145,greedy3_Mul_node260_to_input0,64297,13.92873174716133,True,267,0,ok,f6556b74dbdff80e25ddbec862bc9656f0236bdf359375815a87527f0f496db0
145,greedy3_Mul_node262_to_input0,64297,13.92873174716133,False,63,1,mismatch example 63,5b49bf360d95784f7ac3ec1c8ede3b10690105655b420e7bf33e7125a62992d7
145,greedy3_Mul_node262_to_input1,64297,13.92873174716133,False,34,1,mismatch example 34,cc52899d75cb3b47546979fd7e2bb84c27b66d4e2d222606c9d8b0e4381b63d1
145,greedy3_Mul_node270_to_input1,64297,13.92873174716133,False,34,1,mismatch example 34,4f7861d8c9f2e4f5b4c2cd135230fe988fce645cf151b31ba2b93970dc5ae761
145,greedy3_Mul_node274_to_input1,64297,13.92873174716133,False,74,1,mismatch example 74,f8905879a1184c4a7b2671ed025b44b1934c6af8e4c34b2952b622ec2ccdc493
145,greedy3_Mul_node298_to_input1,64297,13.92873174716133,True,267,0,ok,0ce07b16dee0feb06339a633bc60a4bed90033535c137d6ae0ba142dee6aded0
80,greedy1_And_node9_to_input0,40529,14.3902269537637,False,22,1,mismatch example 25,83784d9ff4bfc5e103bced171614438c7c79a4b28bf5ac6968c3d3c4cf34ffbe
80,greedy1_Where_node13_to_input1,40470,14.39168376213009,False,22,1,mismatch example 25,8f559aaa76a6686415ba788f8c9b1cb5b19e843cfce29bb2734048da5797b818
80,greedy1_And_node18_to_input0,40529,14.3902269537637,False,22,1,mismatch example 25,5392f15bbc581d1ef3a6de957bc5197e61025164adb1797590932c7426b973e8
80,greedy1_Where_node22_to_input1,40470,14.39168376213009,False,22,1,mismatch example 25,2b9165b53721c9d07b73f1dd36ff966cb50b7147144b953e669994f417d0f0db
80,greedy1_And_node27_to_input0,40529,14.3902269537637,False,22,1,mismatch example 25,d1f010d8304a5093a72ab44a3fdff88bf56af194f5ac3abf424649d0000168da
80,greedy1_Slice_node53_to_input0,40330,14.395149112132586,False,22,1,mismatch example 25,01e248fd6b260a287499929d49927a3668ac1b578847596f9d9566db11841297
80,greedy1_And_node59_to_input1,40481,14.391411992786468,False,22,1,mismatch example 25,a8a344f554bb8fadb2ac4c2a03f55ca5e4d9439e420c3b6144878184c58c6303
80,greedy1_And_node73_to_input0,40481,14.391411992786468,False,22,1,mismatch example 25,bccf3ded2e9d669a5ec20f70a634955d578ba5868b1f4d75378fa8ccfb4e53d7
80,greedy1_Equal_node74_to_input0,40481,14.391411992786468,False,22,1,mismatch example 25,627f8b94fc43cdbfd76a1ef0fb516163c1990071e70c2d6358ffafab7b866575
80,greedy1_Equal_node74_to_input1,40481,14.391411992786468,False,22,1,mismatch example 25,627f8b94fc43cdbfd76a1ef0fb516163c1990071e70c2d6358ffafab7b866575
80,greedy1_And_node88_to_input1,40494,14.391090906028538,False,22,1,mismatch example 25,5e6709f36affc0b66b963ebdca628de2ec5a54fce7cc1e929282efeb5572bdbd
80,greedy1_And_node102_to_input0,40494,14.391090906028538,False,22,1,mismatch example 25,b0f7540e2c6c8236cbb4b24e5ebd37b27fa5bfea07640015d6601e413dc6fcb3
62,greedy1_Mul_node73_to_input0,29989,14.691414073261033,True,267,0,ok,80011646ce1d459c2982d7eccff43e0cb4bf5de2bade5d10cd446932b5369395
62,greedy1_Mul_node73_to_input1,29989,14.691414073261033,False,95,1,mismatch example 95,8336d529baa672c38c2a0a710f52e5d999dc9712c3062058eb7cc2f46e58bbe1
62,greedy1_Mul_node75_to_input0,29989,14.691414073261033,True,267,0,ok,6aa9b7a293c7f66e8a2735cf13808b1320fcd24530e8003198d8598c45e0d1bc
62,greedy1_Mul_node78_to_input0,29989,14.691414073261033,True,267,0,ok,5254eee6cef886e5497643b8ac1be82c0fe59a93a140bb1632e10823ac086107
62,greedy1_Mul_node80_to_input0,29989,14.691414073261033,True,267,0,ok,25dacddd8b0409fa63e92c2840e4ae5a461f4cf6a0c8bae11e7576ebb56af49c
62,greedy1_Mul_node85_to_input0,29989,14.691414073261033,False,95,1,mismatch example 95,66ae35ae10d51239240ba968e2f09b7a44038937ac0632f4df324184642f5a0f
62,greedy1_Mul_node153_to_input1,29989,14.691414073261033,True,267,0,ok,749ba56f77301785f4d7bdfec9465be68c6acd5da969f9080573dadf52c5d7b2
62,greedy1_Mul_node155_to_input1,29989,14.691414073261033,True,267,0,ok,2edc681d12ba5e52279bf43b3862a8ada24e8eae9f95d62e41b393c33ca722c5
62,greedy1_Mul_node158_to_input1,29989,14.691414073261033,True,267,0,ok,b16de5575f0290a9b71f600977f77b197562ecae1b2d199bee54d4c9f53b469f
62,greedy1_Mul_node160_to_input1,29989,14.691414073261033,True,267,0,ok,788dfb7604a9ea741abdcfb4c897aa6ca790f83d0cf104d85c3dea0fa2b36cc0
62,greedy1_Mul_node167_to_input1,29809,14.697434359680559,True,267,0,ok,402d4d14abb0b84b6a1fda7bcd5d6c2199e2ad3363750a3125238e494a1cd19b
62,greedy1_Transpose_node169_to_input0,29809,14.697434359680559,True,267,0,ok,c3b92955842133958609092f9c76a8d4cdd26f82856cc490cae3b4f4742acb66
62,greedy1_Mul_node170_to_input1,29809,14.697434359680559,True,267,0,ok,6fd3f77959ee0bd1e21bd669017eac7bb4c15294c91c62a3f472a5e0af4648c7
62,greedy1_Mul_node172_to_input1,29809,14.697434359680559,True,267,0,ok,629d1260c39f25fd07c0815bb6da290b68290536b0a9f1136bec90200f9bcdfe
62,greedy1_Transpose_node174_to_input0,29809,14.697434359680559,True,267,0,ok,8cb29077d9e9f0945f08a2d677e5654a07ce5f5dd0bb82a6331286d2a0b03109
62,greedy1_Mul_node175_to_input1,29809,14.697434359680559,True,267,0,ok,257492e01871eaad0fa6f9b2f97c153e5c653a1347fe577efb1e348751fecb78
62,greedy1_Mul_node192_to_input1,29809,14.697434359680559,True,267,0,ok,89cd2bb03fbfe733314b62ee2c7071f9093a02ea8d9b7a9887352a5c2858c50d
62,greedy1_Transpose_node194_to_input0,29809,14.697434359680559,True,267,0,ok,30f8203c725b5f3601b755b98d3efafac7d016c8b28b16162179cc1ffceed676
62,greedy1_Mul_node195_to_input1,29809,14.697434359680559,True,267,0,ok,b19974d5b627b1f23a6048d81592d4bb4af1294026ae78755a6efc845be4cb64
62,greedy1_Mul_node197_to_input1,29809,14.697434359680559,True,267,0,ok,1877c0c27c0b0987735b4cf0acb9805302aecff15a092c5b405380b0dc0f0dec
62,greedy1_Transpose_node199_to_input0,29809,14.697434359680559,True,267,0,ok,3030d185a671e9aa270e527bf4f462a427ec6e05b9495ecaf9259d1aaa3d94aa
62,greedy1_Mul_node200_to_input1,29809,14.697434359680559,True,267,0,ok,3f2a53b9ea36d816b745bec1b59f8d6f5c60226c97586677b048589d49dd6536
62,greedy1_Mul_node202_to_input1,29809,14.697434359680559,True,267,0,ok,1783e9ef808735250ab14f81eb588d941492a18f5ce2cb52928b1f1b7655c211
62,greedy1_Transpose_node204_to_input0,29809,14.697434359680559,True,267,0,ok,e0ae2386f46190c5f1739512d754ffd22efed057b3a9e4624c1bcc28e852743b
62,greedy1_Mul_node205_to_input1,29809,14.697434359680559,True,267,0,ok,5116dc805238d34f2fe8f1d9ee1ebd86f1145116eb49788cbdbb03442f63028e
62,greedy2_Mul_node73_to_input0,29789,14.698105523167614,True,267,0,ok,ac54573a705c73b4491257a725e6a55b8456bca02703045c5c3a78ef0b778455
62,greedy2_Mul_node73_to_input1,29789,14.698105523167614,False,95,1,mismatch example 95,b46897530f13d80c7be858492ae37d7c60a43916a7c4347a339f90eb6d6104ce
62,greedy2_Mul_node75_to_input0,29789,14.698105523167614,True,267,0,ok,ee8be64f61554111d520244050e69f64a16ef526f07ec6f5ddb4a1512ac36cf0
62,greedy2_Mul_node78_to_input0,29789,14.698105523167614,True,267,0,ok,2290ab0f23cdbb3e99a07ff3fc893c8a08f0c8c2205d071d0d5a6d128ec73c9c
62,greedy2_Mul_node80_to_input0,29789,14.698105523167614,True,267,0,ok,00a0ccb73886889c3bba84d7ba6ae6f9d188450b9807c6bbfebd9c59a4f55fe2
62,greedy2_Mul_node85_to_input0,29789,14.698105523167614,False,95,1,mismatch example 95,92fadea020f154fcaaec6ba6c8514a26f4cb53be7bb8015b8e372129f50baa02
62,greedy2_Mul_node153_to_input1,29789,14.698105523167614,True,267,0,ok,86ef1300976eafff42d9919febdb43a78b9f6397b56a7c3170a685ce8c325f5c
62,greedy2_Mul_node155_to_input1,29789,14.698105523167614,True,267,0,ok,8c8f2c50e3eb90c3395149ecc20ee7fd31789ef749949f9c0cb88714d4d819f2
62,greedy2_Mul_node158_to_input1,29789,14.698105523167614,True,267,0,ok,503698ed612fac7c5556f6e8af99b5b8365cc63cf2c91b956b0814ccae1a053e
62,greedy2_Mul_node160_to_input1,29789,14.698105523167614,True,267,0,ok,0a8019acac7b4fe7a27ae9b90114740ccd5b06d8f88a52eb0a2fb1f9a9ec4748
62,greedy2_Transpose_node168_to_input0,29609,14.70416635184886,True,267,0,ok,d364c7d62e99d0367662f570bff160406a65c17ceb592e7d0c58075a0ef2fc10
62,greedy2_Mul_node169_to_input1,29609,14.70416635184886,True,267,0,ok,6ee78077e5ac3560af77e12a47c789eda788f9de0baa866e39f08c5a4b30041b
62,greedy2_Mul_node171_to_input1,29609,14.70416635184886,True,267,0,ok,2a3910368e3a7525374e7c18449703aec8b2b454ad3c2811ccb7d862bf812f77
62,greedy2_Transpose_node173_to_input0,29609,14.70416635184886,True,267,0,ok,265ecfafd59ea3eb92af9d35206977ab527c39d4429db04a484fdb424ba02093
62,greedy2_Mul_node174_to_input1,29609,14.70416635184886,True,267,0,ok,e800f531841a8c0643caf0a59d9bdd68887908bd8c6739ff56f6cbe6b5d75906
62,greedy2_Mul_node191_to_input1,29609,14.70416635184886,True,267,0,ok,085bd826cd2feecca5af299e00752255695668d94850b0cfdba6d04e3bb905a8
62,greedy2_Transpose_node193_to_input0,29609,14.70416635184886,True,267,0,ok,fb4de6654f2ad4f149c5fe7056ba1beb3b96a359d04f7a1361d4487d4a8e861a
62,greedy2_Mul_node194_to_input1,29609,14.70416635184886,True,267,0,ok,555adfa37ea20f07b5f1f2b3da3a8b1b2bdc959e6d1448d8a1e25318e4ef813c
62,greedy2_Mul_node196_to_input1,29609,14.70416635184886,True,267,0,ok,5dcab3e0ff4ef14e604a704772215b9125ced51017d7bc6269d6bb7c9aea2cd5
62,greedy2_Transpose_node198_to_input0,29609,14.70416635184886,True,267,0,ok,23f96d5cb945adb930c1fb7f091c0b8cf77a5c2a88aeed3848824c112cd6b2ce
62,greedy2_Mul_node199_to_input1,29609,14.70416635184886,True,267,0,ok,3e40892a34b18a3cddc18084b2852ff7469b3a0ca3290b0ea8f5c13fccb22031
62,greedy2_Mul_node201_to_input1,29609,14.70416635184886,True,267,0,ok,24122ddd483ed9c3d2c3c577c1693146de5cdcaf2bb5e40d1615a7200df91882
62,greedy2_Transpose_node203_to_input0,29609,14.70416635184886,True,267,0,ok,9b4b472dfc1c170a0b066b548c27e72441c05cb054716db5729ad8c4bdfd89eb
62,greedy2_Mul_node204_to_input1,29609,14.70416635184886,True,267,0,ok,f43fae357979f501f02350bee51bf350d901acfd7a37f58687aa19865765231c
62,greedy3_Mul_node73_to_input0,29589,14.704842050377897,True,267,0,ok,8ab3b47e69e5da736f55ee47003dd0843db8e2345de2b124692596f571b2b11e
62,greedy3_Mul_node73_to_input1,29589,14.704842050377897,False,95,1,mismatch example 95,4d999679cc16c27304d0baee4a89ba9e2f53638a1ded931b06be32eb4c1deeab
62,greedy3_Mul_node75_to_input0,29589,14.704842050377897,True,267,0,ok,75f46be6ba6a2295ea1cfcb313a9e2dfecda52123b667cdd5458b2f50ce28b99
62,greedy3_Mul_node78_to_input0,29589,14.704842050377897,True,267,0,ok,bd84681c20d7392e0959fb3605eaad760b1da88bd98a22025e434bfa070b4806
62,greedy3_Mul_node80_to_input0,29589,14.704842050377897,True,267,0,ok,fcdce1abec94a9482e9481af5402e84f2ef98d5a706e50b13b5aa42d943a6cde
62,greedy3_Mul_node85_to_input0,29589,14.704842050377897,False,95,1,mismatch example 95,3eb6bf86f5600a634bd318306a3217903ccb8165bca9dedab2cb4ab208bc8b5e
62,greedy3_Mul_node153_to_input1,29589,14.704842050377897,True,267,0,ok,5eaba760a949d29e94367e160a1139dceca3d8ea093b67054fe1977a9ab55928
62,greedy3_Mul_node155_to_input1,29589,14.704842050377897,True,267,0,ok,ca2f31658038d3110d4de65cae49a31cbfdb17853e93a259bf74140b834c23e9
62,greedy3_Mul_node158_to_input1,29589,14.704842050377897,True,267,0,ok,dce40fd2151055185e31d4dd5c9ba9f25db4b082d3c2c886add3d142c5bb49f1
62,greedy3_Mul_node160_to_input1,29589,14.704842050377897,True,267,0,ok,b7783351c64695d611d99e2aea4a50fdc4b3b1ab350d9a18b73c2cb3f61699ab
62,greedy3_Mul_node168_to_input1,29409,14.710943971070165,True,267,0,ok,f9c655cd748226f207bd65df6f9f55e76dae0ebcb399fd432b1cebab50f25753
62,greedy3_Mul_node170_to_input1,29409,14.710943971070165,True,267,0,ok,20ac46d5965299064224764e9aa46affd87902cc672d7e6fd86725e4b3ef1333
62,greedy3_Transpose_node172_to_input0,29409,14.710943971070165,True,267,0,ok,888fa07fec061aa3ee17951cb5c90301c805cb3a21e111d0788c111670478ad9
62,greedy3_Mul_node173_to_input1,29409,14.710943971070165,True,267,0,ok,c45bc38a7b01d7413f60d9fd7c96bec4eec787e308484953435d443f48f10bdf
62,greedy3_Mul_node190_to_input1,29409,14.710943971070165,True,267,0,ok,3a45973b6c86d75dc7224e6ddabac9d68e701c07c4401c93276a30431be8a7ac
62,greedy3_Transpose_node192_to_input0,29409,14.710943971070165,True,267,0,ok,fc66a95c18e7e02f58621f5d896e3782a5b280f6dacf1b7f8b51f1d53ff7db10
62,greedy3_Mul_node193_to_input1,29409,14.710943971070165,True,267,0,ok,4612bf393903b1e0c383ca4431abfd171dbce03fcded7b02854b2667ba548d2a
62,greedy3_Mul_node195_to_input1,29409,14.710943971070165,True,267,0,ok,459fb9abe00611ea6a90a86f8fbd3340b41b5b6f0be01139d5e4859fb904ded5
62,greedy3_Transpose_node197_to_input0,29409,14.710943971070165,True,267,0,ok,959b521357c1081a978fc16c26a4a05f5bad9aff7ac9dc37e10dd687ac4ab87e
62,greedy3_Mul_node198_to_input1,29409,14.710943971070165,True,267,0,ok,7498de02a02ce7b13b901e0610dbe1f6c7bf98fbbaf06011f316bc7646468293
62,greedy3_Mul_node200_to_input1,29409,14.710943971070165,True,267,0,ok,b10d525651d2fa91172a6131c236915160be3d43367d88518b753548b26cdb4c
62,greedy3_Transpose_node202_to_input0,29409,14.710943971070165,True,267,0,ok,59d8c87cd2e45fbd1b4c2cfae53c489478ad111bfdc5a1d03cac919691a69008
62,greedy3_Mul_node203_to_input1,29409,14.710943971070165,True,267,0,ok,c3f68cb972ce3f8fdded96b958fc61334b28512dc64a5a0a1f961328067b2a3e
268,greedy1_Sub_node37_to_input0,22281,14.988510423662595,False,33,1,mismatch example 33,9785ddcee925c9b29a8ed97c76dc5d412c49cfd496b4be0ded2bc7fdd33674cc
268,greedy1_And_node59_to_input0,22282,14.988465543380737,True,266,0,ok,5587e72b0d63a2e1200a74997b1335388da16796e34dcab7a9a13c0057044d6c
268,greedy1_And_node59_to_input1,22282,14.988465543380737,True,266,0,ok,5198a643a1f4c4ef2f0700fc87d0879055c280cf4d3c0223c9ffbb7fa0d7536b
268,greedy1_And_node60_to_input0,22282,14.988465543380737,True,266,0,ok,ce7f59bf73d3cd1beff8fc13323e56c9c56fb9a980e3f0c4307a07f346458d86
268,greedy1_And_node60_to_input1,22282,14.988465543380737,True,266,0,ok,bc78e82311d44234061340be90d91f0d72cf8fb922c44e7e873fc37061ddffbb
268,greedy1_And_node64_to_input0,22282,14.988465543380737,True,266,0,ok,b2d96c0f7306af40675e5026df2628826b064db2ed6b1a0664881d0022d6182a
268,greedy1_And_node64_to_input1,22282,14.988465543380737,True,266,0,ok,f34d768725e8b99e6175115258c335e9ed0b0cf459378c7fbd7a6b02834542cf
268,greedy1_And_node65_to_input0,22282,14.988465543380737,True,266,0,ok,69b616cda24ee80eae77d362fc162088fcfbbe1f6b9d946b03bff05af860b2be
268,greedy1_And_node65_to_input1,22282,14.988465543380737,True,266,0,ok,0759fef4734089a447c4d2fe1d9245c1a182b0c23112a4867dab97d9b5245f71
268,greedy1_And_node69_to_input0,22282,14.988465543380737,True,266,0,ok,77a00e10af48f24a9b16523efab8c9cda3359fc2a2c6d071b837147e78755c94
268,greedy1_And_node69_to_input1,22282,14.988465543380737,True,266,0,ok,a99e0008b7da2a44e7b404bc6c3b3aee26c8d0840e4a4974c398160409fd7b11
268,greedy1_And_node70_to_input0,22282,14.988465543380737,True,266,0,ok,312cf0042ffca6a0fc016c8847ade4ae8c2c0b2384a5e0aaa1c0f379b565ffe1
268,greedy1_And_node70_to_input1,22282,14.988465543380737,True,266,0,ok,dfc5314470480c78a515445414bd76705683284f72283170dbaa4bdcf3b1b976
268,greedy2_Sub_node37_to_input0,22280,14.98855530595878,False,33,1,mismatch example 33,39b8b455a5014d80dabcc86547b9ab4be482487d752262d417ec0ab732348393
268,greedy2_Greater_node57_to_input0,22281,14.988510423662595,True,266,0,ok,5c81edc31099b857c6a6f2cd3aff01eb0ba2c3c133ac26a35016846d38cc013d
268,greedy2_Greater_node57_to_input1,22281,14.988510423662595,True,266,0,ok,5c81edc31099b857c6a6f2cd3aff01eb0ba2c3c133ac26a35016846d38cc013d
268,greedy2_And_node59_to_input0,22281,14.988510423662595,True,266,0,ok,12ab2bd56557c26ecfd04072e32361ae312557cd63d907c9f0f344bbbc0db3b3
268,greedy2_And_node59_to_input1,22281,14.988510423662595,True,266,0,ok,42feae4b63e9ffad2eb9784717e296f6dd8d3ac36b490d2911a883f24af14d10
268,greedy2_And_node63_to_input0,22281,14.988510423662595,True,266,0,ok,4bbf00b56e132cd37810ed82495a21c57faef0549f6d3adf357e849417376fc2
268,greedy2_And_node63_to_input1,22281,14.988510423662595,True,266,0,ok,23b24893d37a0eba9c6842ed30e6191dc6e537561959b71ee05ffd404af636dd
268,greedy2_And_node64_to_input0,22281,14.988510423662595,True,266,0,ok,9d0b1977aedf7b3cbeab45aef4bcadf79051507a32ebd9bce96d5757071796cf
268,greedy2_And_node64_to_input1,22281,14.988510423662595,True,266,0,ok,183cfe3b4103fd11d6fdf882e354a1ebc5512909bd9450cd699ba8dca081d824
268,greedy2_And_node68_to_input0,22281,14.988510423662595,True,266,0,ok,1360745285f8f605a2b408a45b07ddd75eaed7f11b830a0fa72e6bd413eb5b46
268,greedy2_And_node68_to_input1,22281,14.988510423662595,True,266,0,ok,65180e2c137c701bd49bca351dab036b648fffe5a5e324bf4fc2a86d0616dec5
268,greedy2_And_node69_to_input0,22281,14.988510423662595,True,266,0,ok,bedaa134b56e0abbf983dc153fd67251e92f75c0ec9d9f773f2fdcec4eb5d687
268,greedy2_And_node69_to_input1,22281,14.988510423662595,True,266,0,ok,a64a8663d42493996115acc2bd9deb5afc87ddcf0b4b0d190bc6386299b36418
268,greedy3_Sub_node37_to_input0,22279,14.988600190269477,False,33,1,mismatch example 33,1433d182862fe59317b63f1f17b30c674acae40e1903251eccf857f7876d0632
268,greedy3_And_node58_to_input0,22280,14.98855530595878,True,266,0,ok,f691e209950b83a16abedee722a4edf7e8d2069cb0b0ffd897e51f099f809e6a
268,greedy3_And_node58_to_input1,22280,14.98855530595878,True,266,0,ok,ccee1f65c9a281d7cde032fac18db0abc49a44f1f4b833a84aca0168b6c76384
268,greedy3_And_node62_to_input0,22280,14.98855530595878,True,266,0,ok,0faf0de2c8dc436d3840d906dd1c3ce4eb1207d368e679bafa4a7304d2927b13
268,greedy3_And_node62_to_input1,22280,14.98855530595878,True,266,0,ok,50245be78cb10f86e82eab29aac1e5750925c0f7e25121bd9ea77b7886a410f2
268,greedy3_And_node63_to_input0,22280,14.98855530595878,True,266,0,ok,6bddff60c1b03e8b0455a23ed147119adacfdc3c1b06e8fc9cf8bc7fc3ce6db5
268,greedy3_And_node63_to_input1,22280,14.98855530595878,True,266,0,ok,7fcabed84af23f03d96ad835d28b5c09a4ddc0b074237b14c935e2aa0635fbf1
268,greedy3_And_node67_to_input0,22280,14.98855530595878,True,266,0,ok,b32e2a892c57e53058b09f26fbe0bea94c6b5564620351aa11f528f802ac9362
268,greedy3_And_node67_to_input1,22280,14.98855530595878,True,266,0,ok,5202578142290747a8398a5c1b6901938c8e12a720f5ec11f16b8d1f77899dd6
268,greedy3_And_node68_to_input0,22280,14.98855530595878,True,266,0,ok,1702059b23811ceb63004f9c8712487182e10bcae8538ab5bcba636aa2024ad2
268,greedy3_And_node68_to_input1,22280,14.98855530595878,True,266,0,ok,c183e06b5b935eafd2c19467216a6c7ed8f51bc576e78a32225ea4c5f06587b1
