idx,out_color,binary,colorized,features
0,4,"(1, 1, 1)","(1, 0, 0)","{'mode_nz': 1, 'least_nz': 3, 'mode_all': 0, 'center': 0, 'tl': 0, 'tr': 0, 'bl': 0, 'br': 0, 'bbox_tl': 3, 'bbox_tr': 1, 'bbox_bl': 1, 'bbox_br': 1, 'bbox_center': 0}"
1,6,"(1, 1, 1)","(1, 0, 0)","{'mode_nz': 8, 'least_nz': 2, 'mode_all': 0, 'center': 0, 'tl': 0, 'tr': 0, 'bl': 0, 'br': 0, 'bbox_tl': 6, 'bbox_tr': 8, 'bbox_bl': 8, 'bbox_br': 8, 'bbox_center': 0}"
2,2,"(1, 1, 1)","(1, 0, 0)","{'mode_nz': 3, 'least_nz': 1, 'mode_all': 0, 'center': 0, 'tl': 0, 'tr': 0, 'bl': 0, 'br': 0, 'bbox_tl': 3, 'bbox_tr': 3, 'bbox_bl': 2, 'bbox_br': 3, 'bbox_center': 0}"
3,8,"(1, 1, 1)","(1, 0, 0)","{'mode_nz': 1, 'least_nz': 4, 'mode_all': 0, 'center': 0, 'tl': 0, 'tr': 0, 'bl': 0, 'br': 0, 'bbox_tl': 1, 'bbox_tr': 1, 'bbox_bl': 1, 'bbox_br': 1, 'bbox_center': 0}"
4,4,"(1, 1, 1)","(1, 0, 0)","{'mode_nz': 2, 'least_nz': 8, 'mode_all': 0, 'center': 0, 'tl': 0, 'tr': 0, 'bl': 0, 'br': 0, 'bbox_tl': 2, 'bbox_tr': 2, 'bbox_bl': 2, 'bbox_br': 2, 'bbox_center': 0}"
5,3,"(1, 1, 1)","(1, 0, 0)","{'mode_nz': 8, 'least_nz': 1, 'mode_all': 0, 'center': 0, 'tl': 0, 'tr': 0, 'bl': 0, 'br': 0, 'bbox_tl': 3, 'bbox_tr': 5, 'bbox_bl': 8, 'bbox_br': 8, 'bbox_center': 0}"
6,2,"(1, 1, 1)","(1, 0, 0)","{'mode_nz': 9, 'least_nz': 5, 'mode_all': 0, 'center': 8, 'tl': 0, 'tr': 0, 'bl': 0, 'br': 0, 'bbox_tl': 2, 'bbox_tr': 2, 'bbox_bl': 9, 'bbox_br': 2, 'bbox_center': 8}"
7,1,"(1, 1, 1)","(1, 0, 0)","{'mode_nz': 2, 'least_nz': 3, 'mode_all': 0, 'center': 2, 'tl': 0, 'tr': 0, 'bl': 0, 'br': 0, 'bbox_tl': 2, 'bbox_tr': 2, 'bbox_bl': 2, 'bbox_br': 3, 'bbox_center': 2}"
8,3,"(1, 1, 1)","(1, 0, 0)","{'mode_nz': 1, 'least_nz': 7, 'mode_all': 0, 'center': 0, 'tl': 0, 'tr': 0, 'bl': 0, 'br': 0, 'bbox_tl': 3, 'bbox_tr': 1, 'bbox_bl': 1, 'bbox_br': 1, 'bbox_center': 0}"
9,3,"(1, 1, 1)","(1, 0, 0)","{'mode_nz': 8, 'least_nz': 2, 'mode_all': 0, 'center': 8, 'tl': 0, 'tr': 0, 'bl': 0, 'br': 0, 'bbox_tl': 8, 'bbox_tr': 8, 'bbox_bl': 8, 'bbox_br': 8, 'bbox_center': 8}"
10,1,"(1, 1, 1)","(1, 0, 0)","{'mode_nz': 6, 'least_nz': 4, 'mode_all': 0, 'center': 0, 'tl': 0, 'tr': 0, 'bl': 0, 'br': 0, 'bbox_tl': 6, 'bbox_tr': 1, 'bbox_bl': 6, 'bbox_br': 6, 'bbox_center': 0}"
11,9,"(1, 1, 1)","(1, 0, 0)","{'mode_nz': 6, 'least_nz': 3, 'mode_all': 0, 'center': 0, 'tl': 0, 'tr': 0, 'bl': 0, 'br': 0, 'bbox_tl': 6, 'bbox_tr': 9, 'bbox_bl': 6, 'bbox_br': 6, 'bbox_center': 0}"
12,7,"(1, 1, 1)","(1, 0, 0)","{'mode_nz': 2, 'least_nz': 8, 'mode_all': 0, 'center': 7, 'tl': 0, 'tr': 0, 'bl': 0, 'br': 0, 'bbox_tl': 2, 'bbox_tr': 8, 'bbox_bl': 7, 'bbox_br': 7, 'bbox_center': 7}"
13,5,"(1, 1, 1)","(1, 0, 0)","{'mode_nz': 2, 'least_nz': 7, 'mode_all': 0, 'center': 0, 'tl': 0, 'tr': 0, 'bl': 0, 'br': 0, 'bbox_tl': 8, 'bbox_tr': 2, 'bbox_bl': 2, 'bbox_br': 7, 'bbox_center': 0}"
14,8,"(1, 1, 1)","(1, 0, 0)","{'mode_nz': 6, 'least_nz': 5, 'mode_all': 0, 'center': 6, 'tl': 0, 'tr': 0, 'bl': 0, 'br': 0, 'bbox_tl': 8, 'bbox_tr': 6, 'bbox_bl': 5, 'bbox_br': 6, 'bbox_center': 6}"
15,4,"(1, 1, 1)","(1, 0, 0)","{'mode_nz': 2, 'least_nz': 6, 'mode_all': 0, 'center': 0, 'tl': 0, 'tr': 0, 'bl': 0, 'br': 0, 'bbox_tl': 2, 'bbox_tr': 4, 'bbox_bl': 2, 'bbox_br': 2, 'bbox_center': 0}"
16,3,"(1, 1, 1)","(1, 0, 0)","{'mode_nz': 1, 'least_nz': 9, 'mode_all': 0, 'center': 1, 'tl': 0, 'tr': 0, 'bl': 0, 'br': 0, 'bbox_tl': 1, 'bbox_tr': 1, 'bbox_bl': 5, 'bbox_br': 3, 'bbox_center': 1}"
17,8,"(1, 1, 1)","(1, 0, 0)","{'mode_nz': 5, 'least_nz': 2, 'mode_all': 0, 'center': 0, 'tl': 0, 'tr': 0, 'bl': 0, 'br': 0, 'bbox_tl': 5, 'bbox_tr': 5, 'bbox_bl': 5, 'bbox_br': 5, 'bbox_center': 0}"
18,5,"(1, 1, 1)","(1, 0, 0)","{'mode_nz': 2, 'least_nz': 9, 'mode_all': 0, 'center': 5, 'tl': 0, 'tr': 0, 'bl': 0, 'br': 0, 'bbox_tl': 2, 'bbox_tr': 2, 'bbox_bl': 2, 'bbox_br': 2, 'bbox_center': 5}"
19,3,"(1, 1, 1)","(1, 0, 0)","{'mode_nz': 1, 'least_nz': 8, 'mode_all': 0, 'center': 1, 'tl': 0, 'tr': 0, 'bl': 0, 'br': 0, 'bbox_tl': 1, 'bbox_tr': 1, 'bbox_bl': 1, 'bbox_br': 1, 'bbox_center': 1}"
20,5,"(1, 1, 1)","(1, 0, 0)","{'mode_nz': 8, 'least_nz': 4, 'mode_all': 0, 'center': 0, 'tl': 0, 'tr': 0, 'bl': 0, 'br': 0, 'bbox_tl': 9, 'bbox_tr': 8, 'bbox_bl': 8, 'bbox_br': 9, 'bbox_center': 0}"
21,2,"(1, 1, 1)","(1, 0, 0)","{'mode_nz': 5, 'least_nz': 3, 'mode_all': 0, 'center': 5, 'tl': 0, 'tr': 0, 'bl': 0, 'br': 0, 'bbox_tl': 5, 'bbox_tr': 4, 'bbox_bl': 5, 'bbox_br': 5, 'bbox_center': 5}"
22,3,"(1, 1, 1)","(1, 0, 0)","{'mode_nz': 9, 'least_nz': 8, 'mode_all': 0, 'center': 0, 'tl': 0, 'tr': 0, 'bl': 0, 'br': 0, 'bbox_tl': 9, 'bbox_tr': 8, 'bbox_bl': 9, 'bbox_br': 9, 'bbox_center': 0}"
23,7,"(1, 1, 1)","(1, 0, 0)","{'mode_nz': 9, 'least_nz': 6, 'mode_all': 0, 'center': 0, 'tl': 0, 'tr': 0, 'bl': 0, 'br': 0, 'bbox_tl': 9, 'bbox_tr': 9, 'bbox_bl': 9, 'bbox_br': 7, 'bbox_center': 0}"
24,4,"(1, 1, 1)","(1, 0, 0)","{'mode_nz': 2, 'least_nz': 5, 'mode_all': 0, 'center': 4, 'tl': 0, 'tr': 0, 'bl': 0, 'br': 0, 'bbox_tl': 2, 'bbox_tr': 5, 'bbox_bl': 2, 'bbox_br': 2, 'bbox_center': 4}"
25,4,"(1, 1, 1)","(1, 0, 0)","{'mode_nz': 1, 'least_nz': 9, 'mode_all': 0, 'center': 1, 'tl': 0, 'tr': 0, 'bl': 0, 'br': 0, 'bbox_tl': 1, 'bbox_tr': 9, 'bbox_bl': 1, 'bbox_br': 1, 'bbox_center': 1}"
26,2,"(1, 1, 1)","(1, 0, 0)","{'mode_nz': 6, 'least_nz': 7, 'mode_all': 0, 'center': 6, 'tl': 0, 'tr': 0, 'bl': 0, 'br': 0, 'bbox_tl': 6, 'bbox_tr': 6, 'bbox_bl': 6, 'bbox_br': 2, 'bbox_center': 6}"
27,3,"(1, 1, 1)","(1, 0, 0)","{'mode_nz': 8, 'least_nz': 1, 'mode_all': 0, 'center': 0, 'tl': 0, 'tr': 0, 'bl': 0, 'br': 0, 'bbox_tl': 8, 'bbox_tr': 8, 'bbox_bl': 8, 'bbox_br': 8, 'bbox_center': 0}"
28,6,"(1, 1, 1)","(1, 0, 0)","{'mode_nz': 9, 'least_nz': 5, 'mode_all': 0, 'center': 0, 'tl': 0, 'tr': 0, 'bl': 0, 'br': 0, 'bbox_tl': 9, 'bbox_tr': 9, 'bbox_bl': 7, 'bbox_br': 9, 'bbox_center': 0}"
29,5,"(1, 1, 1)","(1, 0, 0)","{'mode_nz': 2, 'least_nz': 7, 'mode_all': 0, 'center': 4, 'tl': 0, 'tr': 0, 'bl': 0, 'br': 0, 'bbox_tl': 2, 'bbox_tr': 2, 'bbox_bl': 2, 'bbox_br': 2, 'bbox_center': 4}"
30,6,"(1, 1, 1)","(1, 0, 0)","{'mode_nz': 4, 'least_nz': 3, 'mode_all': 0, 'center': 6, 'tl': 0, 'tr': 0, 'bl': 0, 'br': 0, 'bbox_tl': 4, 'bbox_tr': 4, 'bbox_bl': 4, 'bbox_br': 7, 'bbox_center': 6}"
31,3,"(1, 1, 1)","(1, 0, 0)","{'mode_nz': 9, 'least_nz': 8, 'mode_all': 0, 'center': 1, 'tl': 0, 'tr': 0, 'bl': 0, 'br': 0, 'bbox_tl': 9, 'bbox_tr': 3, 'bbox_bl': 3, 'bbox_br': 9, 'bbox_center': 1}"
32,6,"(1, 1, 1)","(1, 0, 0)","{'mode_nz': 9, 'least_nz': 7, 'mode_all': 0, 'center': 9, 'tl': 0, 'tr': 0, 'bl': 0, 'br': 0, 'bbox_tl': 9, 'bbox_tr': 9, 'bbox_bl': 6, 'bbox_br': 9, 'bbox_center': 9}"
33,3,"(1, 1, 1)","(1, 0, 0)","{'mode_nz': 1, 'least_nz': 6, 'mode_all': 0, 'center': 0, 'tl': 0, 'tr': 0, 'bl': 0, 'br': 0, 'bbox_tl': 1, 'bbox_tr': 1, 'bbox_bl': 1, 'bbox_br': 1, 'bbox_center': 0}"
34,9,"(1, 1, 1)","(1, 0, 0)","{'mode_nz': 6, 'least_nz': 8, 'mode_all': 0, 'center': 0, 'tl': 0, 'tr': 0, 'bl': 0, 'br': 0, 'bbox_tl': 6, 'bbox_tr': 8, 'bbox_bl': 6, 'bbox_br': 9, 'bbox_center': 0}"
35,7,"(1, 1, 1)","(1, 0, 0)","{'mode_nz': 3, 'least_nz': 1, 'mode_all': 0, 'center': 3, 'tl': 0, 'tr': 0, 'bl': 0, 'br': 0, 'bbox_tl': 7, 'bbox_tr': 3, 'bbox_bl': 3, 'bbox_br': 8, 'bbox_center': 3}"
36,2,"(1, 1, 1)","(1, 0, 0)","{'mode_nz': 9, 'least_nz': 7, 'mode_all': 0, 'center': 9, 'tl': 0, 'tr': 0, 'bl': 0, 'br': 0, 'bbox_tl': 2, 'bbox_tr': 9, 'bbox_bl': 2, 'bbox_br': 9, 'bbox_center': 9}"
37,6,"(1, 1, 1)","(1, 0, 0)","{'mode_nz': 5, 'least_nz': 1, 'mode_all': 0, 'center': 5, 'tl': 0, 'tr': 0, 'bl': 0, 'br': 0, 'bbox_tl': 5, 'bbox_tr': 5, 'bbox_bl': 5, 'bbox_br': 2, 'bbox_center': 5}"
38,9,"(1, 1, 1)","(1, 0, 0)","{'mode_nz': 2, 'least_nz': 6, 'mode_all': 0, 'center': 0, 'tl': 0, 'tr': 0, 'bl': 0, 'br': 0, 'bbox_tl': 2, 'bbox_tr': 2, 'bbox_bl': 9, 'bbox_br': 2, 'bbox_center': 0}"
39,7,"(1, 1, 1)","(1, 0, 0)","{'mode_nz': 8, 'least_nz': 3, 'mode_all': 0, 'center': 0, 'tl': 0, 'tr': 0, 'bl': 0, 'br': 0, 'bbox_tl': 8, 'bbox_tr': 5, 'bbox_bl': 8, 'bbox_br': 8, 'bbox_center': 0}"
40,4,"(1, 1, 1)","(1, 0, 0)","{'mode_nz': 6, 'least_nz': 2, 'mode_all': 0, 'center': 6, 'tl': 0, 'tr': 0, 'bl': 0, 'br': 0, 'bbox_tl': 6, 'bbox_tr': 6, 'bbox_bl': 4, 'bbox_br': 6, 'bbox_center': 6}"
41,2,"(1, 1, 1)","(1, 0, 0)","{'mode_nz': 8, 'least_nz': 1, 'mode_all': 0, 'center': 0, 'tl': 0, 'tr': 0, 'bl': 0, 'br': 0, 'bbox_tl': 8, 'bbox_tr': 2, 'bbox_bl': 8, 'bbox_br': 8, 'bbox_center': 0}"
42,3,"(1, 1, 1)","(1, 0, 0)","{'mode_nz': 9, 'least_nz': 7, 'mode_all': 0, 'center': 0, 'tl': 0, 'tr': 0, 'bl': 0, 'br': 0, 'bbox_tl': 9, 'bbox_tr': 9, 'bbox_bl': 9, 'bbox_br': 9, 'bbox_center': 0}"
43,1,"(1, 1, 1)","(1, 0, 0)","{'mode_nz': 9, 'least_nz': 7, 'mode_all': 0, 'center': 0, 'tl': 0, 'tr': 0, 'bl': 0, 'br': 0, 'bbox_tl': 9, 'bbox_tr': 9, 'bbox_bl': 6, 'bbox_br': 9, 'bbox_center': 0}"
44,6,"(1, 1, 1)","(1, 0, 0)","{'mode_nz': 2, 'least_nz': 4, 'mode_all': 0, 'center': 2, 'tl': 0, 'tr': 0, 'bl': 0, 'br': 0, 'bbox_tl': 2, 'bbox_tr': 2, 'bbox_bl': 2, 'bbox_br': 2, 'bbox_center': 2}"
45,6,"(1, 1, 1)","(1, 0, 0)","{'mode_nz': 2, 'least_nz': 4, 'mode_all': 0, 'center': 2, 'tl': 0, 'tr': 0, 'bl': 0, 'br': 0, 'bbox_tl': 2, 'bbox_tr': 9, 'bbox_bl': 2, 'bbox_br': 2, 'bbox_center': 2}"
46,4,"(1, 1, 1)","(1, 0, 0)","{'mode_nz': 5, 'least_nz': 8, 'mode_all': 0, 'center': 0, 'tl': 0, 'tr': 0, 'bl': 0, 'br': 0, 'bbox_tl': 5, 'bbox_tr': 5, 'bbox_bl': 5, 'bbox_br': 5, 'bbox_center': 0}"
47,8,"(1, 1, 1)","(1, 0, 0)","{'mode_nz': 1, 'least_nz': 5, 'mode_all': 0, 'center': 0, 'tl': 0, 'tr': 0, 'bl': 0, 'br': 0, 'bbox_tl': 2, 'bbox_tr': 8, 'bbox_bl': 1, 'bbox_br': 5, 'bbox_center': 0}"
48,9,"(1, 1, 1)","(1, 0, 0)","{'mode_nz': 8, 'least_nz': 5, 'mode_all': 0, 'center': 0, 'tl': 0, 'tr': 0, 'bl': 0, 'br': 0, 'bbox_tl': 5, 'bbox_tr': 8, 'bbox_bl': 9, 'bbox_br': 9, 'bbox_center': 0}"
49,3,"(1, 1, 1)","(1, 0, 0)","{'mode_nz': 9, 'least_nz': 1, 'mode_all': 0, 'center': 0, 'tl': 0, 'tr': 0, 'bl': 0, 'br': 0, 'bbox_tl': 9, 'bbox_tr': 3, 'bbox_bl': 9, 'bbox_br': 9, 'bbox_center': 0}"
50,3,"(1, 1, 1)","(1, 0, 0)","{'mode_nz': 2, 'least_nz': 9, 'mode_all': 0, 'center': 0, 'tl': 0, 'tr': 0, 'bl': 0, 'br': 0, 'bbox_tl': 7, 'bbox_tr': 2, 'bbox_bl': 2, 'bbox_br': 3, 'bbox_center': 0}"
51,2,"(1, 1, 1)","(1, 0, 0)","{'mode_nz': 4, 'least_nz': 1, 'mode_all': 0, 'center': 0, 'tl': 0, 'tr': 0, 'bl': 0, 'br': 0, 'bbox_tl': 1, 'bbox_tr': 1, 'bbox_bl': 2, 'bbox_br': 4, 'bbox_center': 0}"
52,9,"(1, 1, 1)","(1, 0, 0)","{'mode_nz': 7, 'least_nz': 5, 'mode_all': 0, 'center': 0, 'tl': 0, 'tr': 0, 'bl': 0, 'br': 0, 'bbox_tl': 7, 'bbox_tr': 7, 'bbox_bl': 5, 'bbox_br': 9, 'bbox_center': 0}"
53,9,"(1, 1, 1)","(1, 0, 0)","{'mode_nz': 1, 'least_nz': 8, 'mode_all': 0, 'center': 0, 'tl': 0, 'tr': 0, 'bl': 0, 'br': 0, 'bbox_tl': 1, 'bbox_tr': 9, 'bbox_bl': 1, 'bbox_br': 9, 'bbox_center': 0}"
54,6,"(1, 1, 1)","(1, 0, 0)","{'mode_nz': 4, 'least_nz': 1, 'mode_all': 0, 'center': 4, 'tl': 0, 'tr': 0, 'bl': 0, 'br': 0, 'bbox_tl': 4, 'bbox_tr': 4, 'bbox_bl': 4, 'bbox_br': 4, 'bbox_center': 4}"
55,5,"(1, 1, 1)","(1, 0, 0)","{'mode_nz': 7, 'least_nz': 9, 'mode_all': 0, 'center': 7, 'tl': 0, 'tr': 0, 'bl': 0, 'br': 0, 'bbox_tl': 7, 'bbox_tr': 8, 'bbox_bl': 8, 'bbox_br': 7, 'bbox_center': 7}"
56,9,"(1, 1, 1)","(1, 0, 0)","{'mode_nz': 5, 'least_nz': 7, 'mode_all': 0, 'center': 0, 'tl': 0, 'tr': 0, 'bl': 0, 'br': 0, 'bbox_tl': 5, 'bbox_tr': 6, 'bbox_bl': 5, 'bbox_br': 5, 'bbox_center': 0}"
57,6,"(1, 1, 1)","(1, 0, 0)","{'mode_nz': 2, 'least_nz': 1, 'mode_all': 0, 'center': 0, 'tl': 0, 'tr': 0, 'bl': 0, 'br': 0, 'bbox_tl': 2, 'bbox_tr': 2, 'bbox_bl': 2, 'bbox_br': 2, 'bbox_center': 0}"
58,3,"(1, 1, 1)","(1, 0, 0)","{'mode_nz': 1, 'least_nz': 6, 'mode_all': 0, 'center': 0, 'tl': 0, 'tr': 0, 'bl': 0, 'br': 0, 'bbox_tl': 1, 'bbox_tr': 8, 'bbox_bl': 1, 'bbox_br': 1, 'bbox_center': 0}"
59,2,"(1, 1, 1)","(1, 0, 0)","{'mode_nz': 4, 'least_nz': 9, 'mode_all': 0, 'center': 0, 'tl': 0, 'tr': 0, 'bl': 0, 'br': 0, 'bbox_tl': 4, 'bbox_tr': 3, 'bbox_bl': 4, 'bbox_br': 4, 'bbox_center': 0}"
60,8,"(1, 1, 1)","(1, 0, 0)","{'mode_nz': 7, 'least_nz': 2, 'mode_all': 0, 'center': 8, 'tl': 0, 'tr': 0, 'bl': 0, 'br': 0, 'bbox_tl': 7, 'bbox_tr': 7, 'bbox_bl': 2, 'bbox_br': 7, 'bbox_center': 8}"
61,8,"(1, 1, 1)","(1, 0, 0)","{'mode_nz': 1, 'least_nz': 9, 'mode_all': 0, 'center': 0, 'tl': 0, 'tr': 0, 'bl': 0, 'br': 0, 'bbox_tl': 1, 'bbox_tr': 1, 'bbox_bl': 1, 'bbox_br': 5, 'bbox_center': 0}"
62,7,"(1, 1, 1)","(1, 0, 0)","{'mode_nz': 2, 'least_nz': 9, 'mode_all': 0, 'center': 0, 'tl': 0, 'tr': 0, 'bl': 0, 'br': 0, 'bbox_tl': 7, 'bbox_tr': 2, 'bbox_bl': 2, 'bbox_br': 2, 'bbox_center': 0}"
63,6,"(1, 1, 1)","(1, 0, 0)","{'mode_nz': 1, 'least_nz': 3, 'mode_all': 0, 'center': 0, 'tl': 0, 'tr': 0, 'bl': 0, 'br': 0, 'bbox_tl': 1, 'bbox_tr': 5, 'bbox_bl': 1, 'bbox_br': 1, 'bbox_center': 0}"
64,4,"(1, 1, 1)","(1, 0, 0)","{'mode_nz': 6, 'least_nz': 9, 'mode_all': 0, 'center': 0, 'tl': 0, 'tr': 0, 'bl': 0, 'br': 0, 'bbox_tl': 9, 'bbox_tr': 6, 'bbox_bl': 6, 'bbox_br': 8, 'bbox_center': 0}"
65,7,"(1, 1, 1)","(1, 0, 0)","{'mode_nz': 4, 'least_nz': 9, 'mode_all': 0, 'center': 0, 'tl': 0, 'tr': 0, 'bl': 0, 'br': 0, 'bbox_tl': 4, 'bbox_tr': 7, 'bbox_bl': 1, 'bbox_br': 7, 'bbox_center': 0}"
66,1,"(1, 1, 1)","(1, 0, 0)","{'mode_nz': 4, 'least_nz': 5, 'mode_all': 0, 'center': 4, 'tl': 0, 'tr': 0, 'bl': 0, 'br': 0, 'bbox_tl': 4, 'bbox_tr': 4, 'bbox_bl': 4, 'bbox_br': 4, 'bbox_center': 4}"
67,9,"(1, 1, 1)","(1, 0, 0)","{'mode_nz': 3, 'least_nz': 8, 'mode_all': 0, 'center': 0, 'tl': 0, 'tr': 0, 'bl': 0, 'br': 0, 'bbox_tl': 9, 'bbox_tr': 9, 'bbox_bl': 3, 'bbox_br': 8, 'bbox_center': 0}"
68,5,"(1, 1, 1)","(1, 0, 0)","{'mode_nz': 4, 'least_nz': 7, 'mode_all': 0, 'center': 4, 'tl': 0, 'tr': 0, 'bl': 0, 'br': 0, 'bbox_tl': 4, 'bbox_tr': 4, 'bbox_bl': 7, 'bbox_br': 2, 'bbox_center': 4}"
69,6,"(1, 1, 1)","(1, 0, 0)","{'mode_nz': 9, 'least_nz': 1, 'mode_all': 0, 'center': 0, 'tl': 0, 'tr': 0, 'bl': 0, 'br': 0, 'bbox_tl': 9, 'bbox_tr': 9, 'bbox_bl': 9, 'bbox_br': 6, 'bbox_center': 0}"
70,1,"(1, 1, 1)","(1, 0, 0)","{'mode_nz': 8, 'least_nz': 7, 'mode_all': 0, 'center': 8, 'tl': 0, 'tr': 0, 'bl': 0, 'br': 0, 'bbox_tl': 8, 'bbox_tr': 8, 'bbox_bl': 8, 'bbox_br': 7, 'bbox_center': 8}"
71,3,"(1, 1, 1)","(1, 0, 0)","{'mode_nz': 2, 'least_nz': 1, 'mode_all': 0, 'center': 0, 'tl': 0, 'tr': 0, 'bl': 0, 'br': 0, 'bbox_tl': 2, 'bbox_tr': 2, 'bbox_bl': 8, 'bbox_br': 2, 'bbox_center': 0}"
72,4,"(1, 1, 1)","(1, 0, 0)","{'mode_nz': 7, 'least_nz': 3, 'mode_all': 0, 'center': 7, 'tl': 0, 'tr': 0, 'bl': 0, 'br': 0, 'bbox_tl': 7, 'bbox_tr': 7, 'bbox_bl': 7, 'bbox_br': 7, 'bbox_center': 7}"
73,4,"(1, 1, 1)","(1, 0, 0)","{'mode_nz': 1, 'least_nz': 3, 'mode_all': 0, 'center': 0, 'tl': 0, 'tr': 0, 'bl': 0, 'br': 0, 'bbox_tl': 1, 'bbox_tr': 1, 'bbox_bl': 1, 'bbox_br': 4, 'bbox_center': 0}"
74,6,"(1, 1, 1)","(1, 0, 0)","{'mode_nz': 1, 'least_nz': 2, 'mode_all': 0, 'center': 1, 'tl': 0, 'tr': 0, 'bl': 0, 'br': 0, 'bbox_tl': 1, 'bbox_tr': 1, 'bbox_bl': 1, 'bbox_br': 6, 'bbox_center': 1}"
75,2,"(1, 1, 1)","(1, 0, 0)","{'mode_nz': 8, 'least_nz': 1, 'mode_all': 0, 'center': 8, 'tl': 0, 'tr': 0, 'bl': 0, 'br': 0, 'bbox_tl': 8, 'bbox_tr': 8, 'bbox_bl': 8, 'bbox_br': 2, 'bbox_center': 8}"
76,9,"(1, 1, 1)","(1, 0, 0)","{'mode_nz': 5, 'least_nz': 8, 'mode_all': 0, 'center': 0, 'tl': 0, 'tr': 0, 'bl': 0, 'br': 0, 'bbox_tl': 9, 'bbox_tr': 5, 'bbox_bl': 9, 'bbox_br': 5, 'bbox_center': 0}"
77,9,"(1, 1, 1)","(1, 0, 0)","{'mode_nz': 2, 'least_nz': 7, 'mode_all': 0, 'center': 5, 'tl': 0, 'tr': 0, 'bl': 0, 'br': 0, 'bbox_tl': 2, 'bbox_tr': 2, 'bbox_bl': 2, 'bbox_br': 7, 'bbox_center': 5}"
78,6,"(1, 1, 1)","(1, 0, 0)","{'mode_nz': 2, 'least_nz': 8, 'mode_all': 0, 'center': 0, 'tl': 0, 'tr': 0, 'bl': 0, 'br': 0, 'bbox_tl': 2, 'bbox_tr': 2, 'bbox_bl': 6, 'bbox_br': 2, 'bbox_center': 0}"
79,1,"(1, 1, 1)","(1, 0, 0)","{'mode_nz': 7, 'least_nz': 5, 'mode_all': 0, 'center': 0, 'tl': 0, 'tr': 0, 'bl': 0, 'br': 0, 'bbox_tl': 7, 'bbox_tr': 9, 'bbox_bl': 7, 'bbox_br': 1, 'bbox_center': 0}"
80,8,"(1, 1, 1)","(1, 0, 0)","{'mode_nz': 2, 'least_nz': 5, 'mode_all': 0, 'center': 0, 'tl': 0, 'tr': 0, 'bl': 0, 'br': 0, 'bbox_tl': 2, 'bbox_tr': 8, 'bbox_bl': 8, 'bbox_br': 2, 'bbox_center': 0}"
81,9,"(1, 1, 1)","(1, 0, 0)","{'mode_nz': 3, 'least_nz': 5, 'mode_all': 0, 'center': 3, 'tl': 0, 'tr': 0, 'bl': 0, 'br': 0, 'bbox_tl': 3, 'bbox_tr': 3, 'bbox_bl': 3, 'bbox_br': 3, 'bbox_center': 3}"
82,5,"(1, 1, 1)","(1, 0, 0)","{'mode_nz': 8, 'least_nz': 7, 'mode_all': 0, 'center': 0, 'tl': 0, 'tr': 0, 'bl': 0, 'br': 0, 'bbox_tl': 9, 'bbox_tr': 8, 'bbox_bl': 8, 'bbox_br': 8, 'bbox_center': 0}"
83,7,"(1, 1, 1)","(1, 0, 0)","{'mode_nz': 1, 'least_nz': 5, 'mode_all': 0, 'center': 5, 'tl': 0, 'tr': 0, 'bl': 0, 'br': 0, 'bbox_tl': 9, 'bbox_tr': 1, 'bbox_bl': 1, 'bbox_br': 1, 'bbox_center': 5}"
84,6,"(1, 1, 1)","(1, 0, 0)","{'mode_nz': 8, 'least_nz': 9, 'mode_all': 0, 'center': 0, 'tl': 0, 'tr': 0, 'bl': 0, 'br': 0, 'bbox_tl': 8, 'bbox_tr': 8, 'bbox_bl': 6, 'bbox_br': 8, 'bbox_center': 0}"
85,6,"(1, 1, 1)","(1, 0, 0)","{'mode_nz': 1, 'least_nz': 7, 'mode_all': 0, 'center': 1, 'tl': 0, 'tr': 0, 'bl': 0, 'br': 0, 'bbox_tl': 4, 'bbox_tr': 1, 'bbox_bl': 7, 'bbox_br': 1, 'bbox_center': 1}"
86,2,"(1, 1, 1)","(1, 0, 0)","{'mode_nz': 6, 'least_nz': 1, 'mode_all': 0, 'center': 0, 'tl': 0, 'tr': 0, 'bl': 0, 'br': 0, 'bbox_tl': 1, 'bbox_tr': 6, 'bbox_bl': 6, 'bbox_br': 6, 'bbox_center': 0}"
87,4,"(1, 1, 1)","(1, 0, 0)","{'mode_nz': 9, 'least_nz': 5, 'mode_all': 0, 'center': 0, 'tl': 0, 'tr': 0, 'bl': 0, 'br': 0, 'bbox_tl': 9, 'bbox_tr': 6, 'bbox_bl': 6, 'bbox_br': 4, 'bbox_center': 0}"
88,3,"(1, 1, 1)","(1, 0, 0)","{'mode_nz': 6, 'least_nz': 8, 'mode_all': 0, 'center': 0, 'tl': 0, 'tr': 0, 'bl': 0, 'br': 0, 'bbox_tl': 6, 'bbox_tr': 6, 'bbox_bl': 2, 'bbox_br': 6, 'bbox_center': 0}"
89,1,"(1, 1, 1)","(1, 0, 0)","{'mode_nz': 6, 'least_nz': 7, 'mode_all': 0, 'center': 0, 'tl': 0, 'tr': 0, 'bl': 0, 'br': 0, 'bbox_tl': 3, 'bbox_tr': 3, 'bbox_bl': 6, 'bbox_br': 6, 'bbox_center': 0}"
90,4,"(1, 1, 1)","(1, 0, 0)","{'mode_nz': 8, 'least_nz': 2, 'mode_all': 0, 'center': 0, 'tl': 0, 'tr': 0, 'bl': 0, 'br': 0, 'bbox_tl': 8, 'bbox_tr': 8, 'bbox_bl': 8, 'bbox_br': 8, 'bbox_center': 0}"
91,8,"(1, 1, 1)","(1, 0, 0)","{'mode_nz': 6, 'least_nz': 5, 'mode_all': 0, 'center': 0, 'tl': 0, 'tr': 0, 'bl': 0, 'br': 0, 'bbox_tl': 8, 'bbox_tr': 6, 'bbox_bl': 8, 'bbox_br': 6, 'bbox_center': 0}"
92,7,"(1, 1, 1)","(1, 0, 0)","{'mode_nz': 5, 'least_nz': 9, 'mode_all': 0, 'center': 9, 'tl': 0, 'tr': 0, 'bl': 0, 'br': 0, 'bbox_tl': 5, 'bbox_tr': 7, 'bbox_bl': 7, 'bbox_br': 5, 'bbox_center': 9}"
93,8,"(1, 1, 1)","(1, 0, 0)","{'mode_nz': 5, 'least_nz': 3, 'mode_all': 0, 'center': 8, 'tl': 0, 'tr': 0, 'bl': 0, 'br': 0, 'bbox_tl': 5, 'bbox_tr': 5, 'bbox_bl': 5, 'bbox_br': 5, 'bbox_center': 8}"
94,9,"(1, 1, 1)","(1, 0, 0)","{'mode_nz': 8, 'least_nz': 5, 'mode_all': 0, 'center': 0, 'tl': 0, 'tr': 0, 'bl': 0, 'br': 0, 'bbox_tl': 9, 'bbox_tr': 9, 'bbox_bl': 5, 'bbox_br': 8, 'bbox_center': 0}"
95,6,"(1, 1, 1)","(1, 0, 0)","{'mode_nz': 8, 'least_nz': 4, 'mode_all': 0, 'center': 0, 'tl': 0, 'tr': 0, 'bl': 0, 'br': 0, 'bbox_tl': 7, 'bbox_tr': 6, 'bbox_bl': 8, 'bbox_br': 8, 'bbox_center': 0}"
96,6,"(1, 1, 1)","(1, 0, 0)","{'mode_nz': 3, 'least_nz': 2, 'mode_all': 0, 'center': 0, 'tl': 0, 'tr': 0, 'bl': 0, 'br': 0, 'bbox_tl': 3, 'bbox_tr': 3, 'bbox_bl': 3, 'bbox_br': 6, 'bbox_center': 0}"
97,7,"(1, 1, 1)","(1, 0, 0)","{'mode_nz': 8, 'least_nz': 9, 'mode_all': 0, 'center': 8, 'tl': 0, 'tr': 0, 'bl': 0, 'br': 0, 'bbox_tl': 8, 'bbox_tr': 8, 'bbox_bl': 8, 'bbox_br': 8, 'bbox_center': 8}"
98,1,"(1, 1, 1)","(1, 0, 0)","{'mode_nz': 3, 'least_nz': 6, 'mode_all': 0, 'center': 0, 'tl': 0, 'tr': 0, 'bl': 0, 'br': 0, 'bbox_tl': 1, 'bbox_tr': 3, 'bbox_bl': 5, 'bbox_br': 3, 'bbox_center': 0}"
99,2,"(1, 1, 1)","(1, 0, 0)","{'mode_nz': 1, 'least_nz': 8, 'mode_all': 0, 'center': 1, 'tl': 0, 'tr': 0, 'bl': 0, 'br': 0, 'bbox_tl': 1, 'bbox_tr': 1, 'bbox_bl': 2, 'bbox_br': 2, 'bbox_center': 1}"
100,6,"(1, 1, 1)","(1, 0, 0)","{'mode_nz': 4, 'least_nz': 2, 'mode_all': 0, 'center': 4, 'tl': 0, 'tr': 0, 'bl': 0, 'br': 0, 'bbox_tl': 9, 'bbox_tr': 4, 'bbox_bl': 6, 'bbox_br': 4, 'bbox_center': 4}"
101,6,"(1, 1, 1)","(1, 0, 0)","{'mode_nz': 5, 'least_nz': 7, 'mode_all': 0, 'center': 0, 'tl': 0, 'tr': 0, 'bl': 0, 'br': 0, 'bbox_tl': 8, 'bbox_tr': 6, 'bbox_bl': 5, 'bbox_br': 5, 'bbox_center': 0}"
102,2,"(1, 1, 1)","(1, 0, 0)","{'mode_nz': 4, 'least_nz': 5, 'mode_all': 0, 'center': 0, 'tl': 0, 'tr': 0, 'bl': 0, 'br': 0, 'bbox_tl': 4, 'bbox_tr': 3, 'bbox_bl': 4, 'bbox_br': 4, 'bbox_center': 0}"
103,5,"(1, 1, 1)","(1, 0, 0)","{'mode_nz': 1, 'least_nz': 2, 'mode_all': 0, 'center': 1, 'tl': 0, 'tr': 0, 'bl': 0, 'br': 0, 'bbox_tl': 5, 'bbox_tr': 1, 'bbox_bl': 1, 'bbox_br': 1, 'bbox_center': 1}"
104,6,"(1, 1, 1)","(1, 0, 0)","{'mode_nz': 3, 'least_nz': 8, 'mode_all': 0, 'center': 0, 'tl': 0, 'tr': 0, 'bl': 0, 'br': 0, 'bbox_tl': 6, 'bbox_tr': 3, 'bbox_bl': 2, 'bbox_br': 3, 'bbox_center': 0}"
105,6,"(1, 1, 1)","(1, 0, 0)","{'mode_nz': 8, 'least_nz': 2, 'mode_all': 0, 'center': 0, 'tl': 0, 'tr': 0, 'bl': 0, 'br': 0, 'bbox_tl': 8, 'bbox_tr': 8, 'bbox_bl': 6, 'bbox_br': 8, 'bbox_center': 0}"
106,8,"(1, 1, 1)","(1, 0, 0)","{'mode_nz': 9, 'least_nz': 5, 'mode_all': 0, 'center': 0, 'tl': 0, 'tr': 0, 'bl': 0, 'br': 0, 'bbox_tl': 9, 'bbox_tr': 9, 'bbox_bl': 9, 'bbox_br': 8, 'bbox_center': 0}"
107,4,"(1, 1, 1)","(1, 0, 0)","{'mode_nz': 3, 'least_nz': 8, 'mode_all': 0, 'center': 3, 'tl': 0, 'tr': 0, 'bl': 0, 'br': 0, 'bbox_tl': 3, 'bbox_tr': 2, 'bbox_bl': 3, 'bbox_br': 8, 'bbox_center': 3}"
108,6,"(1, 1, 1)","(1, 0, 0)","{'mode_nz': 7, 'least_nz': 4, 'mode_all': 0, 'center': 0, 'tl': 0, 'tr': 0, 'bl': 0, 'br': 0, 'bbox_tl': 6, 'bbox_tr': 6, 'bbox_bl': 7, 'bbox_br': 6, 'bbox_center': 0}"
109,2,"(1, 1, 1)","(1, 0, 0)","{'mode_nz': 5, 'least_nz': 9, 'mode_all': 0, 'center': 5, 'tl': 0, 'tr': 0, 'bl': 0, 'br': 0, 'bbox_tl': 2, 'bbox_tr': 5, 'bbox_bl': 2, 'bbox_br': 5, 'bbox_center': 5}"
110,7,"(1, 1, 1)","(1, 0, 0)","{'mode_nz': 1, 'least_nz': 6, 'mode_all': 0, 'center': 1, 'tl': 0, 'tr': 0, 'bl': 0, 'br': 0, 'bbox_tl': 5, 'bbox_tr': 1, 'bbox_bl': 7, 'bbox_br': 1, 'bbox_center': 1}"
111,4,"(1, 1, 1)","(1, 0, 0)","{'mode_nz': 6, 'least_nz': 7, 'mode_all': 0, 'center': 4, 'tl': 0, 'tr': 0, 'bl': 0, 'br': 0, 'bbox_tl': 6, 'bbox_tr': 6, 'bbox_bl': 4, 'bbox_br': 4, 'bbox_center': 4}"
112,5,"(1, 1, 1)","(1, 0, 0)","{'mode_nz': 3, 'least_nz': 1, 'mode_all': 0, 'center': 0, 'tl': 0, 'tr': 0, 'bl': 0, 'br': 0, 'bbox_tl': 3, 'bbox_tr': 3, 'bbox_bl': 1, 'bbox_br': 5, 'bbox_center': 0}"
113,1,"(1, 1, 1)","(1, 0, 0)","{'mode_nz': 6, 'least_nz': 4, 'mode_all': 0, 'center': 8, 'tl': 0, 'tr': 0, 'bl': 0, 'br': 0, 'bbox_tl': 8, 'bbox_tr': 1, 'bbox_bl': 6, 'bbox_br': 6, 'bbox_center': 8}"
114,2,"(1, 1, 1)","(1, 0, 0)","{'mode_nz': 9, 'least_nz': 3, 'mode_all': 0, 'center': 0, 'tl': 0, 'tr': 0, 'bl': 0, 'br': 0, 'bbox_tl': 9, 'bbox_tr': 9, 'bbox_bl': 9, 'bbox_br': 9, 'bbox_center': 0}"
115,8,"(1, 1, 1)","(1, 0, 0)","{'mode_nz': 3, 'least_nz': 7, 'mode_all': 0, 'center': 0, 'tl': 0, 'tr': 0, 'bl': 0, 'br': 0, 'bbox_tl': 3, 'bbox_tr': 8, 'bbox_bl': 3, 'bbox_br': 3, 'bbox_center': 0}"
116,2,"(1, 1, 1)","(1, 0, 0)","{'mode_nz': 9, 'least_nz': 8, 'mode_all': 0, 'center': 0, 'tl': 0, 'tr': 0, 'bl': 0, 'br': 0, 'bbox_tl': 9, 'bbox_tr': 9, 'bbox_bl': 9, 'bbox_br': 9, 'bbox_center': 0}"
117,1,"(1, 1, 1)","(1, 0, 0)","{'mode_nz': 6, 'least_nz': 5, 'mode_all': 0, 'center': 6, 'tl': 0, 'tr': 0, 'bl': 0, 'br': 0, 'bbox_tl': 1, 'bbox_tr': 6, 'bbox_bl': 6, 'bbox_br': 6, 'bbox_center': 6}"
118,5,"(1, 1, 1)","(1, 0, 0)","{'mode_nz': 6, 'least_nz': 9, 'mode_all': 0, 'center': 5, 'tl': 0, 'tr': 0, 'bl': 0, 'br': 0, 'bbox_tl': 6, 'bbox_tr': 6, 'bbox_bl': 6, 'bbox_br': 6, 'bbox_center': 5}"
119,3,"(1, 1, 1)","(1, 0, 0)","{'mode_nz': 1, 'least_nz': 8, 'mode_all': 0, 'center': 0, 'tl': 0, 'tr': 0, 'bl': 0, 'br': 0, 'bbox_tl': 1, 'bbox_tr': 1, 'bbox_bl': 1, 'bbox_br': 1, 'bbox_center': 0}"
120,8,"(1, 1, 1)","(1, 0, 0)","{'mode_nz': 6, 'least_nz': 9, 'mode_all': 0, 'center': 6, 'tl': 0, 'tr': 0, 'bl': 0, 'br': 0, 'bbox_tl': 9, 'bbox_tr': 6, 'bbox_bl': 6, 'bbox_br': 6, 'bbox_center': 6}"
121,8,"(1, 1, 1)","(1, 0, 0)","{'mode_nz': 7, 'least_nz': 3, 'mode_all': 0, 'center': 0, 'tl': 0, 'tr': 0, 'bl': 0, 'br': 0, 'bbox_tl': 7, 'bbox_tr': 7, 'bbox_bl': 7, 'bbox_br': 2, 'bbox_center': 0}"
122,1,"(1, 1, 1)","(1, 0, 0)","{'mode_nz': 2, 'least_nz': 6, 'mode_all': 0, 'center': 0, 'tl': 0, 'tr': 0, 'bl': 0, 'br': 0, 'bbox_tl': 2, 'bbox_tr': 2, 'bbox_bl': 2, 'bbox_br': 2, 'bbox_center': 0}"
123,6,"(1, 1, 1)","(1, 0, 0)","{'mode_nz': 1, 'least_nz': 8, 'mode_all': 0, 'center': 0, 'tl': 0, 'tr': 0, 'bl': 0, 'br': 0, 'bbox_tl': 1, 'bbox_tr': 6, 'bbox_bl': 1, 'bbox_br': 1, 'bbox_center': 0}"
124,8,"(1, 1, 1)","(1, 0, 0)","{'mode_nz': 4, 'least_nz': 9, 'mode_all': 0, 'center': 0, 'tl': 0, 'tr': 0, 'bl': 0, 'br': 0, 'bbox_tl': 2, 'bbox_tr': 8, 'bbox_bl': 8, 'bbox_br': 2, 'bbox_center': 0}"
125,3,"(1, 1, 1)","(1, 0, 0)","{'mode_nz': 7, 'least_nz': 6, 'mode_all': 0, 'center': 0, 'tl': 0, 'tr': 0, 'bl': 0, 'br': 0, 'bbox_tl': 7, 'bbox_tr': 7, 'bbox_bl': 7, 'bbox_br': 7, 'bbox_center': 0}"
126,6,"(1, 1, 1)","(1, 0, 0)","{'mode_nz': 8, 'least_nz': 1, 'mode_all': 0, 'center': 6, 'tl': 0, 'tr': 0, 'bl': 0, 'br': 0, 'bbox_tl': 8, 'bbox_tr': 8, 'bbox_bl': 8, 'bbox_br': 1, 'bbox_center': 6}"
127,6,"(1, 1, 1)","(1, 0, 0)","{'mode_nz': 7, 'least_nz': 4, 'mode_all': 0, 'center': 1, 'tl': 0, 'tr': 0, 'bl': 0, 'br': 0, 'bbox_tl': 6, 'bbox_tr': 7, 'bbox_bl': 1, 'bbox_br': 7, 'bbox_center': 1}"
128,7,"(1, 1, 1)","(1, 0, 0)","{'mode_nz': 9, 'least_nz': 5, 'mode_all': 0, 'center': 0, 'tl': 0, 'tr': 0, 'bl': 0, 'br': 0, 'bbox_tl': 7, 'bbox_tr': 9, 'bbox_bl': 9, 'bbox_br': 7, 'bbox_center': 0}"
129,9,"(1, 1, 1)","(1, 0, 0)","{'mode_nz': 5, 'least_nz': 3, 'mode_all': 0, 'center': 0, 'tl': 0, 'tr': 0, 'bl': 0, 'br': 0, 'bbox_tl': 5, 'bbox_tr': 5, 'bbox_bl': 5, 'bbox_br': 5, 'bbox_center': 0}"
130,1,"(1, 1, 1)","(1, 0, 0)","{'mode_nz': 6, 'least_nz': 3, 'mode_all': 0, 'center': 0, 'tl': 0, 'tr': 0, 'bl': 0, 'br': 0, 'bbox_tl': 1, 'bbox_tr': 6, 'bbox_bl': 1, 'bbox_br': 6, 'bbox_center': 0}"
131,2,"(1, 1, 1)","(1, 0, 0)","{'mode_nz': 8, 'least_nz': 6, 'mode_all': 0, 'center': 8, 'tl': 0, 'tr': 0, 'bl': 0, 'br': 0, 'bbox_tl': 9, 'bbox_tr': 8, 'bbox_bl': 8, 'bbox_br': 8, 'bbox_center': 8}"
132,3,"(1, 1, 1)","(1, 0, 0)","{'mode_nz': 5, 'least_nz': 8, 'mode_all': 0, 'center': 0, 'tl': 0, 'tr': 0, 'bl': 0, 'br': 0, 'bbox_tl': 5, 'bbox_tr': 5, 'bbox_bl': 8, 'bbox_br': 3, 'bbox_center': 0}"
133,9,"(1, 1, 1)","(1, 0, 0)","{'mode_nz': 4, 'least_nz': 3, 'mode_all': 0, 'center': 0, 'tl': 0, 'tr': 0, 'bl': 0, 'br': 0, 'bbox_tl': 4, 'bbox_tr': 6, 'bbox_bl': 4, 'bbox_br': 4, 'bbox_center': 0}"
134,3,"(1, 1, 1)","(1, 0, 0)","{'mode_nz': 8, 'least_nz': 1, 'mode_all': 0, 'center': 8, 'tl': 0, 'tr': 0, 'bl': 0, 'br': 0, 'bbox_tl': 8, 'bbox_tr': 8, 'bbox_bl': 8, 'bbox_br': 3, 'bbox_center': 8}"
135,8,"(1, 1, 1)","(1, 0, 0)","{'mode_nz': 7, 'least_nz': 2, 'mode_all': 0, 'center': 0, 'tl': 0, 'tr': 0, 'bl': 0, 'br': 0, 'bbox_tl': 7, 'bbox_tr': 8, 'bbox_bl': 7, 'bbox_br': 7, 'bbox_center': 0}"
136,6,"(1, 1, 1)","(1, 0, 0)","{'mode_nz': 4, 'least_nz': 7, 'mode_all': 0, 'center': 4, 'tl': 0, 'tr': 0, 'bl': 0, 'br': 0, 'bbox_tl': 4, 'bbox_tr': 4, 'bbox_bl': 4, 'bbox_br': 6, 'bbox_center': 4}"
137,8,"(1, 1, 1)","(1, 0, 0)","{'mode_nz': 7, 'least_nz': 1, 'mode_all': 0, 'center': 7, 'tl': 0, 'tr': 0, 'bl': 0, 'br': 0, 'bbox_tl': 7, 'bbox_tr': 7, 'bbox_bl': 7, 'bbox_br': 7, 'bbox_center': 7}"
138,6,"(1, 1, 1)","(1, 0, 0)","{'mode_nz': 5, 'least_nz': 7, 'mode_all': 0, 'center': 5, 'tl': 0, 'tr': 0, 'bl': 0, 'br': 0, 'bbox_tl': 5, 'bbox_tr': 8, 'bbox_bl': 5, 'bbox_br': 5, 'bbox_center': 5}"
139,1,"(1, 1, 1)","(1, 0, 0)","{'mode_nz': 5, 'least_nz': 3, 'mode_all': 0, 'center': 0, 'tl': 0, 'tr': 0, 'bl': 0, 'br': 0, 'bbox_tl': 5, 'bbox_tr': 5, 'bbox_bl': 5, 'bbox_br': 5, 'bbox_center': 0}"
140,9,"(1, 1, 1)","(1, 0, 0)","{'mode_nz': 8, 'least_nz': 2, 'mode_all': 0, 'center': 0, 'tl': 0, 'tr': 0, 'bl': 0, 'br': 0, 'bbox_tl': 8, 'bbox_tr': 8, 'bbox_bl': 8, 'bbox_br': 8, 'bbox_center': 0}"
141,2,"(1, 1, 1)","(1, 0, 0)","{'mode_nz': 5, 'least_nz': 6, 'mode_all': 0, 'center': 0, 'tl': 0, 'tr': 0, 'bl': 0, 'br': 0, 'bbox_tl': 5, 'bbox_tr': 2, 'bbox_bl': 6, 'bbox_br': 5, 'bbox_center': 0}"
142,2,"(1, 1, 1)","(1, 0, 0)","{'mode_nz': 7, 'least_nz': 4, 'mode_all': 0, 'center': 7, 'tl': 0, 'tr': 0, 'bl': 0, 'br': 0, 'bbox_tl': 7, 'bbox_tr': 7, 'bbox_bl': 7, 'bbox_br': 7, 'bbox_center': 7}"
143,2,"(1, 1, 1)","(1, 0, 0)","{'mode_nz': 5, 'least_nz': 7, 'mode_all': 0, 'center': 5, 'tl': 0, 'tr': 0, 'bl': 0, 'br': 0, 'bbox_tl': 5, 'bbox_tr': 5, 'bbox_bl': 2, 'bbox_br': 2, 'bbox_center': 5}"
144,7,"(1, 1, 1)","(1, 0, 0)","{'mode_nz': 4, 'least_nz': 2, 'mode_all': 0, 'center': 0, 'tl': 0, 'tr': 0, 'bl': 0, 'br': 0, 'bbox_tl': 4, 'bbox_tr': 4, 'bbox_bl': 4, 'bbox_br': 4, 'bbox_center': 0}"
145,5,"(1, 1, 1)","(1, 0, 0)","{'mode_nz': 9, 'least_nz': 8, 'mode_all': 0, 'center': 0, 'tl': 0, 'tr': 0, 'bl': 0, 'br': 0, 'bbox_tl': 9, 'bbox_tr': 9, 'bbox_bl': 5, 'bbox_br': 9, 'bbox_center': 0}"
146,7,"(1, 1, 1)","(1, 0, 0)","{'mode_nz': 3, 'least_nz': 4, 'mode_all': 0, 'center': 0, 'tl': 0, 'tr': 0, 'bl': 0, 'br': 0, 'bbox_tl': 3, 'bbox_tr': 3, 'bbox_bl': 7, 'bbox_br': 6, 'bbox_center': 0}"
147,1,"(1, 1, 1)","(1, 0, 0)","{'mode_nz': 7, 'least_nz': 8, 'mode_all': 0, 'center': 0, 'tl': 0, 'tr': 0, 'bl': 0, 'br': 0, 'bbox_tl': 7, 'bbox_tr': 7, 'bbox_bl': 7, 'bbox_br': 6, 'bbox_center': 0}"
148,7,"(1, 1, 1)","(1, 0, 0)","{'mode_nz': 5, 'least_nz': 6, 'mode_all': 0, 'center': 0, 'tl': 0, 'tr': 0, 'bl': 0, 'br': 0, 'bbox_tl': 5, 'bbox_tr': 7, 'bbox_bl': 5, 'bbox_br': 5, 'bbox_center': 0}"
149,5,"(1, 1, 1)","(1, 0, 0)","{'mode_nz': 3, 'least_nz': 1, 'mode_all': 0, 'center': 0, 'tl': 0, 'tr': 0, 'bl': 0, 'br': 0, 'bbox_tl': 3, 'bbox_tr': 3, 'bbox_bl': 3, 'bbox_br': 4, 'bbox_center': 0}"
150,6,"(1, 1, 1)","(1, 0, 0)","{'mode_nz': 2, 'least_nz': 8, 'mode_all': 0, 'center': 0, 'tl': 0, 'tr': 0, 'bl': 0, 'br': 0, 'bbox_tl': 7, 'bbox_tr': 2, 'bbox_bl': 2, 'bbox_br': 2, 'bbox_center': 0}"
151,1,"(1, 1, 1)","(1, 0, 0)","{'mode_nz': 7, 'least_nz': 5, 'mode_all': 0, 'center': 7, 'tl': 0, 'tr': 0, 'bl': 0, 'br': 0, 'bbox_tl': 7, 'bbox_tr': 7, 'bbox_bl': 2, 'bbox_br': 7, 'bbox_center': 7}"
152,7,"(1, 1, 1)","(1, 0, 0)","{'mode_nz': 5, 'least_nz': 1, 'mode_all': 0, 'center': 0, 'tl': 0, 'tr': 0, 'bl': 0, 'br': 0, 'bbox_tl': 4, 'bbox_tr': 5, 'bbox_bl': 5, 'bbox_br': 5, 'bbox_center': 0}"
153,4,"(1, 1, 1)","(1, 0, 0)","{'mode_nz': 7, 'least_nz': 8, 'mode_all': 0, 'center': 0, 'tl': 0, 'tr': 0, 'bl': 0, 'br': 0, 'bbox_tl': 4, 'bbox_tr': 7, 'bbox_bl': 7, 'bbox_br': 7, 'bbox_center': 0}"
154,7,"(1, 1, 1)","(1, 0, 0)","{'mode_nz': 4, 'least_nz': 3, 'mode_all': 0, 'center': 0, 'tl': 0, 'tr': 0, 'bl': 0, 'br': 0, 'bbox_tl': 7, 'bbox_tr': 4, 'bbox_bl': 4, 'bbox_br': 7, 'bbox_center': 0}"
155,9,"(1, 1, 1)","(1, 0, 0)","{'mode_nz': 7, 'least_nz': 5, 'mode_all': 0, 'center': 0, 'tl': 0, 'tr': 0, 'bl': 0, 'br': 0, 'bbox_tl': 7, 'bbox_tr': 7, 'bbox_bl': 9, 'bbox_br': 6, 'bbox_center': 0}"
156,6,"(1, 1, 1)","(1, 0, 0)","{'mode_nz': 2, 'least_nz': 5, 'mode_all': 0, 'center': 0, 'tl': 0, 'tr': 0, 'bl': 0, 'br': 0, 'bbox_tl': 6, 'bbox_tr': 6, 'bbox_bl': 2, 'bbox_br': 2, 'bbox_center': 0}"
157,2,"(1, 1, 1)","(1, 0, 0)","{'mode_nz': 5, 'least_nz': 1, 'mode_all': 0, 'center': 0, 'tl': 0, 'tr': 0, 'bl': 0, 'br': 0, 'bbox_tl': 5, 'bbox_tr': 5, 'bbox_bl': 5, 'bbox_br': 5, 'bbox_center': 0}"
158,2,"(1, 1, 1)","(1, 0, 0)","{'mode_nz': 8, 'least_nz': 4, 'mode_all': 0, 'center': 0, 'tl': 0, 'tr': 0, 'bl': 0, 'br': 0, 'bbox_tl': 2, 'bbox_tr': 8, 'bbox_bl': 8, 'bbox_br': 8, 'bbox_center': 0}"
159,7,"(1, 1, 1)","(1, 0, 0)","{'mode_nz': 6, 'least_nz': 8, 'mode_all': 0, 'center': 0, 'tl': 0, 'tr': 0, 'bl': 0, 'br': 0, 'bbox_tl': 6, 'bbox_tr': 6, 'bbox_bl': 7, 'bbox_br': 6, 'bbox_center': 0}"
160,6,"(1, 1, 1)","(1, 0, 0)","{'mode_nz': 7, 'least_nz': 3, 'mode_all': 0, 'center': 0, 'tl': 0, 'tr': 0, 'bl': 0, 'br': 0, 'bbox_tl': 7, 'bbox_tr': 8, 'bbox_bl': 8, 'bbox_br': 6, 'bbox_center': 0}"
161,7,"(1, 1, 1)","(1, 0, 0)","{'mode_nz': 1, 'least_nz': 3, 'mode_all': 0, 'center': 1, 'tl': 0, 'tr': 0, 'bl': 0, 'br': 0, 'bbox_tl': 1, 'bbox_tr': 7, 'bbox_bl': 1, 'bbox_br': 1, 'bbox_center': 1}"
162,7,"(1, 1, 1)","(1, 0, 0)","{'mode_nz': 8, 'least_nz': 3, 'mode_all': 0, 'center': 0, 'tl': 0, 'tr': 0, 'bl': 0, 'br': 0, 'bbox_tl': 8, 'bbox_tr': 7, 'bbox_bl': 8, 'bbox_br': 7, 'bbox_center': 0}"
163,1,"(1, 1, 1)","(1, 0, 0)","{'mode_nz': 2, 'least_nz': 6, 'mode_all': 0, 'center': 2, 'tl': 0, 'tr': 0, 'bl': 0, 'br': 0, 'bbox_tl': 2, 'bbox_tr': 4, 'bbox_bl': 2, 'bbox_br': 2, 'bbox_center': 2}"
164,5,"(1, 1, 1)","(1, 0, 0)","{'mode_nz': 2, 'least_nz': 8, 'mode_all': 0, 'center': 0, 'tl': 0, 'tr': 0, 'bl': 0, 'br': 0, 'bbox_tl': 2, 'bbox_tr': 2, 'bbox_bl': 1, 'bbox_br': 5, 'bbox_center': 0}"
165,7,"(1, 1, 1)","(1, 0, 0)","{'mode_nz': 2, 'least_nz': 8, 'mode_all': 0, 'center': 0, 'tl': 0, 'tr': 0, 'bl': 0, 'br': 0, 'bbox_tl': 2, 'bbox_tr': 8, 'bbox_bl': 9, 'bbox_br': 2, 'bbox_center': 0}"
166,3,"(1, 1, 1)","(1, 0, 0)","{'mode_nz': 4, 'least_nz': 6, 'mode_all': 0, 'center': 4, 'tl': 0, 'tr': 0, 'bl': 0, 'br': 0, 'bbox_tl': 4, 'bbox_tr': 4, 'bbox_bl': 4, 'bbox_br': 3, 'bbox_center': 4}"
167,7,"(1, 1, 1)","(1, 0, 0)","{'mode_nz': 2, 'least_nz': 8, 'mode_all': 0, 'center': 2, 'tl': 0, 'tr': 0, 'bl': 0, 'br': 0, 'bbox_tl': 2, 'bbox_tr': 2, 'bbox_bl': 2, 'bbox_br': 2, 'bbox_center': 2}"
168,2,"(1, 1, 1)","(1, 0, 0)","{'mode_nz': 4, 'least_nz': 5, 'mode_all': 0, 'center': 0, 'tl': 0, 'tr': 0, 'bl': 0, 'br': 0, 'bbox_tl': 4, 'bbox_tr': 4, 'bbox_bl': 4, 'bbox_br': 4, 'bbox_center': 0}"
169,5,"(1, 1, 1)","(1, 0, 0)","{'mode_nz': 4, 'least_nz': 3, 'mode_all': 0, 'center': 4, 'tl': 0, 'tr': 0, 'bl': 0, 'br': 0, 'bbox_tl': 5, 'bbox_tr': 4, 'bbox_bl': 7, 'bbox_br': 7, 'bbox_center': 4}"
170,7,"(1, 1, 1)","(1, 0, 0)","{'mode_nz': 1, 'least_nz': 4, 'mode_all': 0, 'center': 7, 'tl': 0, 'tr': 0, 'bl': 0, 'br': 0, 'bbox_tl': 1, 'bbox_tr': 1, 'bbox_bl': 1, 'bbox_br': 1, 'bbox_center': 7}"
171,2,"(1, 1, 1)","(1, 0, 0)","{'mode_nz': 4, 'least_nz': 1, 'mode_all': 0, 'center': 6, 'tl': 0, 'tr': 0, 'bl': 0, 'br': 0, 'bbox_tl': 4, 'bbox_tr': 4, 'bbox_bl': 4, 'bbox_br': 1, 'bbox_center': 6}"
172,8,"(1, 1, 1)","(1, 0, 0)","{'mode_nz': 1, 'least_nz': 3, 'mode_all': 0, 'center': 0, 'tl': 0, 'tr': 0, 'bl': 0, 'br': 0, 'bbox_tl': 1, 'bbox_tr': 1, 'bbox_bl': 8, 'bbox_br': 8, 'bbox_center': 0}"
173,2,"(1, 1, 1)","(1, 0, 0)","{'mode_nz': 7, 'least_nz': 5, 'mode_all': 0, 'center': 0, 'tl': 0, 'tr': 0, 'bl': 0, 'br': 0, 'bbox_tl': 7, 'bbox_tr': 7, 'bbox_bl': 2, 'bbox_br': 7, 'bbox_center': 0}"
174,9,"(1, 1, 1)","(1, 0, 0)","{'mode_nz': 5, 'least_nz': 2, 'mode_all': 0, 'center': 0, 'tl': 0, 'tr': 0, 'bl': 0, 'br': 0, 'bbox_tl': 5, 'bbox_tr': 5, 'bbox_bl': 1, 'bbox_br': 5, 'bbox_center': 0}"
175,9,"(1, 1, 1)","(1, 0, 0)","{'mode_nz': 2, 'least_nz': 7, 'mode_all': 0, 'center': 0, 'tl': 0, 'tr': 0, 'bl': 0, 'br': 0, 'bbox_tl': 2, 'bbox_tr': 2, 'bbox_bl': 9, 'bbox_br': 2, 'bbox_center': 0}"
176,2,"(1, 1, 1)","(1, 0, 0)","{'mode_nz': 1, 'least_nz': 3, 'mode_all': 0, 'center': 1, 'tl': 0, 'tr': 0, 'bl': 0, 'br': 0, 'bbox_tl': 1, 'bbox_tr': 3, 'bbox_bl': 1, 'bbox_br': 1, 'bbox_center': 1}"
177,2,"(1, 1, 1)","(1, 0, 0)","{'mode_nz': 1, 'least_nz': 3, 'mode_all': 0, 'center': 0, 'tl': 0, 'tr': 0, 'bl': 0, 'br': 0, 'bbox_tl': 1, 'bbox_tr': 1, 'bbox_bl': 1, 'bbox_br': 1, 'bbox_center': 0}"
178,9,"(1, 1, 1)","(1, 0, 0)","{'mode_nz': 2, 'least_nz': 1, 'mode_all': 0, 'center': 0, 'tl': 0, 'tr': 0, 'bl': 0, 'br': 0, 'bbox_tl': 2, 'bbox_tr': 2, 'bbox_bl': 2, 'bbox_br': 2, 'bbox_center': 0}"
179,3,"(1, 1, 1)","(1, 0, 0)","{'mode_nz': 2, 'least_nz': 1, 'mode_all': 0, 'center': 0, 'tl': 0, 'tr': 0, 'bl': 0, 'br': 0, 'bbox_tl': 2, 'bbox_tr': 2, 'bbox_bl': 3, 'bbox_br': 2, 'bbox_center': 0}"
180,2,"(1, 1, 1)","(1, 0, 0)","{'mode_nz': 7, 'least_nz': 9, 'mode_all': 0, 'center': 0, 'tl': 0, 'tr': 0, 'bl': 0, 'br': 0, 'bbox_tl': 2, 'bbox_tr': 7, 'bbox_bl': 7, 'bbox_br': 7, 'bbox_center': 0}"
181,7,"(1, 1, 1)","(1, 0, 0)","{'mode_nz': 3, 'least_nz': 9, 'mode_all': 0, 'center': 7, 'tl': 0, 'tr': 0, 'bl': 0, 'br': 0, 'bbox_tl': 3, 'bbox_tr': 3, 'bbox_bl': 4, 'bbox_br': 3, 'bbox_center': 7}"
182,7,"(1, 1, 1)","(1, 0, 0)","{'mode_nz': 9, 'least_nz': 3, 'mode_all': 0, 'center': 0, 'tl': 0, 'tr': 0, 'bl': 0, 'br': 0, 'bbox_tl': 9, 'bbox_tr': 9, 'bbox_bl': 2, 'bbox_br': 7, 'bbox_center': 0}"
183,6,"(1, 1, 1)","(1, 0, 0)","{'mode_nz': 7, 'least_nz': 1, 'mode_all': 0, 'center': 7, 'tl': 0, 'tr': 0, 'bl': 0, 'br': 0, 'bbox_tl': 7, 'bbox_tr': 7, 'bbox_bl': 7, 'bbox_br': 9, 'bbox_center': 7}"
184,3,"(1, 1, 1)","(1, 0, 0)","{'mode_nz': 5, 'least_nz': 4, 'mode_all': 0, 'center': 0, 'tl': 0, 'tr': 0, 'bl': 0, 'br': 0, 'bbox_tl': 3, 'bbox_tr': 5, 'bbox_bl': 5, 'bbox_br': 1, 'bbox_center': 0}"
185,4,"(1, 1, 1)","(1, 0, 0)","{'mode_nz': 9, 'least_nz': 6, 'mode_all': 0, 'center': 0, 'tl': 0, 'tr': 0, 'bl': 0, 'br': 0, 'bbox_tl': 2, 'bbox_tr': 2, 'bbox_bl': 9, 'bbox_br': 9, 'bbox_center': 0}"
186,7,"(1, 1, 1)","(1, 0, 0)","{'mode_nz': 3, 'least_nz': 2, 'mode_all': 0, 'center': 0, 'tl': 0, 'tr': 0, 'bl': 0, 'br': 0, 'bbox_tl': 3, 'bbox_tr': 3, 'bbox_bl': 5, 'bbox_br': 3, 'bbox_center': 0}"
187,8,"(1, 1, 1)","(1, 0, 0)","{'mode_nz': 6, 'least_nz': 5, 'mode_all': 0, 'center': 6, 'tl': 0, 'tr': 0, 'bl': 0, 'br': 0, 'bbox_tl': 8, 'bbox_tr': 6, 'bbox_bl': 6, 'bbox_br': 6, 'bbox_center': 6}"
188,8,"(1, 1, 1)","(1, 0, 0)","{'mode_nz': 1, 'least_nz': 9, 'mode_all': 0, 'center': 0, 'tl': 0, 'tr': 0, 'bl': 0, 'br': 0, 'bbox_tl': 4, 'bbox_tr': 1, 'bbox_bl': 1, 'bbox_br': 4, 'bbox_center': 0}"
189,4,"(1, 1, 1)","(1, 0, 0)","{'mode_nz': 7, 'least_nz': 2, 'mode_all': 0, 'center': 7, 'tl': 0, 'tr': 0, 'bl': 0, 'br': 0, 'bbox_tl': 7, 'bbox_tr': 7, 'bbox_bl': 2, 'bbox_br': 7, 'bbox_center': 7}"
190,3,"(1, 1, 1)","(1, 0, 0)","{'mode_nz': 6, 'least_nz': 7, 'mode_all': 0, 'center': 0, 'tl': 0, 'tr': 0, 'bl': 0, 'br': 0, 'bbox_tl': 6, 'bbox_tr': 6, 'bbox_bl': 6, 'bbox_br': 3, 'bbox_center': 0}"
191,4,"(1, 1, 1)","(1, 0, 0)","{'mode_nz': 6, 'least_nz': 9, 'mode_all': 0, 'center': 0, 'tl': 0, 'tr': 0, 'bl': 0, 'br': 0, 'bbox_tl': 7, 'bbox_tr': 9, 'bbox_bl': 6, 'bbox_br': 9, 'bbox_center': 0}"
192,3,"(1, 1, 1)","(1, 0, 0)","{'mode_nz': 4, 'least_nz': 7, 'mode_all': 0, 'center': 0, 'tl': 0, 'tr': 0, 'bl': 0, 'br': 0, 'bbox_tl': 3, 'bbox_tr': 4, 'bbox_bl': 4, 'bbox_br': 4, 'bbox_center': 0}"
193,6,"(1, 1, 1)","(1, 0, 0)","{'mode_nz': 3, 'least_nz': 7, 'mode_all': 0, 'center': 0, 'tl': 0, 'tr': 0, 'bl': 0, 'br': 0, 'bbox_tl': 3, 'bbox_tr': 3, 'bbox_bl': 3, 'bbox_br': 3, 'bbox_center': 0}"
194,9,"(1, 1, 1)","(1, 0, 0)","{'mode_nz': 2, 'least_nz': 7, 'mode_all': 0, 'center': 0, 'tl': 0, 'tr': 0, 'bl': 0, 'br': 0, 'bbox_tl': 2, 'bbox_tr': 2, 'bbox_bl': 2, 'bbox_br': 2, 'bbox_center': 0}"
195,1,"(1, 1, 1)","(1, 0, 0)","{'mode_nz': 7, 'least_nz': 4, 'mode_all': 0, 'center': 0, 'tl': 0, 'tr': 0, 'bl': 0, 'br': 0, 'bbox_tl': 7, 'bbox_tr': 4, 'bbox_bl': 1, 'bbox_br': 7, 'bbox_center': 0}"
196,5,"(1, 1, 1)","(1, 0, 0)","{'mode_nz': 3, 'least_nz': 7, 'mode_all': 0, 'center': 3, 'tl': 0, 'tr': 0, 'bl': 0, 'br': 0, 'bbox_tl': 3, 'bbox_tr': 3, 'bbox_bl': 3, 'bbox_br': 2, 'bbox_center': 3}"
197,4,"(1, 1, 1)","(1, 0, 0)","{'mode_nz': 2, 'least_nz': 6, 'mode_all': 0, 'center': 2, 'tl': 0, 'tr': 0, 'bl': 0, 'br': 0, 'bbox_tl': 2, 'bbox_tr': 2, 'bbox_bl': 4, 'bbox_br': 1, 'bbox_center': 2}"
198,7,"(1, 1, 1)","(1, 0, 0)","{'mode_nz': 9, 'least_nz': 3, 'mode_all': 0, 'center': 9, 'tl': 0, 'tr': 0, 'bl': 0, 'br': 0, 'bbox_tl': 9, 'bbox_tr': 9, 'bbox_bl': 9, 'bbox_br': 9, 'bbox_center': 9}"
199,8,"(1, 1, 1)","(1, 0, 0)","{'mode_nz': 4, 'least_nz': 3, 'mode_all': 0, 'center': 0, 'tl': 0, 'tr': 0, 'bl': 0, 'br': 0, 'bbox_tl': 4, 'bbox_tr': 4, 'bbox_bl': 4, 'bbox_br': 4, 'bbox_center': 0}"
200,6,"(1, 1, 1)","(1, 0, 0)","{'mode_nz': 4, 'least_nz': 2, 'mode_all': 0, 'center': 6, 'tl': 0, 'tr': 0, 'bl': 0, 'br': 0, 'bbox_tl': 4, 'bbox_tr': 4, 'bbox_bl': 4, 'bbox_br': 4, 'bbox_center': 6}"
201,7,"(1, 1, 1)","(1, 0, 0)","{'mode_nz': 1, 'least_nz': 6, 'mode_all': 0, 'center': 3, 'tl': 0, 'tr': 0, 'bl': 0, 'br': 0, 'bbox_tl': 1, 'bbox_tr': 1, 'bbox_bl': 1, 'bbox_br': 1, 'bbox_center': 3}"
202,6,"(1, 1, 1)","(1, 0, 0)","{'mode_nz': 2, 'least_nz': 3, 'mode_all': 0, 'center': 6, 'tl': 0, 'tr': 0, 'bl': 0, 'br': 0, 'bbox_tl': 2, 'bbox_tr': 6, 'bbox_bl': 8, 'bbox_br': 2, 'bbox_center': 6}"
203,8,"(1, 1, 1)","(1, 0, 0)","{'mode_nz': 1, 'least_nz': 2, 'mode_all': 0, 'center': 3, 'tl': 0, 'tr': 0, 'bl': 0, 'br': 0, 'bbox_tl': 8, 'bbox_tr': 1, 'bbox_bl': 8, 'bbox_br': 1, 'bbox_center': 3}"
204,8,"(1, 1, 1)","(1, 0, 0)","{'mode_nz': 1, 'least_nz': 9, 'mode_all': 0, 'center': 0, 'tl': 0, 'tr': 0, 'bl': 0, 'br': 0, 'bbox_tl': 1, 'bbox_tr': 7, 'bbox_bl': 1, 'bbox_br': 9, 'bbox_center': 0}"
205,4,"(1, 1, 1)","(1, 0, 0)","{'mode_nz': 1, 'least_nz': 7, 'mode_all': 0, 'center': 4, 'tl': 0, 'tr': 0, 'bl': 0, 'br': 0, 'bbox_tl': 1, 'bbox_tr': 4, 'bbox_bl': 1, 'bbox_br': 5, 'bbox_center': 4}"
206,3,"(1, 1, 1)","(1, 0, 0)","{'mode_nz': 6, 'least_nz': 5, 'mode_all': 0, 'center': 0, 'tl': 0, 'tr': 0, 'bl': 0, 'br': 0, 'bbox_tl': 6, 'bbox_tr': 6, 'bbox_bl': 7, 'bbox_br': 6, 'bbox_center': 0}"
207,8,"(1, 1, 1)","(1, 0, 0)","{'mode_nz': 6, 'least_nz': 1, 'mode_all': 0, 'center': 6, 'tl': 0, 'tr': 0, 'bl': 0, 'br': 0, 'bbox_tl': 6, 'bbox_tr': 6, 'bbox_bl': 6, 'bbox_br': 6, 'bbox_center': 6}"
208,7,"(1, 1, 1)","(1, 0, 0)","{'mode_nz': 5, 'least_nz': 4, 'mode_all': 0, 'center': 0, 'tl': 0, 'tr': 0, 'bl': 0, 'br': 0, 'bbox_tl': 5, 'bbox_tr': 5, 'bbox_bl': 7, 'bbox_br': 5, 'bbox_center': 0}"
209,3,"(1, 1, 1)","(1, 0, 0)","{'mode_nz': 1, 'least_nz': 7, 'mode_all': 0, 'center': 0, 'tl': 0, 'tr': 0, 'bl': 0, 'br': 0, 'bbox_tl': 2, 'bbox_tr': 1, 'bbox_bl': 3, 'bbox_br': 3, 'bbox_center': 0}"
210,2,"(1, 1, 1)","(1, 0, 0)","{'mode_nz': 3, 'least_nz': 8, 'mode_all': 0, 'center': 6, 'tl': 0, 'tr': 0, 'bl': 0, 'br': 0, 'bbox_tl': 3, 'bbox_tr': 3, 'bbox_bl': 3, 'bbox_br': 3, 'bbox_center': 6}"
211,2,"(1, 1, 1)","(1, 0, 0)","{'mode_nz': 3, 'least_nz': 4, 'mode_all': 0, 'center': 0, 'tl': 0, 'tr': 0, 'bl': 0, 'br': 0, 'bbox_tl': 4, 'bbox_tr': 3, 'bbox_bl': 2, 'bbox_br': 3, 'bbox_center': 0}"
212,5,"(1, 1, 1)","(1, 0, 0)","{'mode_nz': 6, 'least_nz': 9, 'mode_all': 0, 'center': 0, 'tl': 0, 'tr': 0, 'bl': 0, 'br': 0, 'bbox_tl': 6, 'bbox_tr': 6, 'bbox_bl': 5, 'bbox_br': 6, 'bbox_center': 0}"
213,4,"(1, 1, 1)","(1, 0, 0)","{'mode_nz': 2, 'least_nz': 9, 'mode_all': 0, 'center': 0, 'tl': 0, 'tr': 0, 'bl': 0, 'br': 0, 'bbox_tl': 2, 'bbox_tr': 2, 'bbox_bl': 2, 'bbox_br': 2, 'bbox_center': 0}"
214,8,"(1, 1, 1)","(1, 0, 0)","{'mode_nz': 2, 'least_nz': 7, 'mode_all': 0, 'center': 0, 'tl': 0, 'tr': 0, 'bl': 0, 'br': 0, 'bbox_tl': 2, 'bbox_tr': 8, 'bbox_bl': 8, 'bbox_br': 2, 'bbox_center': 0}"
215,1,"(1, 1, 1)","(1, 0, 0)","{'mode_nz': 3, 'least_nz': 9, 'mode_all': 0, 'center': 0, 'tl': 0, 'tr': 0, 'bl': 0, 'br': 0, 'bbox_tl': 3, 'bbox_tr': 3, 'bbox_bl': 3, 'bbox_br': 3, 'bbox_center': 0}"
216,6,"(1, 1, 1)","(1, 0, 0)","{'mode_nz': 9, 'least_nz': 5, 'mode_all': 0, 'center': 0, 'tl': 0, 'tr': 0, 'bl': 0, 'br': 0, 'bbox_tl': 9, 'bbox_tr': 3, 'bbox_bl': 9, 'bbox_br': 9, 'bbox_center': 0}"
217,9,"(1, 1, 1)","(1, 0, 0)","{'mode_nz': 6, 'least_nz': 2, 'mode_all': 0, 'center': 0, 'tl': 0, 'tr': 0, 'bl': 0, 'br': 0, 'bbox_tl': 9, 'bbox_tr': 2, 'bbox_bl': 6, 'bbox_br': 6, 'bbox_center': 0}"
218,3,"(1, 1, 1)","(1, 0, 0)","{'mode_nz': 2, 'least_nz': 7, 'mode_all': 0, 'center': 0, 'tl': 0, 'tr': 0, 'bl': 0, 'br': 0, 'bbox_tl': 2, 'bbox_tr': 2, 'bbox_bl': 2, 'bbox_br': 9, 'bbox_center': 0}"
219,1,"(1, 1, 1)","(1, 0, 0)","{'mode_nz': 4, 'least_nz': 3, 'mode_all': 0, 'center': 0, 'tl': 0, 'tr': 0, 'bl': 0, 'br': 0, 'bbox_tl': 4, 'bbox_tr': 4, 'bbox_bl': 4, 'bbox_br': 4, 'bbox_center': 0}"
220,1,"(1, 1, 1)","(1, 0, 0)","{'mode_nz': 6, 'least_nz': 7, 'mode_all': 0, 'center': 0, 'tl': 0, 'tr': 0, 'bl': 0, 'br': 0, 'bbox_tl': 6, 'bbox_tr': 6, 'bbox_bl': 6, 'bbox_br': 1, 'bbox_center': 0}"
221,2,"(1, 1, 1)","(1, 0, 0)","{'mode_nz': 9, 'least_nz': 3, 'mode_all': 0, 'center': 3, 'tl': 0, 'tr': 0, 'bl': 0, 'br': 0, 'bbox_tl': 9, 'bbox_tr': 9, 'bbox_bl': 9, 'bbox_br': 9, 'bbox_center': 3}"
222,5,"(1, 1, 1)","(1, 0, 0)","{'mode_nz': 7, 'least_nz': 3, 'mode_all': 0, 'center': 7, 'tl': 0, 'tr': 0, 'bl': 0, 'br': 0, 'bbox_tl': 5, 'bbox_tr': 7, 'bbox_bl': 7, 'bbox_br': 7, 'bbox_center': 7}"
223,9,"(1, 1, 1)","(1, 0, 0)","{'mode_nz': 7, 'least_nz': 4, 'mode_all': 0, 'center': 0, 'tl': 0, 'tr': 0, 'bl': 0, 'br': 0, 'bbox_tl': 9, 'bbox_tr': 7, 'bbox_bl': 7, 'bbox_br': 7, 'bbox_center': 0}"
224,5,"(1, 1, 1)","(1, 0, 0)","{'mode_nz': 3, 'least_nz': 1, 'mode_all': 0, 'center': 0, 'tl': 0, 'tr': 0, 'bl': 0, 'br': 0, 'bbox_tl': 3, 'bbox_tr': 3, 'bbox_bl': 5, 'bbox_br': 3, 'bbox_center': 0}"
225,8,"(1, 1, 1)","(1, 0, 0)","{'mode_nz': 3, 'least_nz': 1, 'mode_all': 0, 'center': 2, 'tl': 0, 'tr': 0, 'bl': 0, 'br': 0, 'bbox_tl': 3, 'bbox_tr': 2, 'bbox_bl': 1, 'bbox_br': 3, 'bbox_center': 2}"
226,4,"(1, 1, 1)","(1, 0, 0)","{'mode_nz': 5, 'least_nz': 8, 'mode_all': 0, 'center': 0, 'tl': 0, 'tr': 0, 'bl': 0, 'br': 0, 'bbox_tl': 1, 'bbox_tr': 8, 'bbox_bl': 4, 'bbox_br': 5, 'bbox_center': 0}"
227,3,"(1, 1, 1)","(1, 0, 0)","{'mode_nz': 4, 'least_nz': 6, 'mode_all': 0, 'center': 0, 'tl': 0, 'tr': 0, 'bl': 0, 'br': 0, 'bbox_tl': 4, 'bbox_tr': 7, 'bbox_bl': 4, 'bbox_br': 4, 'bbox_center': 0}"
228,3,"(1, 1, 1)","(1, 0, 0)","{'mode_nz': 2, 'least_nz': 4, 'mode_all': 0, 'center': 0, 'tl': 0, 'tr': 0, 'bl': 0, 'br': 0, 'bbox_tl': 2, 'bbox_tr': 2, 'bbox_bl': 3, 'bbox_br': 2, 'bbox_center': 0}"
229,3,"(1, 1, 1)","(1, 0, 0)","{'mode_nz': 8, 'least_nz': 1, 'mode_all': 0, 'center': 0, 'tl': 0, 'tr': 0, 'bl': 0, 'br': 0, 'bbox_tl': 3, 'bbox_tr': 8, 'bbox_bl': 3, 'bbox_br': 9, 'bbox_center': 0}"
230,5,"(1, 1, 1)","(1, 0, 0)","{'mode_nz': 7, 'least_nz': 6, 'mode_all': 0, 'center': 0, 'tl': 0, 'tr': 0, 'bl': 0, 'br': 0, 'bbox_tl': 5, 'bbox_tr': 7, 'bbox_bl': 7, 'bbox_br': 7, 'bbox_center': 0}"
231,2,"(1, 1, 1)","(1, 0, 0)","{'mode_nz': 5, 'least_nz': 6, 'mode_all': 0, 'center': 0, 'tl': 0, 'tr': 0, 'bl': 0, 'br': 0, 'bbox_tl': 2, 'bbox_tr': 5, 'bbox_bl': 8, 'bbox_br': 5, 'bbox_center': 0}"
232,3,"(1, 1, 1)","(1, 0, 0)","{'mode_nz': 4, 'least_nz': 5, 'mode_all': 0, 'center': 4, 'tl': 0, 'tr': 0, 'bl': 0, 'br': 0, 'bbox_tl': 4, 'bbox_tr': 4, 'bbox_bl': 3, 'bbox_br': 4, 'bbox_center': 4}"
233,4,"(1, 1, 1)","(1, 0, 0)","{'mode_nz': 8, 'least_nz': 1, 'mode_all': 0, 'center': 0, 'tl': 0, 'tr': 0, 'bl': 0, 'br': 0, 'bbox_tl': 8, 'bbox_tr': 8, 'bbox_bl': 8, 'bbox_br': 8, 'bbox_center': 0}"
234,3,"(1, 1, 1)","(1, 0, 0)","{'mode_nz': 1, 'least_nz': 2, 'mode_all': 0, 'center': 0, 'tl': 0, 'tr': 0, 'bl': 0, 'br': 0, 'bbox_tl': 1, 'bbox_tr': 8, 'bbox_bl': 3, 'bbox_br': 8, 'bbox_center': 0}"
235,9,"(1, 1, 1)","(1, 0, 0)","{'mode_nz': 3, 'least_nz': 7, 'mode_all': 0, 'center': 0, 'tl': 0, 'tr': 0, 'bl': 0, 'br': 0, 'bbox_tl': 3, 'bbox_tr': 3, 'bbox_bl': 3, 'bbox_br': 3, 'bbox_center': 0}"
236,9,"(1, 1, 1)","(1, 0, 0)","{'mode_nz': 3, 'least_nz': 4, 'mode_all': 0, 'center': 2, 'tl': 0, 'tr': 0, 'bl': 0, 'br': 0, 'bbox_tl': 9, 'bbox_tr': 3, 'bbox_bl': 3, 'bbox_br': 3, 'bbox_center': 2}"
237,4,"(1, 1, 1)","(1, 0, 0)","{'mode_nz': 9, 'least_nz': 6, 'mode_all': 0, 'center': 0, 'tl': 0, 'tr': 0, 'bl': 0, 'br': 0, 'bbox_tl': 9, 'bbox_tr': 4, 'bbox_bl': 9, 'bbox_br': 2, 'bbox_center': 0}"
238,8,"(1, 1, 1)","(1, 0, 0)","{'mode_nz': 6, 'least_nz': 1, 'mode_all': 0, 'center': 6, 'tl': 0, 'tr': 0, 'bl': 0, 'br': 0, 'bbox_tl': 6, 'bbox_tr': 8, 'bbox_bl': 6, 'bbox_br': 6, 'bbox_center': 6}"
239,8,"(1, 1, 1)","(1, 0, 0)","{'mode_nz': 9, 'least_nz': 3, 'mode_all': 0, 'center': 9, 'tl': 0, 'tr': 0, 'bl': 0, 'br': 0, 'bbox_tl': 8, 'bbox_tr': 9, 'bbox_bl': 3, 'bbox_br': 9, 'bbox_center': 9}"
240,6,"(1, 1, 1)","(1, 0, 0)","{'mode_nz': 1, 'least_nz': 4, 'mode_all': 0, 'center': 0, 'tl': 0, 'tr': 0, 'bl': 0, 'br': 0, 'bbox_tl': 2, 'bbox_tr': 6, 'bbox_bl': 1, 'bbox_br': 1, 'bbox_center': 0}"
241,9,"(1, 1, 1)","(1, 0, 0)","{'mode_nz': 2, 'least_nz': 7, 'mode_all': 0, 'center': 0, 'tl': 0, 'tr': 0, 'bl': 0, 'br': 0, 'bbox_tl': 2, 'bbox_tr': 9, 'bbox_bl': 2, 'bbox_br': 1, 'bbox_center': 0}"
242,6,"(1, 1, 1)","(1, 0, 0)","{'mode_nz': 7, 'least_nz': 5, 'mode_all': 0, 'center': 6, 'tl': 0, 'tr': 0, 'bl': 0, 'br': 0, 'bbox_tl': 7, 'bbox_tr': 7, 'bbox_bl': 7, 'bbox_br': 7, 'bbox_center': 6}"
243,8,"(1, 1, 1)","(1, 0, 0)","{'mode_nz': 5, 'least_nz': 1, 'mode_all': 0, 'center': 5, 'tl': 0, 'tr': 0, 'bl': 0, 'br': 0, 'bbox_tl': 5, 'bbox_tr': 5, 'bbox_bl': 5, 'bbox_br': 7, 'bbox_center': 5}"
244,7,"(1, 1, 1)","(1, 0, 0)","{'mode_nz': 1, 'least_nz': 3, 'mode_all': 0, 'center': 0, 'tl': 0, 'tr': 0, 'bl': 0, 'br': 0, 'bbox_tl': 7, 'bbox_tr': 3, 'bbox_bl': 1, 'bbox_br': 1, 'bbox_center': 0}"
245,9,"(1, 1, 1)","(1, 0, 0)","{'mode_nz': 5, 'least_nz': 3, 'mode_all': 0, 'center': 3, 'tl': 0, 'tr': 0, 'bl': 0, 'br': 0, 'bbox_tl': 5, 'bbox_tr': 5, 'bbox_bl': 5, 'bbox_br': 8, 'bbox_center': 3}"
246,2,"(1, 1, 1)","(1, 0, 0)","{'mode_nz': 3, 'least_nz': 6, 'mode_all': 0, 'center': 2, 'tl': 0, 'tr': 0, 'bl': 0, 'br': 0, 'bbox_tl': 3, 'bbox_tr': 3, 'bbox_bl': 2, 'bbox_br': 1, 'bbox_center': 2}"
247,1,"(1, 1, 1)","(1, 0, 0)","{'mode_nz': 5, 'least_nz': 9, 'mode_all': 0, 'center': 0, 'tl': 0, 'tr': 0, 'bl': 0, 'br': 0, 'bbox_tl': 1, 'bbox_tr': 5, 'bbox_bl': 5, 'bbox_br': 5, 'bbox_center': 0}"
248,7,"(1, 1, 1)","(1, 0, 0)","{'mode_nz': 9, 'least_nz': 3, 'mode_all': 0, 'center': 7, 'tl': 0, 'tr': 0, 'bl': 0, 'br': 0, 'bbox_tl': 3, 'bbox_tr': 9, 'bbox_bl': 8, 'bbox_br': 9, 'bbox_center': 7}"
249,4,"(1, 1, 1)","(1, 0, 0)","{'mode_nz': 8, 'least_nz': 1, 'mode_all': 0, 'center': 8, 'tl': 0, 'tr': 0, 'bl': 0, 'br': 0, 'bbox_tl': 8, 'bbox_tr': 2, 'bbox_bl': 8, 'bbox_br': 2, 'bbox_center': 8}"
250,7,"(1, 1, 1)","(1, 0, 0)","{'mode_nz': 3, 'least_nz': 8, 'mode_all': 0, 'center': 0, 'tl': 0, 'tr': 0, 'bl': 0, 'br': 0, 'bbox_tl': 7, 'bbox_tr': 3, 'bbox_bl': 3, 'bbox_br': 3, 'bbox_center': 0}"
251,2,"(1, 1, 1)","(1, 0, 0)","{'mode_nz': 6, 'least_nz': 3, 'mode_all': 0, 'center': 0, 'tl': 0, 'tr': 0, 'bl': 0, 'br': 0, 'bbox_tl': 6, 'bbox_tr': 2, 'bbox_bl': 2, 'bbox_br': 6, 'bbox_center': 0}"
252,1,"(1, 1, 1)","(1, 0, 0)","{'mode_nz': 6, 'least_nz': 8, 'mode_all': 0, 'center': 0, 'tl': 0, 'tr': 0, 'bl': 0, 'br': 0, 'bbox_tl': 1, 'bbox_tr': 6, 'bbox_bl': 1, 'bbox_br': 4, 'bbox_center': 0}"
253,9,"(1, 1, 1)","(1, 0, 0)","{'mode_nz': 2, 'least_nz': 8, 'mode_all': 0, 'center': 0, 'tl': 0, 'tr': 0, 'bl': 0, 'br': 0, 'bbox_tl': 2, 'bbox_tr': 8, 'bbox_bl': 2, 'bbox_br': 2, 'bbox_center': 0}"
254,9,"(1, 1, 1)","(1, 0, 0)","{'mode_nz': 8, 'least_nz': 7, 'mode_all': 0, 'center': 0, 'tl': 0, 'tr': 0, 'bl': 0, 'br': 0, 'bbox_tl': 2, 'bbox_tr': 9, 'bbox_bl': 8, 'bbox_br': 8, 'bbox_center': 0}"
255,9,"(1, 1, 1)","(1, 0, 0)","{'mode_nz': 8, 'least_nz': 2, 'mode_all': 0, 'center': 8, 'tl': 0, 'tr': 0, 'bl': 0, 'br': 0, 'bbox_tl': 8, 'bbox_tr': 2, 'bbox_bl': 8, 'bbox_br': 9, 'bbox_center': 8}"
256,8,"(1, 1, 1)","(1, 0, 0)","{'mode_nz': 3, 'least_nz': 5, 'mode_all': 0, 'center': 0, 'tl': 0, 'tr': 0, 'bl': 0, 'br': 0, 'bbox_tl': 3, 'bbox_tr': 3, 'bbox_bl': 3, 'bbox_br': 3, 'bbox_center': 0}"
257,5,"(1, 1, 1)","(1, 0, 0)","{'mode_nz': 7, 'least_nz': 1, 'mode_all': 0, 'center': 0, 'tl': 0, 'tr': 0, 'bl': 0, 'br': 0, 'bbox_tl': 7, 'bbox_tr': 7, 'bbox_bl': 7, 'bbox_br': 5, 'bbox_center': 0}"
258,2,"(1, 1, 1)","(1, 0, 0)","{'mode_nz': 3, 'least_nz': 1, 'mode_all': 0, 'center': 0, 'tl': 0, 'tr': 0, 'bl': 0, 'br': 0, 'bbox_tl': 9, 'bbox_tr': 3, 'bbox_bl': 3, 'bbox_br': 2, 'bbox_center': 0}"
259,4,"(1, 1, 1)","(1, 0, 0)","{'mode_nz': 7, 'least_nz': 5, 'mode_all': 0, 'center': 0, 'tl': 0, 'tr': 0, 'bl': 0, 'br': 0, 'bbox_tl': 7, 'bbox_tr': 7, 'bbox_bl': 8, 'bbox_br': 7, 'bbox_center': 0}"
260,2,"(1, 1, 1)","(1, 0, 0)","{'mode_nz': 1, 'least_nz': 6, 'mode_all': 0, 'center': 0, 'tl': 0, 'tr': 0, 'bl': 0, 'br': 0, 'bbox_tl': 1, 'bbox_tr': 3, 'bbox_bl': 1, 'bbox_br': 2, 'bbox_center': 0}"
261,6,"(1, 1, 1)","(1, 0, 0)","{'mode_nz': 8, 'least_nz': 1, 'mode_all': 0, 'center': 0, 'tl': 0, 'tr': 0, 'bl': 0, 'br': 0, 'bbox_tl': 8, 'bbox_tr': 8, 'bbox_bl': 9, 'bbox_br': 6, 'bbox_center': 0}"
262,1,"(1, 1, 1)","(1, 0, 0)","{'mode_nz': 7, 'least_nz': 2, 'mode_all': 0, 'center': 0, 'tl': 0, 'tr': 0, 'bl': 0, 'br': 0, 'bbox_tl': 7, 'bbox_tr': 7, 'bbox_bl': 7, 'bbox_br': 4, 'bbox_center': 0}"
263,3,"(1, 1, 1)","(1, 0, 0)","{'mode_nz': 6, 'least_nz': 2, 'mode_all': 0, 'center': 3, 'tl': 0, 'tr': 0, 'bl': 0, 'br': 0, 'bbox_tl': 6, 'bbox_tr': 6, 'bbox_bl': 6, 'bbox_br': 6, 'bbox_center': 3}"
264,2,"(1, 1, 1)","(1, 0, 0)","{'mode_nz': 8, 'least_nz': 7, 'mode_all': 0, 'center': 0, 'tl': 0, 'tr': 0, 'bl': 0, 'br': 0, 'bbox_tl': 7, 'bbox_tr': 8, 'bbox_bl': 8, 'bbox_br': 8, 'bbox_center': 0}"
265,5,"(1, 1, 1)","(1, 0, 0)","{'mode_nz': 2, 'least_nz': 7, 'mode_all': 0, 'center': 2, 'tl': 0, 'tr': 0, 'bl': 0, 'br': 0, 'bbox_tl': 2, 'bbox_tr': 2, 'bbox_bl': 2, 'bbox_br': 2, 'bbox_center': 2}"
266,3,"(1, 1, 1)","(1, 0, 0)","{'mode_nz': 6, 'least_nz': 9, 'mode_all': 0, 'center': 0, 'tl': 0, 'tr': 0, 'bl': 0, 'br': 0, 'bbox_tl': 6, 'bbox_tr': 9, 'bbox_bl': 6, 'bbox_br': 6, 'bbox_center': 0}"
