task_id,route,template_name,baseline_cost,candidate_cost,baseline_points,candidate_points,file_bytes,validation_status,status,reason,sha256
203,sparse_edit_or_object_completion,constant_sparse_output,88402,,13.610350127195805,,,not_run,skipped,non-constant output,
203,sparse_edit_or_object_completion,global_transform_color_map,88402,,13.610350127195805,,,not_run,skipped,variable shapes,
203,sparse_edit_or_object_completion,periodic_shift_fill_p2_p3,88402,,13.610350127195805,,,not_run,skipped,periodic shift rule does not fit,
203,sparse_edit_or_object_completion,ring_depth_reverse_color_map,88402,216708,13.610350127195805,12.713693895759656,6312,25_pass_0_fail,no_cost_gain,candidate cost is not lower than baseline,78f5c9486c08ab661b7ef955fdc0b24f5def991c82754c9f53fef42b7d3b85da
203,sparse_edit_or_object_completion,boundary_flood_fill_bg0_12,88402,,13.610350127195805,,,not_run,skipped,missing exterior or interior,
203,sparse_edit_or_object_completion,boundary_flood_fill_bg0_18,88402,,13.610350127195805,,,not_run,skipped,missing exterior or interior,
203,sparse_edit_or_object_completion,boundary_flood_fill_bg0_24,88402,,13.610350127195805,,,not_run,skipped,missing exterior or interior,
203,sparse_edit_or_object_completion,boundary_flood_fill_bg0_30,88402,,13.610350127195805,,,not_run,skipped,missing exterior or interior,
203,sparse_edit_or_object_completion,signature_scatternd_lookup,88402,116131,13.610350127195805,13.33752585675792,290511,25_pass_0_fail,no_cost_gain,candidate cost is not lower than baseline,c753ca608b5b6f298a8b058c602df39791cd810812e3704efcf8143005e25801
203,sparse_edit_or_object_completion,direct_identity,88402,,13.610350127195805,,,not_run,skipped,not identity,
203,sparse_edit_or_object_completion,conv_color_map,88402,,13.610350127195805,,,not_run,skipped,conflicting color map,
203,sparse_edit_or_object_completion,fixed_mask_where,88402,,13.610350127195805,,,not_run,skipped,fixed edit conflict,
203,sparse_edit_or_object_completion,neighbor_fill_hline_1_1,88402,,13.610350127195805,,,not_run,skipped,rule does not fit,
203,sparse_edit_or_object_completion,iter_neighbor_fill_hline_1_1_2,88402,,13.610350127195805,,,not_run,skipped,rule does not fit,
203,sparse_edit_or_object_completion,iter_neighbor_fill_hline_1_1_3,88402,,13.610350127195805,,,not_run,skipped,rule does not fit,
203,sparse_edit_or_object_completion,iter_neighbor_fill_hline_1_1_5,88402,,13.610350127195805,,,not_run,skipped,rule does not fit,
203,sparse_edit_or_object_completion,iter_neighbor_fill_hline_1_1_8,88402,,13.610350127195805,,,not_run,skipped,rule does not fit,
203,sparse_edit_or_object_completion,neighbor_fill_hline_1_2,88402,,13.610350127195805,,,not_run,skipped,rule does not fit,
203,sparse_edit_or_object_completion,iter_neighbor_fill_hline_1_2_2,88402,,13.610350127195805,,,not_run,skipped,rule does not fit,
203,sparse_edit_or_object_completion,iter_neighbor_fill_hline_1_2_3,88402,,13.610350127195805,,,not_run,skipped,rule does not fit,
203,sparse_edit_or_object_completion,iter_neighbor_fill_hline_1_2_5,88402,,13.610350127195805,,,not_run,skipped,rule does not fit,
203,sparse_edit_or_object_completion,iter_neighbor_fill_hline_1_2_8,88402,,13.610350127195805,,,not_run,skipped,rule does not fit,
203,sparse_edit_or_object_completion,neighbor_fill_vline_1_1,88402,,13.610350127195805,,,not_run,skipped,rule does not fit,
203,sparse_edit_or_object_completion,iter_neighbor_fill_vline_1_1_2,88402,,13.610350127195805,,,not_run,skipped,rule does not fit,
203,sparse_edit_or_object_completion,iter_neighbor_fill_vline_1_1_3,88402,,13.610350127195805,,,not_run,skipped,rule does not fit,
203,sparse_edit_or_object_completion,iter_neighbor_fill_vline_1_1_5,88402,,13.610350127195805,,,not_run,skipped,rule does not fit,
203,sparse_edit_or_object_completion,iter_neighbor_fill_vline_1_1_8,88402,,13.610350127195805,,,not_run,skipped,rule does not fit,
203,sparse_edit_or_object_completion,neighbor_fill_vline_1_2,88402,,13.610350127195805,,,not_run,skipped,rule does not fit,
203,sparse_edit_or_object_completion,iter_neighbor_fill_vline_1_2_2,88402,,13.610350127195805,,,not_run,skipped,rule does not fit,
203,sparse_edit_or_object_completion,iter_neighbor_fill_vline_1_2_3,88402,,13.610350127195805,,,not_run,skipped,rule does not fit,
203,sparse_edit_or_object_completion,iter_neighbor_fill_vline_1_2_5,88402,,13.610350127195805,,,not_run,skipped,rule does not fit,
203,sparse_edit_or_object_completion,iter_neighbor_fill_vline_1_2_8,88402,,13.610350127195805,,,not_run,skipped,rule does not fit,
203,sparse_edit_or_object_completion,neighbor_fill_cross_1_1,88402,,13.610350127195805,,,not_run,skipped,rule does not fit,
203,sparse_edit_or_object_completion,iter_neighbor_fill_cross_1_1_2,88402,,13.610350127195805,,,not_run,skipped,rule does not fit,
203,sparse_edit_or_object_completion,iter_neighbor_fill_cross_1_1_3,88402,,13.610350127195805,,,not_run,skipped,rule does not fit,
203,sparse_edit_or_object_completion,iter_neighbor_fill_cross_1_1_5,88402,,13.610350127195805,,,not_run,skipped,rule does not fit,
203,sparse_edit_or_object_completion,iter_neighbor_fill_cross_1_1_8,88402,,13.610350127195805,,,not_run,skipped,rule does not fit,
203,sparse_edit_or_object_completion,neighbor_fill_cross_1_2,88402,,13.610350127195805,,,not_run,skipped,rule does not fit,
203,sparse_edit_or_object_completion,iter_neighbor_fill_cross_1_2_2,88402,,13.610350127195805,,,not_run,skipped,rule does not fit,
203,sparse_edit_or_object_completion,iter_neighbor_fill_cross_1_2_3,88402,,13.610350127195805,,,not_run,skipped,rule does not fit,
203,sparse_edit_or_object_completion,iter_neighbor_fill_cross_1_2_5,88402,,13.610350127195805,,,not_run,skipped,rule does not fit,
203,sparse_edit_or_object_completion,iter_neighbor_fill_cross_1_2_8,88402,,13.610350127195805,,,not_run,skipped,rule does not fit,
203,sparse_edit_or_object_completion,neighbor_fill_cross_1_3,88402,,13.610350127195805,,,not_run,skipped,rule does not fit,
203,sparse_edit_or_object_completion,iter_neighbor_fill_cross_1_3_2,88402,,13.610350127195805,,,not_run,skipped,rule does not fit,
203,sparse_edit_or_object_completion,iter_neighbor_fill_cross_1_3_3,88402,,13.610350127195805,,,not_run,skipped,rule does not fit,
203,sparse_edit_or_object_completion,iter_neighbor_fill_cross_1_3_5,88402,,13.610350127195805,,,not_run,skipped,rule does not fit,
203,sparse_edit_or_object_completion,iter_neighbor_fill_cross_1_3_8,88402,,13.610350127195805,,,not_run,skipped,rule does not fit,
203,sparse_edit_or_object_completion,neighbor_fill_cross_1_4,88402,,13.610350127195805,,,not_run,skipped,rule does not fit,
203,sparse_edit_or_object_completion,iter_neighbor_fill_cross_1_4_2,88402,,13.610350127195805,,,not_run,skipped,rule does not fit,
203,sparse_edit_or_object_completion,iter_neighbor_fill_cross_1_4_3,88402,,13.610350127195805,,,not_run,skipped,rule does not fit,
203,sparse_edit_or_object_completion,iter_neighbor_fill_cross_1_4_5,88402,,13.610350127195805,,,not_run,skipped,rule does not fit,
203,sparse_edit_or_object_completion,iter_neighbor_fill_cross_1_4_8,88402,,13.610350127195805,,,not_run,skipped,rule does not fit,
203,sparse_edit_or_object_completion,neighbor_fill_square_1_1,88402,,13.610350127195805,,,not_run,skipped,rule does not fit,
203,sparse_edit_or_object_completion,iter_neighbor_fill_square_1_1_2,88402,,13.610350127195805,,,not_run,skipped,rule does not fit,
203,sparse_edit_or_object_completion,iter_neighbor_fill_square_1_1_3,88402,,13.610350127195805,,,not_run,skipped,rule does not fit,
203,sparse_edit_or_object_completion,iter_neighbor_fill_square_1_1_5,88402,,13.610350127195805,,,not_run,skipped,rule does not fit,
203,sparse_edit_or_object_completion,iter_neighbor_fill_square_1_1_8,88402,,13.610350127195805,,,not_run,skipped,rule does not fit,
203,sparse_edit_or_object_completion,neighbor_fill_square_1_2,88402,,13.610350127195805,,,not_run,skipped,rule does not fit,
203,sparse_edit_or_object_completion,iter_neighbor_fill_square_1_2_2,88402,,13.610350127195805,,,not_run,skipped,rule does not fit,
203,sparse_edit_or_object_completion,iter_neighbor_fill_square_1_2_3,88402,,13.610350127195805,,,not_run,skipped,rule does not fit,
203,sparse_edit_or_object_completion,iter_neighbor_fill_square_1_2_5,88402,,13.610350127195805,,,not_run,skipped,rule does not fit,
203,sparse_edit_or_object_completion,iter_neighbor_fill_square_1_2_8,88402,,13.610350127195805,,,not_run,skipped,rule does not fit,
203,sparse_edit_or_object_completion,neighbor_fill_square_1_3,88402,,13.610350127195805,,,not_run,skipped,rule does not fit,
203,sparse_edit_or_object_completion,iter_neighbor_fill_square_1_3_2,88402,,13.610350127195805,,,not_run,skipped,rule does not fit,
203,sparse_edit_or_object_completion,iter_neighbor_fill_square_1_3_3,88402,,13.610350127195805,,,not_run,skipped,rule does not fit,
203,sparse_edit_or_object_completion,iter_neighbor_fill_square_1_3_5,88402,,13.610350127195805,,,not_run,skipped,rule does not fit,
203,sparse_edit_or_object_completion,iter_neighbor_fill_square_1_3_8,88402,,13.610350127195805,,,not_run,skipped,rule does not fit,
203,sparse_edit_or_object_completion,neighbor_fill_square_1_4,88402,,13.610350127195805,,,not_run,skipped,rule does not fit,
203,sparse_edit_or_object_completion,iter_neighbor_fill_square_1_4_2,88402,,13.610350127195805,,,not_run,skipped,rule does not fit,
203,sparse_edit_or_object_completion,iter_neighbor_fill_square_1_4_3,88402,,13.610350127195805,,,not_run,skipped,rule does not fit,
203,sparse_edit_or_object_completion,iter_neighbor_fill_square_1_4_5,88402,,13.610350127195805,,,not_run,skipped,rule does not fit,
203,sparse_edit_or_object_completion,iter_neighbor_fill_square_1_4_8,88402,,13.610350127195805,,,not_run,skipped,rule does not fit,
203,sparse_edit_or_object_completion,neighbor_fill_square_1_5,88402,,13.610350127195805,,,not_run,skipped,rule does not fit,
203,sparse_edit_or_object_completion,iter_neighbor_fill_square_1_5_2,88402,,13.610350127195805,,,not_run,skipped,rule does not fit,
203,sparse_edit_or_object_completion,iter_neighbor_fill_square_1_5_3,88402,,13.610350127195805,,,not_run,skipped,rule does not fit,
203,sparse_edit_or_object_completion,iter_neighbor_fill_square_1_5_5,88402,,13.610350127195805,,,not_run,skipped,rule does not fit,
203,sparse_edit_or_object_completion,iter_neighbor_fill_square_1_5_8,88402,,13.610350127195805,,,not_run,skipped,rule does not fit,
203,sparse_edit_or_object_completion,neighbor_fill_square_1_6,88402,,13.610350127195805,,,not_run,skipped,rule does not fit,
203,sparse_edit_or_object_completion,iter_neighbor_fill_square_1_6_2,88402,,13.610350127195805,,,not_run,skipped,rule does not fit,
203,sparse_edit_or_object_completion,iter_neighbor_fill_square_1_6_3,88402,,13.610350127195805,,,not_run,skipped,rule does not fit,
203,sparse_edit_or_object_completion,iter_neighbor_fill_square_1_6_5,88402,,13.610350127195805,,,not_run,skipped,rule does not fit,
203,sparse_edit_or_object_completion,iter_neighbor_fill_square_1_6_8,88402,,13.610350127195805,,,not_run,skipped,rule does not fit,
203,sparse_edit_or_object_completion,neighbor_fill_square_1_7,88402,,13.610350127195805,,,not_run,skipped,rule does not fit,
203,sparse_edit_or_object_completion,iter_neighbor_fill_square_1_7_2,88402,,13.610350127195805,,,not_run,skipped,rule does not fit,
203,sparse_edit_or_object_completion,iter_neighbor_fill_square_1_7_3,88402,,13.610350127195805,,,not_run,skipped,rule does not fit,
203,sparse_edit_or_object_completion,iter_neighbor_fill_square_1_7_5,88402,,13.610350127195805,,,not_run,skipped,rule does not fit,
203,sparse_edit_or_object_completion,iter_neighbor_fill_square_1_7_8,88402,,13.610350127195805,,,not_run,skipped,rule does not fit,
203,sparse_edit_or_object_completion,neighbor_fill_square_1_8,88402,,13.610350127195805,,,not_run,skipped,rule does not fit,
203,sparse_edit_or_object_completion,iter_neighbor_fill_square_1_8_2,88402,,13.610350127195805,,,not_run,skipped,rule does not fit,
203,sparse_edit_or_object_completion,iter_neighbor_fill_square_1_8_3,88402,,13.610350127195805,,,not_run,skipped,rule does not fit,
203,sparse_edit_or_object_completion,iter_neighbor_fill_square_1_8_5,88402,,13.610350127195805,,,not_run,skipped,rule does not fit,
203,sparse_edit_or_object_completion,iter_neighbor_fill_square_1_8_8,88402,,13.610350127195805,,,not_run,skipped,rule does not fit,
203,sparse_edit_or_object_completion,neighbor_fill_hline_2_1,88402,,13.610350127195805,,,not_run,skipped,rule does not fit,
203,sparse_edit_or_object_completion,iter_neighbor_fill_hline_2_1_2,88402,,13.610350127195805,,,not_run,skipped,rule does not fit,
203,sparse_edit_or_object_completion,iter_neighbor_fill_hline_2_1_3,88402,,13.610350127195805,,,not_run,skipped,rule does not fit,
203,sparse_edit_or_object_completion,iter_neighbor_fill_hline_2_1_5,88402,,13.610350127195805,,,not_run,skipped,rule does not fit,
203,sparse_edit_or_object_completion,iter_neighbor_fill_hline_2_1_8,88402,,13.610350127195805,,,not_run,skipped,rule does not fit,
203,sparse_edit_or_object_completion,neighbor_fill_hline_2_2,88402,,13.610350127195805,,,not_run,skipped,rule does not fit,
203,sparse_edit_or_object_completion,iter_neighbor_fill_hline_2_2_2,88402,,13.610350127195805,,,not_run,skipped,rule does not fit,
203,sparse_edit_or_object_completion,iter_neighbor_fill_hline_2_2_3,88402,,13.610350127195805,,,not_run,skipped,rule does not fit,
203,sparse_edit_or_object_completion,iter_neighbor_fill_hline_2_2_5,88402,,13.610350127195805,,,not_run,skipped,rule does not fit,
203,sparse_edit_or_object_completion,iter_neighbor_fill_hline_2_2_8,88402,,13.610350127195805,,,not_run,skipped,rule does not fit,
203,sparse_edit_or_object_completion,neighbor_fill_vline_2_1,88402,,13.610350127195805,,,not_run,skipped,rule does not fit,
203,sparse_edit_or_object_completion,iter_neighbor_fill_vline_2_1_2,88402,,13.610350127195805,,,not_run,skipped,rule does not fit,
203,sparse_edit_or_object_completion,iter_neighbor_fill_vline_2_1_3,88402,,13.610350127195805,,,not_run,skipped,rule does not fit,
203,sparse_edit_or_object_completion,iter_neighbor_fill_vline_2_1_5,88402,,13.610350127195805,,,not_run,skipped,rule does not fit,
203,sparse_edit_or_object_completion,iter_neighbor_fill_vline_2_1_8,88402,,13.610350127195805,,,not_run,skipped,rule does not fit,
203,sparse_edit_or_object_completion,neighbor_fill_vline_2_2,88402,,13.610350127195805,,,not_run,skipped,rule does not fit,
203,sparse_edit_or_object_completion,iter_neighbor_fill_vline_2_2_2,88402,,13.610350127195805,,,not_run,skipped,rule does not fit,
203,sparse_edit_or_object_completion,iter_neighbor_fill_vline_2_2_3,88402,,13.610350127195805,,,not_run,skipped,rule does not fit,
203,sparse_edit_or_object_completion,iter_neighbor_fill_vline_2_2_5,88402,,13.610350127195805,,,not_run,skipped,rule does not fit,
203,sparse_edit_or_object_completion,iter_neighbor_fill_vline_2_2_8,88402,,13.610350127195805,,,not_run,skipped,rule does not fit,
203,sparse_edit_or_object_completion,neighbor_fill_cross_2_1,88402,,13.610350127195805,,,not_run,skipped,rule does not fit,
203,sparse_edit_or_object_completion,iter_neighbor_fill_cross_2_1_2,88402,,13.610350127195805,,,not_run,skipped,rule does not fit,
203,sparse_edit_or_object_completion,iter_neighbor_fill_cross_2_1_3,88402,,13.610350127195805,,,not_run,skipped,rule does not fit,
203,sparse_edit_or_object_completion,iter_neighbor_fill_cross_2_1_5,88402,,13.610350127195805,,,not_run,skipped,rule does not fit,
203,sparse_edit_or_object_completion,iter_neighbor_fill_cross_2_1_8,88402,,13.610350127195805,,,not_run,skipped,rule does not fit,
203,sparse_edit_or_object_completion,neighbor_fill_cross_2_2,88402,,13.610350127195805,,,not_run,skipped,rule does not fit,
203,sparse_edit_or_object_completion,iter_neighbor_fill_cross_2_2_2,88402,,13.610350127195805,,,not_run,skipped,rule does not fit,
203,sparse_edit_or_object_completion,iter_neighbor_fill_cross_2_2_3,88402,,13.610350127195805,,,not_run,skipped,rule does not fit,
203,sparse_edit_or_object_completion,iter_neighbor_fill_cross_2_2_5,88402,,13.610350127195805,,,not_run,skipped,rule does not fit,
203,sparse_edit_or_object_completion,iter_neighbor_fill_cross_2_2_8,88402,,13.610350127195805,,,not_run,skipped,rule does not fit,
203,sparse_edit_or_object_completion,neighbor_fill_cross_2_3,88402,,13.610350127195805,,,not_run,skipped,rule does not fit,
203,sparse_edit_or_object_completion,iter_neighbor_fill_cross_2_3_2,88402,,13.610350127195805,,,not_run,skipped,rule does not fit,
203,sparse_edit_or_object_completion,iter_neighbor_fill_cross_2_3_3,88402,,13.610350127195805,,,not_run,skipped,rule does not fit,
203,sparse_edit_or_object_completion,iter_neighbor_fill_cross_2_3_5,88402,,13.610350127195805,,,not_run,skipped,rule does not fit,
203,sparse_edit_or_object_completion,iter_neighbor_fill_cross_2_3_8,88402,,13.610350127195805,,,not_run,skipped,rule does not fit,
203,sparse_edit_or_object_completion,neighbor_fill_cross_2_4,88402,,13.610350127195805,,,not_run,skipped,rule does not fit,
203,sparse_edit_or_object_completion,iter_neighbor_fill_cross_2_4_2,88402,,13.610350127195805,,,not_run,skipped,rule does not fit,
203,sparse_edit_or_object_completion,iter_neighbor_fill_cross_2_4_3,88402,,13.610350127195805,,,not_run,skipped,rule does not fit,
203,sparse_edit_or_object_completion,iter_neighbor_fill_cross_2_4_5,88402,,13.610350127195805,,,not_run,skipped,rule does not fit,
203,sparse_edit_or_object_completion,iter_neighbor_fill_cross_2_4_8,88402,,13.610350127195805,,,not_run,skipped,rule does not fit,
203,sparse_edit_or_object_completion,neighbor_fill_square_2_1,88402,,13.610350127195805,,,not_run,skipped,rule does not fit,
203,sparse_edit_or_object_completion,iter_neighbor_fill_square_2_1_2,88402,,13.610350127195805,,,not_run,skipped,rule does not fit,
203,sparse_edit_or_object_completion,iter_neighbor_fill_square_2_1_3,88402,,13.610350127195805,,,not_run,skipped,rule does not fit,
203,sparse_edit_or_object_completion,iter_neighbor_fill_square_2_1_5,88402,,13.610350127195805,,,not_run,skipped,rule does not fit,
203,sparse_edit_or_object_completion,iter_neighbor_fill_square_2_1_8,88402,,13.610350127195805,,,not_run,skipped,rule does not fit,
203,sparse_edit_or_object_completion,neighbor_fill_square_2_2,88402,,13.610350127195805,,,not_run,skipped,rule does not fit,
203,sparse_edit_or_object_completion,iter_neighbor_fill_square_2_2_2,88402,,13.610350127195805,,,not_run,skipped,rule does not fit,
203,sparse_edit_or_object_completion,iter_neighbor_fill_square_2_2_3,88402,,13.610350127195805,,,not_run,skipped,rule does not fit,
203,sparse_edit_or_object_completion,iter_neighbor_fill_square_2_2_5,88402,,13.610350127195805,,,not_run,skipped,rule does not fit,
203,sparse_edit_or_object_completion,iter_neighbor_fill_square_2_2_8,88402,,13.610350127195805,,,not_run,skipped,rule does not fit,
203,sparse_edit_or_object_completion,neighbor_fill_square_2_3,88402,,13.610350127195805,,,not_run,skipped,rule does not fit,
203,sparse_edit_or_object_completion,iter_neighbor_fill_square_2_3_2,88402,,13.610350127195805,,,not_run,skipped,rule does not fit,
203,sparse_edit_or_object_completion,iter_neighbor_fill_square_2_3_3,88402,,13.610350127195805,,,not_run,skipped,rule does not fit,
203,sparse_edit_or_object_completion,iter_neighbor_fill_square_2_3_5,88402,,13.610350127195805,,,not_run,skipped,rule does not fit,
203,sparse_edit_or_object_completion,iter_neighbor_fill_square_2_3_8,88402,,13.610350127195805,,,not_run,skipped,rule does not fit,
203,sparse_edit_or_object_completion,neighbor_fill_square_2_4,88402,,13.610350127195805,,,not_run,skipped,rule does not fit,
203,sparse_edit_or_object_completion,iter_neighbor_fill_square_2_4_2,88402,,13.610350127195805,,,not_run,skipped,rule does not fit,
203,sparse_edit_or_object_completion,iter_neighbor_fill_square_2_4_3,88402,,13.610350127195805,,,not_run,skipped,rule does not fit,
203,sparse_edit_or_object_completion,iter_neighbor_fill_square_2_4_5,88402,,13.610350127195805,,,not_run,skipped,rule does not fit,
203,sparse_edit_or_object_completion,iter_neighbor_fill_square_2_4_8,88402,,13.610350127195805,,,not_run,skipped,rule does not fit,
203,sparse_edit_or_object_completion,neighbor_fill_square_2_5,88402,,13.610350127195805,,,not_run,skipped,rule does not fit,
203,sparse_edit_or_object_completion,iter_neighbor_fill_square_2_5_2,88402,,13.610350127195805,,,not_run,skipped,rule does not fit,
203,sparse_edit_or_object_completion,iter_neighbor_fill_square_2_5_3,88402,,13.610350127195805,,,not_run,skipped,rule does not fit,
203,sparse_edit_or_object_completion,iter_neighbor_fill_square_2_5_5,88402,,13.610350127195805,,,not_run,skipped,rule does not fit,
203,sparse_edit_or_object_completion,iter_neighbor_fill_square_2_5_8,88402,,13.610350127195805,,,not_run,skipped,rule does not fit,
203,sparse_edit_or_object_completion,neighbor_fill_square_2_6,88402,,13.610350127195805,,,not_run,skipped,rule does not fit,
203,sparse_edit_or_object_completion,iter_neighbor_fill_square_2_6_2,88402,,13.610350127195805,,,not_run,skipped,rule does not fit,
203,sparse_edit_or_object_completion,iter_neighbor_fill_square_2_6_3,88402,,13.610350127195805,,,not_run,skipped,rule does not fit,
203,sparse_edit_or_object_completion,iter_neighbor_fill_square_2_6_5,88402,,13.610350127195805,,,not_run,skipped,rule does not fit,
203,sparse_edit_or_object_completion,iter_neighbor_fill_square_2_6_8,88402,,13.610350127195805,,,not_run,skipped,rule does not fit,
203,sparse_edit_or_object_completion,neighbor_fill_square_2_7,88402,,13.610350127195805,,,not_run,skipped,rule does not fit,
203,sparse_edit_or_object_completion,iter_neighbor_fill_square_2_7_2,88402,,13.610350127195805,,,not_run,skipped,rule does not fit,
203,sparse_edit_or_object_completion,iter_neighbor_fill_square_2_7_3,88402,,13.610350127195805,,,not_run,skipped,rule does not fit,
203,sparse_edit_or_object_completion,iter_neighbor_fill_square_2_7_5,88402,,13.610350127195805,,,not_run,skipped,rule does not fit,
203,sparse_edit_or_object_completion,iter_neighbor_fill_square_2_7_8,88402,,13.610350127195805,,,not_run,skipped,rule does not fit,
203,sparse_edit_or_object_completion,neighbor_fill_square_2_8,88402,,13.610350127195805,,,not_run,skipped,rule does not fit,
203,sparse_edit_or_object_completion,iter_neighbor_fill_square_2_8_2,88402,,13.610350127195805,,,not_run,skipped,rule does not fit,
203,sparse_edit_or_object_completion,iter_neighbor_fill_square_2_8_3,88402,,13.610350127195805,,,not_run,skipped,rule does not fit,
203,sparse_edit_or_object_completion,iter_neighbor_fill_square_2_8_5,88402,,13.610350127195805,,,not_run,skipped,rule does not fit,
203,sparse_edit_or_object_completion,iter_neighbor_fill_square_2_8_8,88402,,13.610350127195805,,,not_run,skipped,rule does not fit,
203,sparse_edit_or_object_completion,neighbor_fill_hline_3_1,88402,,13.610350127195805,,,not_run,skipped,rule does not fit,
203,sparse_edit_or_object_completion,iter_neighbor_fill_hline_3_1_2,88402,,13.610350127195805,,,not_run,skipped,rule does not fit,
203,sparse_edit_or_object_completion,iter_neighbor_fill_hline_3_1_3,88402,,13.610350127195805,,,not_run,skipped,rule does not fit,
203,sparse_edit_or_object_completion,iter_neighbor_fill_hline_3_1_5,88402,,13.610350127195805,,,not_run,skipped,rule does not fit,
203,sparse_edit_or_object_completion,iter_neighbor_fill_hline_3_1_8,88402,,13.610350127195805,,,not_run,skipped,rule does not fit,
203,sparse_edit_or_object_completion,neighbor_fill_hline_3_2,88402,,13.610350127195805,,,not_run,skipped,rule does not fit,
203,sparse_edit_or_object_completion,iter_neighbor_fill_hline_3_2_2,88402,,13.610350127195805,,,not_run,skipped,rule does not fit,
203,sparse_edit_or_object_completion,iter_neighbor_fill_hline_3_2_3,88402,,13.610350127195805,,,not_run,skipped,rule does not fit,
203,sparse_edit_or_object_completion,iter_neighbor_fill_hline_3_2_5,88402,,13.610350127195805,,,not_run,skipped,rule does not fit,
203,sparse_edit_or_object_completion,iter_neighbor_fill_hline_3_2_8,88402,,13.610350127195805,,,not_run,skipped,rule does not fit,
203,sparse_edit_or_object_completion,neighbor_fill_vline_3_1,88402,,13.610350127195805,,,not_run,skipped,rule does not fit,
203,sparse_edit_or_object_completion,iter_neighbor_fill_vline_3_1_2,88402,,13.610350127195805,,,not_run,skipped,rule does not fit,
203,sparse_edit_or_object_completion,iter_neighbor_fill_vline_3_1_3,88402,,13.610350127195805,,,not_run,skipped,rule does not fit,
203,sparse_edit_or_object_completion,iter_neighbor_fill_vline_3_1_5,88402,,13.610350127195805,,,not_run,skipped,rule does not fit,
203,sparse_edit_or_object_completion,iter_neighbor_fill_vline_3_1_8,88402,,13.610350127195805,,,not_run,skipped,rule does not fit,
203,sparse_edit_or_object_completion,neighbor_fill_vline_3_2,88402,,13.610350127195805,,,not_run,skipped,rule does not fit,
203,sparse_edit_or_object_completion,iter_neighbor_fill_vline_3_2_2,88402,,13.610350127195805,,,not_run,skipped,rule does not fit,
203,sparse_edit_or_object_completion,iter_neighbor_fill_vline_3_2_3,88402,,13.610350127195805,,,not_run,skipped,rule does not fit,
203,sparse_edit_or_object_completion,iter_neighbor_fill_vline_3_2_5,88402,,13.610350127195805,,,not_run,skipped,rule does not fit,
203,sparse_edit_or_object_completion,iter_neighbor_fill_vline_3_2_8,88402,,13.610350127195805,,,not_run,skipped,rule does not fit,
203,sparse_edit_or_object_completion,neighbor_fill_cross_3_1,88402,,13.610350127195805,,,not_run,skipped,rule does not fit,
203,sparse_edit_or_object_completion,iter_neighbor_fill_cross_3_1_2,88402,,13.610350127195805,,,not_run,skipped,rule does not fit,
203,sparse_edit_or_object_completion,iter_neighbor_fill_cross_3_1_3,88402,,13.610350127195805,,,not_run,skipped,rule does not fit,
203,sparse_edit_or_object_completion,iter_neighbor_fill_cross_3_1_5,88402,,13.610350127195805,,,not_run,skipped,rule does not fit,
203,sparse_edit_or_object_completion,iter_neighbor_fill_cross_3_1_8,88402,,13.610350127195805,,,not_run,skipped,rule does not fit,
203,sparse_edit_or_object_completion,neighbor_fill_cross_3_2,88402,,13.610350127195805,,,not_run,skipped,rule does not fit,
203,sparse_edit_or_object_completion,iter_neighbor_fill_cross_3_2_2,88402,,13.610350127195805,,,not_run,skipped,rule does not fit,
203,sparse_edit_or_object_completion,iter_neighbor_fill_cross_3_2_3,88402,,13.610350127195805,,,not_run,skipped,rule does not fit,
203,sparse_edit_or_object_completion,iter_neighbor_fill_cross_3_2_5,88402,,13.610350127195805,,,not_run,skipped,rule does not fit,
203,sparse_edit_or_object_completion,iter_neighbor_fill_cross_3_2_8,88402,,13.610350127195805,,,not_run,skipped,rule does not fit,
203,sparse_edit_or_object_completion,neighbor_fill_cross_3_3,88402,,13.610350127195805,,,not_run,skipped,rule does not fit,
203,sparse_edit_or_object_completion,iter_neighbor_fill_cross_3_3_2,88402,,13.610350127195805,,,not_run,skipped,rule does not fit,
203,sparse_edit_or_object_completion,iter_neighbor_fill_cross_3_3_3,88402,,13.610350127195805,,,not_run,skipped,rule does not fit,
203,sparse_edit_or_object_completion,iter_neighbor_fill_cross_3_3_5,88402,,13.610350127195805,,,not_run,skipped,rule does not fit,
203,sparse_edit_or_object_completion,iter_neighbor_fill_cross_3_3_8,88402,,13.610350127195805,,,not_run,skipped,rule does not fit,
203,sparse_edit_or_object_completion,neighbor_fill_cross_3_4,88402,,13.610350127195805,,,not_run,skipped,rule does not fit,
203,sparse_edit_or_object_completion,iter_neighbor_fill_cross_3_4_2,88402,,13.610350127195805,,,not_run,skipped,rule does not fit,
203,sparse_edit_or_object_completion,iter_neighbor_fill_cross_3_4_3,88402,,13.610350127195805,,,not_run,skipped,rule does not fit,
203,sparse_edit_or_object_completion,iter_neighbor_fill_cross_3_4_5,88402,,13.610350127195805,,,not_run,skipped,rule does not fit,
203,sparse_edit_or_object_completion,iter_neighbor_fill_cross_3_4_8,88402,,13.610350127195805,,,not_run,skipped,rule does not fit,
203,sparse_edit_or_object_completion,neighbor_fill_square_3_1,88402,,13.610350127195805,,,not_run,skipped,rule does not fit,
203,sparse_edit_or_object_completion,iter_neighbor_fill_square_3_1_2,88402,,13.610350127195805,,,not_run,skipped,rule does not fit,
203,sparse_edit_or_object_completion,iter_neighbor_fill_square_3_1_3,88402,,13.610350127195805,,,not_run,skipped,rule does not fit,
203,sparse_edit_or_object_completion,iter_neighbor_fill_square_3_1_5,88402,,13.610350127195805,,,not_run,skipped,rule does not fit,
203,sparse_edit_or_object_completion,iter_neighbor_fill_square_3_1_8,88402,,13.610350127195805,,,not_run,skipped,rule does not fit,
203,sparse_edit_or_object_completion,neighbor_fill_square_3_2,88402,,13.610350127195805,,,not_run,skipped,rule does not fit,
203,sparse_edit_or_object_completion,iter_neighbor_fill_square_3_2_2,88402,,13.610350127195805,,,not_run,skipped,rule does not fit,
203,sparse_edit_or_object_completion,iter_neighbor_fill_square_3_2_3,88402,,13.610350127195805,,,not_run,skipped,rule does not fit,
203,sparse_edit_or_object_completion,iter_neighbor_fill_square_3_2_5,88402,,13.610350127195805,,,not_run,skipped,rule does not fit,
203,sparse_edit_or_object_completion,iter_neighbor_fill_square_3_2_8,88402,,13.610350127195805,,,not_run,skipped,rule does not fit,
203,sparse_edit_or_object_completion,neighbor_fill_square_3_3,88402,,13.610350127195805,,,not_run,skipped,rule does not fit,
203,sparse_edit_or_object_completion,iter_neighbor_fill_square_3_3_2,88402,,13.610350127195805,,,not_run,skipped,rule does not fit,
203,sparse_edit_or_object_completion,iter_neighbor_fill_square_3_3_3,88402,,13.610350127195805,,,not_run,skipped,rule does not fit,
203,sparse_edit_or_object_completion,iter_neighbor_fill_square_3_3_5,88402,,13.610350127195805,,,not_run,skipped,rule does not fit,
203,sparse_edit_or_object_completion,iter_neighbor_fill_square_3_3_8,88402,,13.610350127195805,,,not_run,skipped,rule does not fit,
203,sparse_edit_or_object_completion,neighbor_fill_square_3_4,88402,,13.610350127195805,,,not_run,skipped,rule does not fit,
203,sparse_edit_or_object_completion,iter_neighbor_fill_square_3_4_2,88402,,13.610350127195805,,,not_run,skipped,rule does not fit,
203,sparse_edit_or_object_completion,iter_neighbor_fill_square_3_4_3,88402,,13.610350127195805,,,not_run,skipped,rule does not fit,
203,sparse_edit_or_object_completion,iter_neighbor_fill_square_3_4_5,88402,,13.610350127195805,,,not_run,skipped,rule does not fit,
203,sparse_edit_or_object_completion,iter_neighbor_fill_square_3_4_8,88402,,13.610350127195805,,,not_run,skipped,rule does not fit,
203,sparse_edit_or_object_completion,neighbor_fill_square_3_5,88402,,13.610350127195805,,,not_run,skipped,rule does not fit,
203,sparse_edit_or_object_completion,iter_neighbor_fill_square_3_5_2,88402,,13.610350127195805,,,not_run,skipped,rule does not fit,
203,sparse_edit_or_object_completion,iter_neighbor_fill_square_3_5_3,88402,,13.610350127195805,,,not_run,skipped,rule does not fit,
203,sparse_edit_or_object_completion,iter_neighbor_fill_square_3_5_5,88402,,13.610350127195805,,,not_run,skipped,rule does not fit,
203,sparse_edit_or_object_completion,iter_neighbor_fill_square_3_5_8,88402,,13.610350127195805,,,not_run,skipped,rule does not fit,
203,sparse_edit_or_object_completion,neighbor_fill_square_3_6,88402,,13.610350127195805,,,not_run,skipped,rule does not fit,
203,sparse_edit_or_object_completion,iter_neighbor_fill_square_3_6_2,88402,,13.610350127195805,,,not_run,skipped,rule does not fit,
203,sparse_edit_or_object_completion,iter_neighbor_fill_square_3_6_3,88402,,13.610350127195805,,,not_run,skipped,rule does not fit,
203,sparse_edit_or_object_completion,iter_neighbor_fill_square_3_6_5,88402,,13.610350127195805,,,not_run,skipped,rule does not fit,
203,sparse_edit_or_object_completion,iter_neighbor_fill_square_3_6_8,88402,,13.610350127195805,,,not_run,skipped,rule does not fit,
203,sparse_edit_or_object_completion,neighbor_fill_square_3_7,88402,,13.610350127195805,,,not_run,skipped,rule does not fit,
203,sparse_edit_or_object_completion,iter_neighbor_fill_square_3_7_2,88402,,13.610350127195805,,,not_run,skipped,rule does not fit,
203,sparse_edit_or_object_completion,iter_neighbor_fill_square_3_7_3,88402,,13.610350127195805,,,not_run,skipped,rule does not fit,
203,sparse_edit_or_object_completion,iter_neighbor_fill_square_3_7_5,88402,,13.610350127195805,,,not_run,skipped,rule does not fit,
203,sparse_edit_or_object_completion,iter_neighbor_fill_square_3_7_8,88402,,13.610350127195805,,,not_run,skipped,rule does not fit,
203,sparse_edit_or_object_completion,neighbor_fill_square_3_8,88402,,13.610350127195805,,,not_run,skipped,rule does not fit,
203,sparse_edit_or_object_completion,iter_neighbor_fill_square_3_8_2,88402,,13.610350127195805,,,not_run,skipped,rule does not fit,
203,sparse_edit_or_object_completion,iter_neighbor_fill_square_3_8_3,88402,,13.610350127195805,,,not_run,skipped,rule does not fit,
203,sparse_edit_or_object_completion,iter_neighbor_fill_square_3_8_5,88402,,13.610350127195805,,,not_run,skipped,rule does not fit,
203,sparse_edit_or_object_completion,iter_neighbor_fill_square_3_8_8,88402,,13.610350127195805,,,not_run,skipped,rule does not fit,
203,sparse_edit_or_object_completion,neighbor_fill_hline_4_1,88402,,13.610350127195805,,,not_run,skipped,rule does not fit,
203,sparse_edit_or_object_completion,iter_neighbor_fill_hline_4_1_2,88402,,13.610350127195805,,,not_run,skipped,rule does not fit,
203,sparse_edit_or_object_completion,iter_neighbor_fill_hline_4_1_3,88402,,13.610350127195805,,,not_run,skipped,rule does not fit,
203,sparse_edit_or_object_completion,iter_neighbor_fill_hline_4_1_5,88402,,13.610350127195805,,,not_run,skipped,rule does not fit,
203,sparse_edit_or_object_completion,iter_neighbor_fill_hline_4_1_8,88402,,13.610350127195805,,,not_run,skipped,rule does not fit,
203,sparse_edit_or_object_completion,neighbor_fill_hline_4_2,88402,,13.610350127195805,,,not_run,skipped,rule does not fit,
203,sparse_edit_or_object_completion,iter_neighbor_fill_hline_4_2_2,88402,,13.610350127195805,,,not_run,skipped,rule does not fit,
203,sparse_edit_or_object_completion,iter_neighbor_fill_hline_4_2_3,88402,,13.610350127195805,,,not_run,skipped,rule does not fit,
203,sparse_edit_or_object_completion,iter_neighbor_fill_hline_4_2_5,88402,,13.610350127195805,,,not_run,skipped,rule does not fit,
203,sparse_edit_or_object_completion,iter_neighbor_fill_hline_4_2_8,88402,,13.610350127195805,,,not_run,skipped,rule does not fit,
203,sparse_edit_or_object_completion,neighbor_fill_vline_4_1,88402,,13.610350127195805,,,not_run,skipped,rule does not fit,
203,sparse_edit_or_object_completion,iter_neighbor_fill_vline_4_1_2,88402,,13.610350127195805,,,not_run,skipped,rule does not fit,
203,sparse_edit_or_object_completion,iter_neighbor_fill_vline_4_1_3,88402,,13.610350127195805,,,not_run,skipped,rule does not fit,
203,sparse_edit_or_object_completion,iter_neighbor_fill_vline_4_1_5,88402,,13.610350127195805,,,not_run,skipped,rule does not fit,
203,sparse_edit_or_object_completion,iter_neighbor_fill_vline_4_1_8,88402,,13.610350127195805,,,not_run,skipped,rule does not fit,
203,sparse_edit_or_object_completion,neighbor_fill_vline_4_2,88402,,13.610350127195805,,,not_run,skipped,rule does not fit,
203,sparse_edit_or_object_completion,iter_neighbor_fill_vline_4_2_2,88402,,13.610350127195805,,,not_run,skipped,rule does not fit,
203,sparse_edit_or_object_completion,iter_neighbor_fill_vline_4_2_3,88402,,13.610350127195805,,,not_run,skipped,rule does not fit,
203,sparse_edit_or_object_completion,iter_neighbor_fill_vline_4_2_5,88402,,13.610350127195805,,,not_run,skipped,rule does not fit,
203,sparse_edit_or_object_completion,iter_neighbor_fill_vline_4_2_8,88402,,13.610350127195805,,,not_run,skipped,rule does not fit,
203,sparse_edit_or_object_completion,neighbor_fill_cross_4_1,88402,,13.610350127195805,,,not_run,skipped,rule does not fit,
203,sparse_edit_or_object_completion,iter_neighbor_fill_cross_4_1_2,88402,,13.610350127195805,,,not_run,skipped,rule does not fit,
203,sparse_edit_or_object_completion,iter_neighbor_fill_cross_4_1_3,88402,,13.610350127195805,,,not_run,skipped,rule does not fit,
203,sparse_edit_or_object_completion,iter_neighbor_fill_cross_4_1_5,88402,,13.610350127195805,,,not_run,skipped,rule does not fit,
203,sparse_edit_or_object_completion,iter_neighbor_fill_cross_4_1_8,88402,,13.610350127195805,,,not_run,skipped,rule does not fit,
203,sparse_edit_or_object_completion,neighbor_fill_cross_4_2,88402,,13.610350127195805,,,not_run,skipped,rule does not fit,
203,sparse_edit_or_object_completion,iter_neighbor_fill_cross_4_2_2,88402,,13.610350127195805,,,not_run,skipped,rule does not fit,
203,sparse_edit_or_object_completion,iter_neighbor_fill_cross_4_2_3,88402,,13.610350127195805,,,not_run,skipped,rule does not fit,
203,sparse_edit_or_object_completion,iter_neighbor_fill_cross_4_2_5,88402,,13.610350127195805,,,not_run,skipped,rule does not fit,
203,sparse_edit_or_object_completion,iter_neighbor_fill_cross_4_2_8,88402,,13.610350127195805,,,not_run,skipped,rule does not fit,
203,sparse_edit_or_object_completion,neighbor_fill_cross_4_3,88402,,13.610350127195805,,,not_run,skipped,rule does not fit,
203,sparse_edit_or_object_completion,iter_neighbor_fill_cross_4_3_2,88402,,13.610350127195805,,,not_run,skipped,rule does not fit,
203,sparse_edit_or_object_completion,iter_neighbor_fill_cross_4_3_3,88402,,13.610350127195805,,,not_run,skipped,rule does not fit,
203,sparse_edit_or_object_completion,iter_neighbor_fill_cross_4_3_5,88402,,13.610350127195805,,,not_run,skipped,rule does not fit,
203,sparse_edit_or_object_completion,iter_neighbor_fill_cross_4_3_8,88402,,13.610350127195805,,,not_run,skipped,rule does not fit,
203,sparse_edit_or_object_completion,neighbor_fill_cross_4_4,88402,,13.610350127195805,,,not_run,skipped,rule does not fit,
203,sparse_edit_or_object_completion,iter_neighbor_fill_cross_4_4_2,88402,,13.610350127195805,,,not_run,skipped,rule does not fit,
203,sparse_edit_or_object_completion,iter_neighbor_fill_cross_4_4_3,88402,,13.610350127195805,,,not_run,skipped,rule does not fit,
203,sparse_edit_or_object_completion,iter_neighbor_fill_cross_4_4_5,88402,,13.610350127195805,,,not_run,skipped,rule does not fit,
203,sparse_edit_or_object_completion,iter_neighbor_fill_cross_4_4_8,88402,,13.610350127195805,,,not_run,skipped,rule does not fit,
203,sparse_edit_or_object_completion,neighbor_fill_square_4_1,88402,,13.610350127195805,,,not_run,skipped,rule does not fit,
203,sparse_edit_or_object_completion,iter_neighbor_fill_square_4_1_2,88402,,13.610350127195805,,,not_run,skipped,rule does not fit,
203,sparse_edit_or_object_completion,iter_neighbor_fill_square_4_1_3,88402,,13.610350127195805,,,not_run,skipped,rule does not fit,
203,sparse_edit_or_object_completion,iter_neighbor_fill_square_4_1_5,88402,,13.610350127195805,,,not_run,skipped,rule does not fit,
203,sparse_edit_or_object_completion,iter_neighbor_fill_square_4_1_8,88402,,13.610350127195805,,,not_run,skipped,rule does not fit,
203,sparse_edit_or_object_completion,neighbor_fill_square_4_2,88402,,13.610350127195805,,,not_run,skipped,rule does not fit,
203,sparse_edit_or_object_completion,iter_neighbor_fill_square_4_2_2,88402,,13.610350127195805,,,not_run,skipped,rule does not fit,
203,sparse_edit_or_object_completion,iter_neighbor_fill_square_4_2_3,88402,,13.610350127195805,,,not_run,skipped,rule does not fit,
203,sparse_edit_or_object_completion,iter_neighbor_fill_square_4_2_5,88402,,13.610350127195805,,,not_run,skipped,rule does not fit,
203,sparse_edit_or_object_completion,iter_neighbor_fill_square_4_2_8,88402,,13.610350127195805,,,not_run,skipped,rule does not fit,
203,sparse_edit_or_object_completion,neighbor_fill_square_4_3,88402,,13.610350127195805,,,not_run,skipped,rule does not fit,
203,sparse_edit_or_object_completion,iter_neighbor_fill_square_4_3_2,88402,,13.610350127195805,,,not_run,skipped,rule does not fit,
203,sparse_edit_or_object_completion,iter_neighbor_fill_square_4_3_3,88402,,13.610350127195805,,,not_run,skipped,rule does not fit,
203,sparse_edit_or_object_completion,iter_neighbor_fill_square_4_3_5,88402,,13.610350127195805,,,not_run,skipped,rule does not fit,
203,sparse_edit_or_object_completion,iter_neighbor_fill_square_4_3_8,88402,,13.610350127195805,,,not_run,skipped,rule does not fit,
203,sparse_edit_or_object_completion,neighbor_fill_square_4_4,88402,,13.610350127195805,,,not_run,skipped,rule does not fit,
203,sparse_edit_or_object_completion,iter_neighbor_fill_square_4_4_2,88402,,13.610350127195805,,,not_run,skipped,rule does not fit,
203,sparse_edit_or_object_completion,iter_neighbor_fill_square_4_4_3,88402,,13.610350127195805,,,not_run,skipped,rule does not fit,
203,sparse_edit_or_object_completion,iter_neighbor_fill_square_4_4_5,88402,,13.610350127195805,,,not_run,skipped,rule does not fit,
203,sparse_edit_or_object_completion,iter_neighbor_fill_square_4_4_8,88402,,13.610350127195805,,,not_run,skipped,rule does not fit,
203,sparse_edit_or_object_completion,neighbor_fill_square_4_5,88402,,13.610350127195805,,,not_run,skipped,rule does not fit,
203,sparse_edit_or_object_completion,iter_neighbor_fill_square_4_5_2,88402,,13.610350127195805,,,not_run,skipped,rule does not fit,
203,sparse_edit_or_object_completion,iter_neighbor_fill_square_4_5_3,88402,,13.610350127195805,,,not_run,skipped,rule does not fit,
203,sparse_edit_or_object_completion,iter_neighbor_fill_square_4_5_5,88402,,13.610350127195805,,,not_run,skipped,rule does not fit,
203,sparse_edit_or_object_completion,iter_neighbor_fill_square_4_5_8,88402,,13.610350127195805,,,not_run,skipped,rule does not fit,
203,sparse_edit_or_object_completion,neighbor_fill_square_4_6,88402,,13.610350127195805,,,not_run,skipped,rule does not fit,
203,sparse_edit_or_object_completion,iter_neighbor_fill_square_4_6_2,88402,,13.610350127195805,,,not_run,skipped,rule does not fit,
203,sparse_edit_or_object_completion,iter_neighbor_fill_square_4_6_3,88402,,13.610350127195805,,,not_run,skipped,rule does not fit,
203,sparse_edit_or_object_completion,iter_neighbor_fill_square_4_6_5,88402,,13.610350127195805,,,not_run,skipped,rule does not fit,
203,sparse_edit_or_object_completion,iter_neighbor_fill_square_4_6_8,88402,,13.610350127195805,,,not_run,skipped,rule does not fit,
203,sparse_edit_or_object_completion,neighbor_fill_square_4_7,88402,,13.610350127195805,,,not_run,skipped,rule does not fit,
203,sparse_edit_or_object_completion,iter_neighbor_fill_square_4_7_2,88402,,13.610350127195805,,,not_run,skipped,rule does not fit,
203,sparse_edit_or_object_completion,iter_neighbor_fill_square_4_7_3,88402,,13.610350127195805,,,not_run,skipped,rule does not fit,
203,sparse_edit_or_object_completion,iter_neighbor_fill_square_4_7_5,88402,,13.610350127195805,,,not_run,skipped,rule does not fit,
203,sparse_edit_or_object_completion,iter_neighbor_fill_square_4_7_8,88402,,13.610350127195805,,,not_run,skipped,rule does not fit,
203,sparse_edit_or_object_completion,neighbor_fill_square_4_8,88402,,13.610350127195805,,,not_run,skipped,rule does not fit,
203,sparse_edit_or_object_completion,iter_neighbor_fill_square_4_8_2,88402,,13.610350127195805,,,not_run,skipped,rule does not fit,
203,sparse_edit_or_object_completion,iter_neighbor_fill_square_4_8_3,88402,,13.610350127195805,,,not_run,skipped,rule does not fit,
203,sparse_edit_or_object_completion,iter_neighbor_fill_square_4_8_5,88402,,13.610350127195805,,,not_run,skipped,rule does not fit,
203,sparse_edit_or_object_completion,iter_neighbor_fill_square_4_8_8,88402,,13.610350127195805,,,not_run,skipped,rule does not fit,
203,sparse_edit_or_object_completion,neighbor_fill_hline_5_1,88402,,13.610350127195805,,,not_run,skipped,rule does not fit,
203,sparse_edit_or_object_completion,iter_neighbor_fill_hline_5_1_2,88402,,13.610350127195805,,,not_run,skipped,rule does not fit,
203,sparse_edit_or_object_completion,iter_neighbor_fill_hline_5_1_3,88402,,13.610350127195805,,,not_run,skipped,rule does not fit,
203,sparse_edit_or_object_completion,iter_neighbor_fill_hline_5_1_5,88402,,13.610350127195805,,,not_run,skipped,rule does not fit,
203,sparse_edit_or_object_completion,iter_neighbor_fill_hline_5_1_8,88402,,13.610350127195805,,,not_run,skipped,rule does not fit,
203,sparse_edit_or_object_completion,neighbor_fill_hline_5_2,88402,,13.610350127195805,,,not_run,skipped,rule does not fit,
203,sparse_edit_or_object_completion,iter_neighbor_fill_hline_5_2_2,88402,,13.610350127195805,,,not_run,skipped,rule does not fit,
203,sparse_edit_or_object_completion,iter_neighbor_fill_hline_5_2_3,88402,,13.610350127195805,,,not_run,skipped,rule does not fit,
203,sparse_edit_or_object_completion,iter_neighbor_fill_hline_5_2_5,88402,,13.610350127195805,,,not_run,skipped,rule does not fit,
203,sparse_edit_or_object_completion,iter_neighbor_fill_hline_5_2_8,88402,,13.610350127195805,,,not_run,skipped,rule does not fit,
203,sparse_edit_or_object_completion,neighbor_fill_vline_5_1,88402,,13.610350127195805,,,not_run,skipped,rule does not fit,
203,sparse_edit_or_object_completion,iter_neighbor_fill_vline_5_1_2,88402,,13.610350127195805,,,not_run,skipped,rule does not fit,
203,sparse_edit_or_object_completion,iter_neighbor_fill_vline_5_1_3,88402,,13.610350127195805,,,not_run,skipped,rule does not fit,
203,sparse_edit_or_object_completion,iter_neighbor_fill_vline_5_1_5,88402,,13.610350127195805,,,not_run,skipped,rule does not fit,
203,sparse_edit_or_object_completion,iter_neighbor_fill_vline_5_1_8,88402,,13.610350127195805,,,not_run,skipped,rule does not fit,
203,sparse_edit_or_object_completion,neighbor_fill_vline_5_2,88402,,13.610350127195805,,,not_run,skipped,rule does not fit,
203,sparse_edit_or_object_completion,iter_neighbor_fill_vline_5_2_2,88402,,13.610350127195805,,,not_run,skipped,rule does not fit,
203,sparse_edit_or_object_completion,iter_neighbor_fill_vline_5_2_3,88402,,13.610350127195805,,,not_run,skipped,rule does not fit,
203,sparse_edit_or_object_completion,iter_neighbor_fill_vline_5_2_5,88402,,13.610350127195805,,,not_run,skipped,rule does not fit,
203,sparse_edit_or_object_completion,iter_neighbor_fill_vline_5_2_8,88402,,13.610350127195805,,,not_run,skipped,rule does not fit,
203,sparse_edit_or_object_completion,neighbor_fill_cross_5_1,88402,,13.610350127195805,,,not_run,skipped,rule does not fit,
203,sparse_edit_or_object_completion,iter_neighbor_fill_cross_5_1_2,88402,,13.610350127195805,,,not_run,skipped,rule does not fit,
203,sparse_edit_or_object_completion,iter_neighbor_fill_cross_5_1_3,88402,,13.610350127195805,,,not_run,skipped,rule does not fit,
203,sparse_edit_or_object_completion,iter_neighbor_fill_cross_5_1_5,88402,,13.610350127195805,,,not_run,skipped,rule does not fit,
203,sparse_edit_or_object_completion,iter_neighbor_fill_cross_5_1_8,88402,,13.610350127195805,,,not_run,skipped,rule does not fit,
203,sparse_edit_or_object_completion,neighbor_fill_cross_5_2,88402,,13.610350127195805,,,not_run,skipped,rule does not fit,
203,sparse_edit_or_object_completion,iter_neighbor_fill_cross_5_2_2,88402,,13.610350127195805,,,not_run,skipped,rule does not fit,
203,sparse_edit_or_object_completion,iter_neighbor_fill_cross_5_2_3,88402,,13.610350127195805,,,not_run,skipped,rule does not fit,
203,sparse_edit_or_object_completion,iter_neighbor_fill_cross_5_2_5,88402,,13.610350127195805,,,not_run,skipped,rule does not fit,
203,sparse_edit_or_object_completion,iter_neighbor_fill_cross_5_2_8,88402,,13.610350127195805,,,not_run,skipped,rule does not fit,
203,sparse_edit_or_object_completion,neighbor_fill_cross_5_3,88402,,13.610350127195805,,,not_run,skipped,rule does not fit,
203,sparse_edit_or_object_completion,iter_neighbor_fill_cross_5_3_2,88402,,13.610350127195805,,,not_run,skipped,rule does not fit,
203,sparse_edit_or_object_completion,iter_neighbor_fill_cross_5_3_3,88402,,13.610350127195805,,,not_run,skipped,rule does not fit,
203,sparse_edit_or_object_completion,iter_neighbor_fill_cross_5_3_5,88402,,13.610350127195805,,,not_run,skipped,rule does not fit,
203,sparse_edit_or_object_completion,iter_neighbor_fill_cross_5_3_8,88402,,13.610350127195805,,,not_run,skipped,rule does not fit,
203,sparse_edit_or_object_completion,neighbor_fill_cross_5_4,88402,,13.610350127195805,,,not_run,skipped,rule does not fit,
203,sparse_edit_or_object_completion,iter_neighbor_fill_cross_5_4_2,88402,,13.610350127195805,,,not_run,skipped,rule does not fit,
203,sparse_edit_or_object_completion,iter_neighbor_fill_cross_5_4_3,88402,,13.610350127195805,,,not_run,skipped,rule does not fit,
203,sparse_edit_or_object_completion,iter_neighbor_fill_cross_5_4_5,88402,,13.610350127195805,,,not_run,skipped,rule does not fit,
203,sparse_edit_or_object_completion,iter_neighbor_fill_cross_5_4_8,88402,,13.610350127195805,,,not_run,skipped,rule does not fit,
203,sparse_edit_or_object_completion,neighbor_fill_square_5_1,88402,,13.610350127195805,,,not_run,skipped,rule does not fit,
203,sparse_edit_or_object_completion,iter_neighbor_fill_square_5_1_2,88402,,13.610350127195805,,,not_run,skipped,rule does not fit,
203,sparse_edit_or_object_completion,iter_neighbor_fill_square_5_1_3,88402,,13.610350127195805,,,not_run,skipped,rule does not fit,
203,sparse_edit_or_object_completion,iter_neighbor_fill_square_5_1_5,88402,,13.610350127195805,,,not_run,skipped,rule does not fit,
203,sparse_edit_or_object_completion,iter_neighbor_fill_square_5_1_8,88402,,13.610350127195805,,,not_run,skipped,rule does not fit,
203,sparse_edit_or_object_completion,neighbor_fill_square_5_2,88402,,13.610350127195805,,,not_run,skipped,rule does not fit,
203,sparse_edit_or_object_completion,iter_neighbor_fill_square_5_2_2,88402,,13.610350127195805,,,not_run,skipped,rule does not fit,
203,sparse_edit_or_object_completion,iter_neighbor_fill_square_5_2_3,88402,,13.610350127195805,,,not_run,skipped,rule does not fit,
203,sparse_edit_or_object_completion,iter_neighbor_fill_square_5_2_5,88402,,13.610350127195805,,,not_run,skipped,rule does not fit,
203,sparse_edit_or_object_completion,iter_neighbor_fill_square_5_2_8,88402,,13.610350127195805,,,not_run,skipped,rule does not fit,
203,sparse_edit_or_object_completion,neighbor_fill_square_5_3,88402,,13.610350127195805,,,not_run,skipped,rule does not fit,
203,sparse_edit_or_object_completion,iter_neighbor_fill_square_5_3_2,88402,,13.610350127195805,,,not_run,skipped,rule does not fit,
203,sparse_edit_or_object_completion,iter_neighbor_fill_square_5_3_3,88402,,13.610350127195805,,,not_run,skipped,rule does not fit,
203,sparse_edit_or_object_completion,iter_neighbor_fill_square_5_3_5,88402,,13.610350127195805,,,not_run,skipped,rule does not fit,
203,sparse_edit_or_object_completion,iter_neighbor_fill_square_5_3_8,88402,,13.610350127195805,,,not_run,skipped,rule does not fit,
203,sparse_edit_or_object_completion,neighbor_fill_square_5_4,88402,,13.610350127195805,,,not_run,skipped,rule does not fit,
203,sparse_edit_or_object_completion,iter_neighbor_fill_square_5_4_2,88402,,13.610350127195805,,,not_run,skipped,rule does not fit,
203,sparse_edit_or_object_completion,iter_neighbor_fill_square_5_4_3,88402,,13.610350127195805,,,not_run,skipped,rule does not fit,
203,sparse_edit_or_object_completion,iter_neighbor_fill_square_5_4_5,88402,,13.610350127195805,,,not_run,skipped,rule does not fit,
203,sparse_edit_or_object_completion,iter_neighbor_fill_square_5_4_8,88402,,13.610350127195805,,,not_run,skipped,rule does not fit,
203,sparse_edit_or_object_completion,neighbor_fill_square_5_5,88402,,13.610350127195805,,,not_run,skipped,rule does not fit,
203,sparse_edit_or_object_completion,iter_neighbor_fill_square_5_5_2,88402,,13.610350127195805,,,not_run,skipped,rule does not fit,
203,sparse_edit_or_object_completion,iter_neighbor_fill_square_5_5_3,88402,,13.610350127195805,,,not_run,skipped,rule does not fit,
203,sparse_edit_or_object_completion,iter_neighbor_fill_square_5_5_5,88402,,13.610350127195805,,,not_run,skipped,rule does not fit,
203,sparse_edit_or_object_completion,iter_neighbor_fill_square_5_5_8,88402,,13.610350127195805,,,not_run,skipped,rule does not fit,
203,sparse_edit_or_object_completion,neighbor_fill_square_5_6,88402,,13.610350127195805,,,not_run,skipped,rule does not fit,
203,sparse_edit_or_object_completion,iter_neighbor_fill_square_5_6_2,88402,,13.610350127195805,,,not_run,skipped,rule does not fit,
203,sparse_edit_or_object_completion,iter_neighbor_fill_square_5_6_3,88402,,13.610350127195805,,,not_run,skipped,rule does not fit,
203,sparse_edit_or_object_completion,iter_neighbor_fill_square_5_6_5,88402,,13.610350127195805,,,not_run,skipped,rule does not fit,
203,sparse_edit_or_object_completion,iter_neighbor_fill_square_5_6_8,88402,,13.610350127195805,,,not_run,skipped,rule does not fit,
203,sparse_edit_or_object_completion,neighbor_fill_square_5_7,88402,,13.610350127195805,,,not_run,skipped,rule does not fit,
203,sparse_edit_or_object_completion,iter_neighbor_fill_square_5_7_2,88402,,13.610350127195805,,,not_run,skipped,rule does not fit,
203,sparse_edit_or_object_completion,iter_neighbor_fill_square_5_7_3,88402,,13.610350127195805,,,not_run,skipped,rule does not fit,
203,sparse_edit_or_object_completion,iter_neighbor_fill_square_5_7_5,88402,,13.610350127195805,,,not_run,skipped,rule does not fit,
203,sparse_edit_or_object_completion,iter_neighbor_fill_square_5_7_8,88402,,13.610350127195805,,,not_run,skipped,rule does not fit,
203,sparse_edit_or_object_completion,neighbor_fill_square_5_8,88402,,13.610350127195805,,,not_run,skipped,rule does not fit,
203,sparse_edit_or_object_completion,iter_neighbor_fill_square_5_8_2,88402,,13.610350127195805,,,not_run,skipped,rule does not fit,
203,sparse_edit_or_object_completion,iter_neighbor_fill_square_5_8_3,88402,,13.610350127195805,,,not_run,skipped,rule does not fit,
203,sparse_edit_or_object_completion,iter_neighbor_fill_square_5_8_5,88402,,13.610350127195805,,,not_run,skipped,rule does not fit,
203,sparse_edit_or_object_completion,iter_neighbor_fill_square_5_8_8,88402,,13.610350127195805,,,not_run,skipped,rule does not fit,
203,sparse_edit_or_object_completion,neighbor_fill_hline_6_1,88402,,13.610350127195805,,,not_run,skipped,rule does not fit,
203,sparse_edit_or_object_completion,iter_neighbor_fill_hline_6_1_2,88402,,13.610350127195805,,,not_run,skipped,rule does not fit,
203,sparse_edit_or_object_completion,iter_neighbor_fill_hline_6_1_3,88402,,13.610350127195805,,,not_run,skipped,rule does not fit,
203,sparse_edit_or_object_completion,iter_neighbor_fill_hline_6_1_5,88402,,13.610350127195805,,,not_run,skipped,rule does not fit,
203,sparse_edit_or_object_completion,iter_neighbor_fill_hline_6_1_8,88402,,13.610350127195805,,,not_run,skipped,rule does not fit,
203,sparse_edit_or_object_completion,neighbor_fill_hline_6_2,88402,,13.610350127195805,,,not_run,skipped,rule does not fit,
203,sparse_edit_or_object_completion,iter_neighbor_fill_hline_6_2_2,88402,,13.610350127195805,,,not_run,skipped,rule does not fit,
203,sparse_edit_or_object_completion,iter_neighbor_fill_hline_6_2_3,88402,,13.610350127195805,,,not_run,skipped,rule does not fit,
203,sparse_edit_or_object_completion,iter_neighbor_fill_hline_6_2_5,88402,,13.610350127195805,,,not_run,skipped,rule does not fit,
203,sparse_edit_or_object_completion,iter_neighbor_fill_hline_6_2_8,88402,,13.610350127195805,,,not_run,skipped,rule does not fit,
203,sparse_edit_or_object_completion,neighbor_fill_vline_6_1,88402,,13.610350127195805,,,not_run,skipped,rule does not fit,
203,sparse_edit_or_object_completion,iter_neighbor_fill_vline_6_1_2,88402,,13.610350127195805,,,not_run,skipped,rule does not fit,
203,sparse_edit_or_object_completion,iter_neighbor_fill_vline_6_1_3,88402,,13.610350127195805,,,not_run,skipped,rule does not fit,
203,sparse_edit_or_object_completion,iter_neighbor_fill_vline_6_1_5,88402,,13.610350127195805,,,not_run,skipped,rule does not fit,
203,sparse_edit_or_object_completion,iter_neighbor_fill_vline_6_1_8,88402,,13.610350127195805,,,not_run,skipped,rule does not fit,
203,sparse_edit_or_object_completion,neighbor_fill_vline_6_2,88402,,13.610350127195805,,,not_run,skipped,rule does not fit,
203,sparse_edit_or_object_completion,iter_neighbor_fill_vline_6_2_2,88402,,13.610350127195805,,,not_run,skipped,rule does not fit,
203,sparse_edit_or_object_completion,iter_neighbor_fill_vline_6_2_3,88402,,13.610350127195805,,,not_run,skipped,rule does not fit,
203,sparse_edit_or_object_completion,iter_neighbor_fill_vline_6_2_5,88402,,13.610350127195805,,,not_run,skipped,rule does not fit,
203,sparse_edit_or_object_completion,iter_neighbor_fill_vline_6_2_8,88402,,13.610350127195805,,,not_run,skipped,rule does not fit,
203,sparse_edit_or_object_completion,neighbor_fill_cross_6_1,88402,,13.610350127195805,,,not_run,skipped,rule does not fit,
203,sparse_edit_or_object_completion,iter_neighbor_fill_cross_6_1_2,88402,,13.610350127195805,,,not_run,skipped,rule does not fit,
203,sparse_edit_or_object_completion,iter_neighbor_fill_cross_6_1_3,88402,,13.610350127195805,,,not_run,skipped,rule does not fit,
203,sparse_edit_or_object_completion,iter_neighbor_fill_cross_6_1_5,88402,,13.610350127195805,,,not_run,skipped,rule does not fit,
203,sparse_edit_or_object_completion,iter_neighbor_fill_cross_6_1_8,88402,,13.610350127195805,,,not_run,skipped,rule does not fit,
203,sparse_edit_or_object_completion,neighbor_fill_cross_6_2,88402,,13.610350127195805,,,not_run,skipped,rule does not fit,
203,sparse_edit_or_object_completion,iter_neighbor_fill_cross_6_2_2,88402,,13.610350127195805,,,not_run,skipped,rule does not fit,
203,sparse_edit_or_object_completion,iter_neighbor_fill_cross_6_2_3,88402,,13.610350127195805,,,not_run,skipped,rule does not fit,
203,sparse_edit_or_object_completion,iter_neighbor_fill_cross_6_2_5,88402,,13.610350127195805,,,not_run,skipped,rule does not fit,
203,sparse_edit_or_object_completion,iter_neighbor_fill_cross_6_2_8,88402,,13.610350127195805,,,not_run,skipped,rule does not fit,
203,sparse_edit_or_object_completion,neighbor_fill_cross_6_3,88402,,13.610350127195805,,,not_run,skipped,rule does not fit,
203,sparse_edit_or_object_completion,iter_neighbor_fill_cross_6_3_2,88402,,13.610350127195805,,,not_run,skipped,rule does not fit,
203,sparse_edit_or_object_completion,iter_neighbor_fill_cross_6_3_3,88402,,13.610350127195805,,,not_run,skipped,rule does not fit,
203,sparse_edit_or_object_completion,iter_neighbor_fill_cross_6_3_5,88402,,13.610350127195805,,,not_run,skipped,rule does not fit,
203,sparse_edit_or_object_completion,iter_neighbor_fill_cross_6_3_8,88402,,13.610350127195805,,,not_run,skipped,rule does not fit,
203,sparse_edit_or_object_completion,neighbor_fill_cross_6_4,88402,,13.610350127195805,,,not_run,skipped,rule does not fit,
203,sparse_edit_or_object_completion,iter_neighbor_fill_cross_6_4_2,88402,,13.610350127195805,,,not_run,skipped,rule does not fit,
203,sparse_edit_or_object_completion,iter_neighbor_fill_cross_6_4_3,88402,,13.610350127195805,,,not_run,skipped,rule does not fit,
203,sparse_edit_or_object_completion,iter_neighbor_fill_cross_6_4_5,88402,,13.610350127195805,,,not_run,skipped,rule does not fit,
203,sparse_edit_or_object_completion,iter_neighbor_fill_cross_6_4_8,88402,,13.610350127195805,,,not_run,skipped,rule does not fit,
203,sparse_edit_or_object_completion,neighbor_fill_square_6_1,88402,,13.610350127195805,,,not_run,skipped,rule does not fit,
203,sparse_edit_or_object_completion,iter_neighbor_fill_square_6_1_2,88402,,13.610350127195805,,,not_run,skipped,rule does not fit,
203,sparse_edit_or_object_completion,iter_neighbor_fill_square_6_1_3,88402,,13.610350127195805,,,not_run,skipped,rule does not fit,
203,sparse_edit_or_object_completion,iter_neighbor_fill_square_6_1_5,88402,,13.610350127195805,,,not_run,skipped,rule does not fit,
203,sparse_edit_or_object_completion,iter_neighbor_fill_square_6_1_8,88402,,13.610350127195805,,,not_run,skipped,rule does not fit,
203,sparse_edit_or_object_completion,neighbor_fill_square_6_2,88402,,13.610350127195805,,,not_run,skipped,rule does not fit,
203,sparse_edit_or_object_completion,iter_neighbor_fill_square_6_2_2,88402,,13.610350127195805,,,not_run,skipped,rule does not fit,
203,sparse_edit_or_object_completion,iter_neighbor_fill_square_6_2_3,88402,,13.610350127195805,,,not_run,skipped,rule does not fit,
203,sparse_edit_or_object_completion,iter_neighbor_fill_square_6_2_5,88402,,13.610350127195805,,,not_run,skipped,rule does not fit,
203,sparse_edit_or_object_completion,iter_neighbor_fill_square_6_2_8,88402,,13.610350127195805,,,not_run,skipped,rule does not fit,
203,sparse_edit_or_object_completion,neighbor_fill_square_6_3,88402,,13.610350127195805,,,not_run,skipped,rule does not fit,
203,sparse_edit_or_object_completion,iter_neighbor_fill_square_6_3_2,88402,,13.610350127195805,,,not_run,skipped,rule does not fit,
203,sparse_edit_or_object_completion,iter_neighbor_fill_square_6_3_3,88402,,13.610350127195805,,,not_run,skipped,rule does not fit,
203,sparse_edit_or_object_completion,iter_neighbor_fill_square_6_3_5,88402,,13.610350127195805,,,not_run,skipped,rule does not fit,
203,sparse_edit_or_object_completion,iter_neighbor_fill_square_6_3_8,88402,,13.610350127195805,,,not_run,skipped,rule does not fit,
203,sparse_edit_or_object_completion,neighbor_fill_square_6_4,88402,,13.610350127195805,,,not_run,skipped,rule does not fit,
203,sparse_edit_or_object_completion,iter_neighbor_fill_square_6_4_2,88402,,13.610350127195805,,,not_run,skipped,rule does not fit,
203,sparse_edit_or_object_completion,iter_neighbor_fill_square_6_4_3,88402,,13.610350127195805,,,not_run,skipped,rule does not fit,
203,sparse_edit_or_object_completion,iter_neighbor_fill_square_6_4_5,88402,,13.610350127195805,,,not_run,skipped,rule does not fit,
203,sparse_edit_or_object_completion,iter_neighbor_fill_square_6_4_8,88402,,13.610350127195805,,,not_run,skipped,rule does not fit,
203,sparse_edit_or_object_completion,neighbor_fill_square_6_5,88402,,13.610350127195805,,,not_run,skipped,rule does not fit,
203,sparse_edit_or_object_completion,iter_neighbor_fill_square_6_5_2,88402,,13.610350127195805,,,not_run,skipped,rule does not fit,
203,sparse_edit_or_object_completion,iter_neighbor_fill_square_6_5_3,88402,,13.610350127195805,,,not_run,skipped,rule does not fit,
203,sparse_edit_or_object_completion,iter_neighbor_fill_square_6_5_5,88402,,13.610350127195805,,,not_run,skipped,rule does not fit,
203,sparse_edit_or_object_completion,iter_neighbor_fill_square_6_5_8,88402,,13.610350127195805,,,not_run,skipped,rule does not fit,
203,sparse_edit_or_object_completion,neighbor_fill_square_6_6,88402,,13.610350127195805,,,not_run,skipped,rule does not fit,
203,sparse_edit_or_object_completion,iter_neighbor_fill_square_6_6_2,88402,,13.610350127195805,,,not_run,skipped,rule does not fit,
203,sparse_edit_or_object_completion,iter_neighbor_fill_square_6_6_3,88402,,13.610350127195805,,,not_run,skipped,rule does not fit,
203,sparse_edit_or_object_completion,iter_neighbor_fill_square_6_6_5,88402,,13.610350127195805,,,not_run,skipped,rule does not fit,
203,sparse_edit_or_object_completion,iter_neighbor_fill_square_6_6_8,88402,,13.610350127195805,,,not_run,skipped,rule does not fit,
203,sparse_edit_or_object_completion,neighbor_fill_square_6_7,88402,,13.610350127195805,,,not_run,skipped,rule does not fit,
203,sparse_edit_or_object_completion,iter_neighbor_fill_square_6_7_2,88402,,13.610350127195805,,,not_run,skipped,rule does not fit,
203,sparse_edit_or_object_completion,iter_neighbor_fill_square_6_7_3,88402,,13.610350127195805,,,not_run,skipped,rule does not fit,
203,sparse_edit_or_object_completion,iter_neighbor_fill_square_6_7_5,88402,,13.610350127195805,,,not_run,skipped,rule does not fit,
203,sparse_edit_or_object_completion,iter_neighbor_fill_square_6_7_8,88402,,13.610350127195805,,,not_run,skipped,rule does not fit,
203,sparse_edit_or_object_completion,neighbor_fill_square_6_8,88402,,13.610350127195805,,,not_run,skipped,rule does not fit,
203,sparse_edit_or_object_completion,iter_neighbor_fill_square_6_8_2,88402,,13.610350127195805,,,not_run,skipped,rule does not fit,
203,sparse_edit_or_object_completion,iter_neighbor_fill_square_6_8_3,88402,,13.610350127195805,,,not_run,skipped,rule does not fit,
203,sparse_edit_or_object_completion,iter_neighbor_fill_square_6_8_5,88402,,13.610350127195805,,,not_run,skipped,rule does not fit,
203,sparse_edit_or_object_completion,iter_neighbor_fill_square_6_8_8,88402,,13.610350127195805,,,not_run,skipped,rule does not fit,
203,sparse_edit_or_object_completion,neighbor_fill_hline_7_1,88402,,13.610350127195805,,,not_run,skipped,rule does not fit,
203,sparse_edit_or_object_completion,iter_neighbor_fill_hline_7_1_2,88402,,13.610350127195805,,,not_run,skipped,rule does not fit,
203,sparse_edit_or_object_completion,iter_neighbor_fill_hline_7_1_3,88402,,13.610350127195805,,,not_run,skipped,rule does not fit,
203,sparse_edit_or_object_completion,iter_neighbor_fill_hline_7_1_5,88402,,13.610350127195805,,,not_run,skipped,rule does not fit,
203,sparse_edit_or_object_completion,iter_neighbor_fill_hline_7_1_8,88402,,13.610350127195805,,,not_run,skipped,rule does not fit,
203,sparse_edit_or_object_completion,neighbor_fill_hline_7_2,88402,,13.610350127195805,,,not_run,skipped,rule does not fit,
203,sparse_edit_or_object_completion,iter_neighbor_fill_hline_7_2_2,88402,,13.610350127195805,,,not_run,skipped,rule does not fit,
203,sparse_edit_or_object_completion,iter_neighbor_fill_hline_7_2_3,88402,,13.610350127195805,,,not_run,skipped,rule does not fit,
203,sparse_edit_or_object_completion,iter_neighbor_fill_hline_7_2_5,88402,,13.610350127195805,,,not_run,skipped,rule does not fit,
203,sparse_edit_or_object_completion,iter_neighbor_fill_hline_7_2_8,88402,,13.610350127195805,,,not_run,skipped,rule does not fit,
203,sparse_edit_or_object_completion,neighbor_fill_vline_7_1,88402,,13.610350127195805,,,not_run,skipped,rule does not fit,
203,sparse_edit_or_object_completion,iter_neighbor_fill_vline_7_1_2,88402,,13.610350127195805,,,not_run,skipped,rule does not fit,
203,sparse_edit_or_object_completion,iter_neighbor_fill_vline_7_1_3,88402,,13.610350127195805,,,not_run,skipped,rule does not fit,
203,sparse_edit_or_object_completion,iter_neighbor_fill_vline_7_1_5,88402,,13.610350127195805,,,not_run,skipped,rule does not fit,
203,sparse_edit_or_object_completion,iter_neighbor_fill_vline_7_1_8,88402,,13.610350127195805,,,not_run,skipped,rule does not fit,
203,sparse_edit_or_object_completion,neighbor_fill_vline_7_2,88402,,13.610350127195805,,,not_run,skipped,rule does not fit,
203,sparse_edit_or_object_completion,iter_neighbor_fill_vline_7_2_2,88402,,13.610350127195805,,,not_run,skipped,rule does not fit,
203,sparse_edit_or_object_completion,iter_neighbor_fill_vline_7_2_3,88402,,13.610350127195805,,,not_run,skipped,rule does not fit,
203,sparse_edit_or_object_completion,iter_neighbor_fill_vline_7_2_5,88402,,13.610350127195805,,,not_run,skipped,rule does not fit,
203,sparse_edit_or_object_completion,iter_neighbor_fill_vline_7_2_8,88402,,13.610350127195805,,,not_run,skipped,rule does not fit,
203,sparse_edit_or_object_completion,neighbor_fill_cross_7_1,88402,,13.610350127195805,,,not_run,skipped,rule does not fit,
203,sparse_edit_or_object_completion,iter_neighbor_fill_cross_7_1_2,88402,,13.610350127195805,,,not_run,skipped,rule does not fit,
203,sparse_edit_or_object_completion,iter_neighbor_fill_cross_7_1_3,88402,,13.610350127195805,,,not_run,skipped,rule does not fit,
203,sparse_edit_or_object_completion,iter_neighbor_fill_cross_7_1_5,88402,,13.610350127195805,,,not_run,skipped,rule does not fit,
203,sparse_edit_or_object_completion,iter_neighbor_fill_cross_7_1_8,88402,,13.610350127195805,,,not_run,skipped,rule does not fit,
203,sparse_edit_or_object_completion,neighbor_fill_cross_7_2,88402,,13.610350127195805,,,not_run,skipped,rule does not fit,
203,sparse_edit_or_object_completion,iter_neighbor_fill_cross_7_2_2,88402,,13.610350127195805,,,not_run,skipped,rule does not fit,
203,sparse_edit_or_object_completion,iter_neighbor_fill_cross_7_2_3,88402,,13.610350127195805,,,not_run,skipped,rule does not fit,
203,sparse_edit_or_object_completion,iter_neighbor_fill_cross_7_2_5,88402,,13.610350127195805,,,not_run,skipped,rule does not fit,
203,sparse_edit_or_object_completion,iter_neighbor_fill_cross_7_2_8,88402,,13.610350127195805,,,not_run,skipped,rule does not fit,
203,sparse_edit_or_object_completion,neighbor_fill_cross_7_3,88402,,13.610350127195805,,,not_run,skipped,rule does not fit,
203,sparse_edit_or_object_completion,iter_neighbor_fill_cross_7_3_2,88402,,13.610350127195805,,,not_run,skipped,rule does not fit,
203,sparse_edit_or_object_completion,iter_neighbor_fill_cross_7_3_3,88402,,13.610350127195805,,,not_run,skipped,rule does not fit,
203,sparse_edit_or_object_completion,iter_neighbor_fill_cross_7_3_5,88402,,13.610350127195805,,,not_run,skipped,rule does not fit,
203,sparse_edit_or_object_completion,iter_neighbor_fill_cross_7_3_8,88402,,13.610350127195805,,,not_run,skipped,rule does not fit,
203,sparse_edit_or_object_completion,neighbor_fill_cross_7_4,88402,,13.610350127195805,,,not_run,skipped,rule does not fit,
203,sparse_edit_or_object_completion,iter_neighbor_fill_cross_7_4_2,88402,,13.610350127195805,,,not_run,skipped,rule does not fit,
203,sparse_edit_or_object_completion,iter_neighbor_fill_cross_7_4_3,88402,,13.610350127195805,,,not_run,skipped,rule does not fit,
203,sparse_edit_or_object_completion,iter_neighbor_fill_cross_7_4_5,88402,,13.610350127195805,,,not_run,skipped,rule does not fit,
203,sparse_edit_or_object_completion,iter_neighbor_fill_cross_7_4_8,88402,,13.610350127195805,,,not_run,skipped,rule does not fit,
203,sparse_edit_or_object_completion,neighbor_fill_square_7_1,88402,,13.610350127195805,,,not_run,skipped,rule does not fit,
203,sparse_edit_or_object_completion,iter_neighbor_fill_square_7_1_2,88402,,13.610350127195805,,,not_run,skipped,rule does not fit,
203,sparse_edit_or_object_completion,iter_neighbor_fill_square_7_1_3,88402,,13.610350127195805,,,not_run,skipped,rule does not fit,
203,sparse_edit_or_object_completion,iter_neighbor_fill_square_7_1_5,88402,,13.610350127195805,,,not_run,skipped,rule does not fit,
203,sparse_edit_or_object_completion,iter_neighbor_fill_square_7_1_8,88402,,13.610350127195805,,,not_run,skipped,rule does not fit,
203,sparse_edit_or_object_completion,neighbor_fill_square_7_2,88402,,13.610350127195805,,,not_run,skipped,rule does not fit,
203,sparse_edit_or_object_completion,iter_neighbor_fill_square_7_2_2,88402,,13.610350127195805,,,not_run,skipped,rule does not fit,
203,sparse_edit_or_object_completion,iter_neighbor_fill_square_7_2_3,88402,,13.610350127195805,,,not_run,skipped,rule does not fit,
203,sparse_edit_or_object_completion,iter_neighbor_fill_square_7_2_5,88402,,13.610350127195805,,,not_run,skipped,rule does not fit,
203,sparse_edit_or_object_completion,iter_neighbor_fill_square_7_2_8,88402,,13.610350127195805,,,not_run,skipped,rule does not fit,
203,sparse_edit_or_object_completion,neighbor_fill_square_7_3,88402,,13.610350127195805,,,not_run,skipped,rule does not fit,
203,sparse_edit_or_object_completion,iter_neighbor_fill_square_7_3_2,88402,,13.610350127195805,,,not_run,skipped,rule does not fit,
203,sparse_edit_or_object_completion,iter_neighbor_fill_square_7_3_3,88402,,13.610350127195805,,,not_run,skipped,rule does not fit,
203,sparse_edit_or_object_completion,iter_neighbor_fill_square_7_3_5,88402,,13.610350127195805,,,not_run,skipped,rule does not fit,
203,sparse_edit_or_object_completion,iter_neighbor_fill_square_7_3_8,88402,,13.610350127195805,,,not_run,skipped,rule does not fit,
203,sparse_edit_or_object_completion,neighbor_fill_square_7_4,88402,,13.610350127195805,,,not_run,skipped,rule does not fit,
203,sparse_edit_or_object_completion,iter_neighbor_fill_square_7_4_2,88402,,13.610350127195805,,,not_run,skipped,rule does not fit,
203,sparse_edit_or_object_completion,iter_neighbor_fill_square_7_4_3,88402,,13.610350127195805,,,not_run,skipped,rule does not fit,
203,sparse_edit_or_object_completion,iter_neighbor_fill_square_7_4_5,88402,,13.610350127195805,,,not_run,skipped,rule does not fit,
203,sparse_edit_or_object_completion,iter_neighbor_fill_square_7_4_8,88402,,13.610350127195805,,,not_run,skipped,rule does not fit,
203,sparse_edit_or_object_completion,neighbor_fill_square_7_5,88402,,13.610350127195805,,,not_run,skipped,rule does not fit,
203,sparse_edit_or_object_completion,iter_neighbor_fill_square_7_5_2,88402,,13.610350127195805,,,not_run,skipped,rule does not fit,
203,sparse_edit_or_object_completion,iter_neighbor_fill_square_7_5_3,88402,,13.610350127195805,,,not_run,skipped,rule does not fit,
203,sparse_edit_or_object_completion,iter_neighbor_fill_square_7_5_5,88402,,13.610350127195805,,,not_run,skipped,rule does not fit,
203,sparse_edit_or_object_completion,iter_neighbor_fill_square_7_5_8,88402,,13.610350127195805,,,not_run,skipped,rule does not fit,
203,sparse_edit_or_object_completion,neighbor_fill_square_7_6,88402,,13.610350127195805,,,not_run,skipped,rule does not fit,
203,sparse_edit_or_object_completion,iter_neighbor_fill_square_7_6_2,88402,,13.610350127195805,,,not_run,skipped,rule does not fit,
203,sparse_edit_or_object_completion,iter_neighbor_fill_square_7_6_3,88402,,13.610350127195805,,,not_run,skipped,rule does not fit,
203,sparse_edit_or_object_completion,iter_neighbor_fill_square_7_6_5,88402,,13.610350127195805,,,not_run,skipped,rule does not fit,
203,sparse_edit_or_object_completion,iter_neighbor_fill_square_7_6_8,88402,,13.610350127195805,,,not_run,skipped,rule does not fit,
203,sparse_edit_or_object_completion,neighbor_fill_square_7_7,88402,,13.610350127195805,,,not_run,skipped,rule does not fit,
203,sparse_edit_or_object_completion,iter_neighbor_fill_square_7_7_2,88402,,13.610350127195805,,,not_run,skipped,rule does not fit,
203,sparse_edit_or_object_completion,iter_neighbor_fill_square_7_7_3,88402,,13.610350127195805,,,not_run,skipped,rule does not fit,
203,sparse_edit_or_object_completion,iter_neighbor_fill_square_7_7_5,88402,,13.610350127195805,,,not_run,skipped,rule does not fit,
203,sparse_edit_or_object_completion,iter_neighbor_fill_square_7_7_8,88402,,13.610350127195805,,,not_run,skipped,rule does not fit,
203,sparse_edit_or_object_completion,neighbor_fill_square_7_8,88402,,13.610350127195805,,,not_run,skipped,rule does not fit,
203,sparse_edit_or_object_completion,iter_neighbor_fill_square_7_8_2,88402,,13.610350127195805,,,not_run,skipped,rule does not fit,
203,sparse_edit_or_object_completion,iter_neighbor_fill_square_7_8_3,88402,,13.610350127195805,,,not_run,skipped,rule does not fit,
203,sparse_edit_or_object_completion,iter_neighbor_fill_square_7_8_5,88402,,13.610350127195805,,,not_run,skipped,rule does not fit,
203,sparse_edit_or_object_completion,iter_neighbor_fill_square_7_8_8,88402,,13.610350127195805,,,not_run,skipped,rule does not fit,
203,sparse_edit_or_object_completion,neighbor_fill_hline_8_1,88402,,13.610350127195805,,,not_run,skipped,rule does not fit,
203,sparse_edit_or_object_completion,iter_neighbor_fill_hline_8_1_2,88402,,13.610350127195805,,,not_run,skipped,rule does not fit,
203,sparse_edit_or_object_completion,iter_neighbor_fill_hline_8_1_3,88402,,13.610350127195805,,,not_run,skipped,rule does not fit,
203,sparse_edit_or_object_completion,iter_neighbor_fill_hline_8_1_5,88402,,13.610350127195805,,,not_run,skipped,rule does not fit,
203,sparse_edit_or_object_completion,iter_neighbor_fill_hline_8_1_8,88402,,13.610350127195805,,,not_run,skipped,rule does not fit,
203,sparse_edit_or_object_completion,neighbor_fill_hline_8_2,88402,,13.610350127195805,,,not_run,skipped,rule does not fit,
203,sparse_edit_or_object_completion,iter_neighbor_fill_hline_8_2_2,88402,,13.610350127195805,,,not_run,skipped,rule does not fit,
203,sparse_edit_or_object_completion,iter_neighbor_fill_hline_8_2_3,88402,,13.610350127195805,,,not_run,skipped,rule does not fit,
203,sparse_edit_or_object_completion,iter_neighbor_fill_hline_8_2_5,88402,,13.610350127195805,,,not_run,skipped,rule does not fit,
203,sparse_edit_or_object_completion,iter_neighbor_fill_hline_8_2_8,88402,,13.610350127195805,,,not_run,skipped,rule does not fit,
203,sparse_edit_or_object_completion,neighbor_fill_vline_8_1,88402,,13.610350127195805,,,not_run,skipped,rule does not fit,
203,sparse_edit_or_object_completion,iter_neighbor_fill_vline_8_1_2,88402,,13.610350127195805,,,not_run,skipped,rule does not fit,
203,sparse_edit_or_object_completion,iter_neighbor_fill_vline_8_1_3,88402,,13.610350127195805,,,not_run,skipped,rule does not fit,
203,sparse_edit_or_object_completion,iter_neighbor_fill_vline_8_1_5,88402,,13.610350127195805,,,not_run,skipped,rule does not fit,
203,sparse_edit_or_object_completion,iter_neighbor_fill_vline_8_1_8,88402,,13.610350127195805,,,not_run,skipped,rule does not fit,
203,sparse_edit_or_object_completion,neighbor_fill_vline_8_2,88402,,13.610350127195805,,,not_run,skipped,rule does not fit,
203,sparse_edit_or_object_completion,iter_neighbor_fill_vline_8_2_2,88402,,13.610350127195805,,,not_run,skipped,rule does not fit,
203,sparse_edit_or_object_completion,iter_neighbor_fill_vline_8_2_3,88402,,13.610350127195805,,,not_run,skipped,rule does not fit,
203,sparse_edit_or_object_completion,iter_neighbor_fill_vline_8_2_5,88402,,13.610350127195805,,,not_run,skipped,rule does not fit,
203,sparse_edit_or_object_completion,iter_neighbor_fill_vline_8_2_8,88402,,13.610350127195805,,,not_run,skipped,rule does not fit,
203,sparse_edit_or_object_completion,neighbor_fill_cross_8_1,88402,,13.610350127195805,,,not_run,skipped,rule does not fit,
203,sparse_edit_or_object_completion,iter_neighbor_fill_cross_8_1_2,88402,,13.610350127195805,,,not_run,skipped,rule does not fit,
203,sparse_edit_or_object_completion,iter_neighbor_fill_cross_8_1_3,88402,,13.610350127195805,,,not_run,skipped,rule does not fit,
203,sparse_edit_or_object_completion,iter_neighbor_fill_cross_8_1_5,88402,,13.610350127195805,,,not_run,skipped,rule does not fit,
203,sparse_edit_or_object_completion,iter_neighbor_fill_cross_8_1_8,88402,,13.610350127195805,,,not_run,skipped,rule does not fit,
203,sparse_edit_or_object_completion,neighbor_fill_cross_8_2,88402,,13.610350127195805,,,not_run,skipped,rule does not fit,
203,sparse_edit_or_object_completion,iter_neighbor_fill_cross_8_2_2,88402,,13.610350127195805,,,not_run,skipped,rule does not fit,
203,sparse_edit_or_object_completion,iter_neighbor_fill_cross_8_2_3,88402,,13.610350127195805,,,not_run,skipped,rule does not fit,
203,sparse_edit_or_object_completion,iter_neighbor_fill_cross_8_2_5,88402,,13.610350127195805,,,not_run,skipped,rule does not fit,
203,sparse_edit_or_object_completion,iter_neighbor_fill_cross_8_2_8,88402,,13.610350127195805,,,not_run,skipped,rule does not fit,
203,sparse_edit_or_object_completion,neighbor_fill_cross_8_3,88402,,13.610350127195805,,,not_run,skipped,rule does not fit,
203,sparse_edit_or_object_completion,iter_neighbor_fill_cross_8_3_2,88402,,13.610350127195805,,,not_run,skipped,rule does not fit,
203,sparse_edit_or_object_completion,iter_neighbor_fill_cross_8_3_3,88402,,13.610350127195805,,,not_run,skipped,rule does not fit,
203,sparse_edit_or_object_completion,iter_neighbor_fill_cross_8_3_5,88402,,13.610350127195805,,,not_run,skipped,rule does not fit,
203,sparse_edit_or_object_completion,iter_neighbor_fill_cross_8_3_8,88402,,13.610350127195805,,,not_run,skipped,rule does not fit,
203,sparse_edit_or_object_completion,neighbor_fill_cross_8_4,88402,,13.610350127195805,,,not_run,skipped,rule does not fit,
203,sparse_edit_or_object_completion,iter_neighbor_fill_cross_8_4_2,88402,,13.610350127195805,,,not_run,skipped,rule does not fit,
203,sparse_edit_or_object_completion,iter_neighbor_fill_cross_8_4_3,88402,,13.610350127195805,,,not_run,skipped,rule does not fit,
203,sparse_edit_or_object_completion,iter_neighbor_fill_cross_8_4_5,88402,,13.610350127195805,,,not_run,skipped,rule does not fit,
203,sparse_edit_or_object_completion,iter_neighbor_fill_cross_8_4_8,88402,,13.610350127195805,,,not_run,skipped,rule does not fit,
203,sparse_edit_or_object_completion,neighbor_fill_square_8_1,88402,,13.610350127195805,,,not_run,skipped,rule does not fit,
203,sparse_edit_or_object_completion,iter_neighbor_fill_square_8_1_2,88402,,13.610350127195805,,,not_run,skipped,rule does not fit,
203,sparse_edit_or_object_completion,iter_neighbor_fill_square_8_1_3,88402,,13.610350127195805,,,not_run,skipped,rule does not fit,
203,sparse_edit_or_object_completion,iter_neighbor_fill_square_8_1_5,88402,,13.610350127195805,,,not_run,skipped,rule does not fit,
203,sparse_edit_or_object_completion,iter_neighbor_fill_square_8_1_8,88402,,13.610350127195805,,,not_run,skipped,rule does not fit,
203,sparse_edit_or_object_completion,neighbor_fill_square_8_2,88402,,13.610350127195805,,,not_run,skipped,rule does not fit,
203,sparse_edit_or_object_completion,iter_neighbor_fill_square_8_2_2,88402,,13.610350127195805,,,not_run,skipped,rule does not fit,
203,sparse_edit_or_object_completion,iter_neighbor_fill_square_8_2_3,88402,,13.610350127195805,,,not_run,skipped,rule does not fit,
203,sparse_edit_or_object_completion,iter_neighbor_fill_square_8_2_5,88402,,13.610350127195805,,,not_run,skipped,rule does not fit,
203,sparse_edit_or_object_completion,iter_neighbor_fill_square_8_2_8,88402,,13.610350127195805,,,not_run,skipped,rule does not fit,
203,sparse_edit_or_object_completion,neighbor_fill_square_8_3,88402,,13.610350127195805,,,not_run,skipped,rule does not fit,
203,sparse_edit_or_object_completion,iter_neighbor_fill_square_8_3_2,88402,,13.610350127195805,,,not_run,skipped,rule does not fit,
203,sparse_edit_or_object_completion,iter_neighbor_fill_square_8_3_3,88402,,13.610350127195805,,,not_run,skipped,rule does not fit,
203,sparse_edit_or_object_completion,iter_neighbor_fill_square_8_3_5,88402,,13.610350127195805,,,not_run,skipped,rule does not fit,
203,sparse_edit_or_object_completion,iter_neighbor_fill_square_8_3_8,88402,,13.610350127195805,,,not_run,skipped,rule does not fit,
203,sparse_edit_or_object_completion,neighbor_fill_square_8_4,88402,,13.610350127195805,,,not_run,skipped,rule does not fit,
203,sparse_edit_or_object_completion,iter_neighbor_fill_square_8_4_2,88402,,13.610350127195805,,,not_run,skipped,rule does not fit,
203,sparse_edit_or_object_completion,iter_neighbor_fill_square_8_4_3,88402,,13.610350127195805,,,not_run,skipped,rule does not fit,
203,sparse_edit_or_object_completion,iter_neighbor_fill_square_8_4_5,88402,,13.610350127195805,,,not_run,skipped,rule does not fit,
203,sparse_edit_or_object_completion,iter_neighbor_fill_square_8_4_8,88402,,13.610350127195805,,,not_run,skipped,rule does not fit,
203,sparse_edit_or_object_completion,neighbor_fill_square_8_5,88402,,13.610350127195805,,,not_run,skipped,rule does not fit,
203,sparse_edit_or_object_completion,iter_neighbor_fill_square_8_5_2,88402,,13.610350127195805,,,not_run,skipped,rule does not fit,
203,sparse_edit_or_object_completion,iter_neighbor_fill_square_8_5_3,88402,,13.610350127195805,,,not_run,skipped,rule does not fit,
203,sparse_edit_or_object_completion,iter_neighbor_fill_square_8_5_5,88402,,13.610350127195805,,,not_run,skipped,rule does not fit,
203,sparse_edit_or_object_completion,iter_neighbor_fill_square_8_5_8,88402,,13.610350127195805,,,not_run,skipped,rule does not fit,
203,sparse_edit_or_object_completion,neighbor_fill_square_8_6,88402,,13.610350127195805,,,not_run,skipped,rule does not fit,
203,sparse_edit_or_object_completion,iter_neighbor_fill_square_8_6_2,88402,,13.610350127195805,,,not_run,skipped,rule does not fit,
203,sparse_edit_or_object_completion,iter_neighbor_fill_square_8_6_3,88402,,13.610350127195805,,,not_run,skipped,rule does not fit,
203,sparse_edit_or_object_completion,iter_neighbor_fill_square_8_6_5,88402,,13.610350127195805,,,not_run,skipped,rule does not fit,
203,sparse_edit_or_object_completion,iter_neighbor_fill_square_8_6_8,88402,,13.610350127195805,,,not_run,skipped,rule does not fit,
203,sparse_edit_or_object_completion,neighbor_fill_square_8_7,88402,,13.610350127195805,,,not_run,skipped,rule does not fit,
203,sparse_edit_or_object_completion,iter_neighbor_fill_square_8_7_2,88402,,13.610350127195805,,,not_run,skipped,rule does not fit,
203,sparse_edit_or_object_completion,iter_neighbor_fill_square_8_7_3,88402,,13.610350127195805,,,not_run,skipped,rule does not fit,
203,sparse_edit_or_object_completion,iter_neighbor_fill_square_8_7_5,88402,,13.610350127195805,,,not_run,skipped,rule does not fit,
203,sparse_edit_or_object_completion,iter_neighbor_fill_square_8_7_8,88402,,13.610350127195805,,,not_run,skipped,rule does not fit,
203,sparse_edit_or_object_completion,neighbor_fill_square_8_8,88402,,13.610350127195805,,,not_run,skipped,rule does not fit,
203,sparse_edit_or_object_completion,iter_neighbor_fill_square_8_8_2,88402,,13.610350127195805,,,not_run,skipped,rule does not fit,
203,sparse_edit_or_object_completion,iter_neighbor_fill_square_8_8_3,88402,,13.610350127195805,,,not_run,skipped,rule does not fit,
203,sparse_edit_or_object_completion,iter_neighbor_fill_square_8_8_5,88402,,13.610350127195805,,,not_run,skipped,rule does not fit,
203,sparse_edit_or_object_completion,iter_neighbor_fill_square_8_8_8,88402,,13.610350127195805,,,not_run,skipped,rule does not fit,
203,sparse_edit_or_object_completion,neighbor_fill_hline_9_1,88402,,13.610350127195805,,,not_run,skipped,rule does not fit,
203,sparse_edit_or_object_completion,iter_neighbor_fill_hline_9_1_2,88402,,13.610350127195805,,,not_run,skipped,rule does not fit,
203,sparse_edit_or_object_completion,iter_neighbor_fill_hline_9_1_3,88402,,13.610350127195805,,,not_run,skipped,rule does not fit,
203,sparse_edit_or_object_completion,iter_neighbor_fill_hline_9_1_5,88402,,13.610350127195805,,,not_run,skipped,rule does not fit,
203,sparse_edit_or_object_completion,iter_neighbor_fill_hline_9_1_8,88402,,13.610350127195805,,,not_run,skipped,rule does not fit,
203,sparse_edit_or_object_completion,neighbor_fill_hline_9_2,88402,,13.610350127195805,,,not_run,skipped,rule does not fit,
203,sparse_edit_or_object_completion,iter_neighbor_fill_hline_9_2_2,88402,,13.610350127195805,,,not_run,skipped,rule does not fit,
203,sparse_edit_or_object_completion,iter_neighbor_fill_hline_9_2_3,88402,,13.610350127195805,,,not_run,skipped,rule does not fit,
203,sparse_edit_or_object_completion,iter_neighbor_fill_hline_9_2_5,88402,,13.610350127195805,,,not_run,skipped,rule does not fit,
203,sparse_edit_or_object_completion,iter_neighbor_fill_hline_9_2_8,88402,,13.610350127195805,,,not_run,skipped,rule does not fit,
203,sparse_edit_or_object_completion,neighbor_fill_vline_9_1,88402,,13.610350127195805,,,not_run,skipped,rule does not fit,
203,sparse_edit_or_object_completion,iter_neighbor_fill_vline_9_1_2,88402,,13.610350127195805,,,not_run,skipped,rule does not fit,
203,sparse_edit_or_object_completion,iter_neighbor_fill_vline_9_1_3,88402,,13.610350127195805,,,not_run,skipped,rule does not fit,
203,sparse_edit_or_object_completion,iter_neighbor_fill_vline_9_1_5,88402,,13.610350127195805,,,not_run,skipped,rule does not fit,
203,sparse_edit_or_object_completion,iter_neighbor_fill_vline_9_1_8,88402,,13.610350127195805,,,not_run,skipped,rule does not fit,
203,sparse_edit_or_object_completion,neighbor_fill_vline_9_2,88402,,13.610350127195805,,,not_run,skipped,rule does not fit,
203,sparse_edit_or_object_completion,iter_neighbor_fill_vline_9_2_2,88402,,13.610350127195805,,,not_run,skipped,rule does not fit,
203,sparse_edit_or_object_completion,iter_neighbor_fill_vline_9_2_3,88402,,13.610350127195805,,,not_run,skipped,rule does not fit,
203,sparse_edit_or_object_completion,iter_neighbor_fill_vline_9_2_5,88402,,13.610350127195805,,,not_run,skipped,rule does not fit,
203,sparse_edit_or_object_completion,iter_neighbor_fill_vline_9_2_8,88402,,13.610350127195805,,,not_run,skipped,rule does not fit,
203,sparse_edit_or_object_completion,neighbor_fill_cross_9_1,88402,,13.610350127195805,,,not_run,skipped,rule does not fit,
203,sparse_edit_or_object_completion,iter_neighbor_fill_cross_9_1_2,88402,,13.610350127195805,,,not_run,skipped,rule does not fit,
203,sparse_edit_or_object_completion,iter_neighbor_fill_cross_9_1_3,88402,,13.610350127195805,,,not_run,skipped,rule does not fit,
203,sparse_edit_or_object_completion,iter_neighbor_fill_cross_9_1_5,88402,,13.610350127195805,,,not_run,skipped,rule does not fit,
203,sparse_edit_or_object_completion,iter_neighbor_fill_cross_9_1_8,88402,,13.610350127195805,,,not_run,skipped,rule does not fit,
203,sparse_edit_or_object_completion,neighbor_fill_cross_9_2,88402,,13.610350127195805,,,not_run,skipped,rule does not fit,
203,sparse_edit_or_object_completion,iter_neighbor_fill_cross_9_2_2,88402,,13.610350127195805,,,not_run,skipped,rule does not fit,
203,sparse_edit_or_object_completion,iter_neighbor_fill_cross_9_2_3,88402,,13.610350127195805,,,not_run,skipped,rule does not fit,
203,sparse_edit_or_object_completion,iter_neighbor_fill_cross_9_2_5,88402,,13.610350127195805,,,not_run,skipped,rule does not fit,
203,sparse_edit_or_object_completion,iter_neighbor_fill_cross_9_2_8,88402,,13.610350127195805,,,not_run,skipped,rule does not fit,
203,sparse_edit_or_object_completion,neighbor_fill_cross_9_3,88402,,13.610350127195805,,,not_run,skipped,rule does not fit,
203,sparse_edit_or_object_completion,iter_neighbor_fill_cross_9_3_2,88402,,13.610350127195805,,,not_run,skipped,rule does not fit,
203,sparse_edit_or_object_completion,iter_neighbor_fill_cross_9_3_3,88402,,13.610350127195805,,,not_run,skipped,rule does not fit,
203,sparse_edit_or_object_completion,iter_neighbor_fill_cross_9_3_5,88402,,13.610350127195805,,,not_run,skipped,rule does not fit,
203,sparse_edit_or_object_completion,iter_neighbor_fill_cross_9_3_8,88402,,13.610350127195805,,,not_run,skipped,rule does not fit,
203,sparse_edit_or_object_completion,neighbor_fill_cross_9_4,88402,,13.610350127195805,,,not_run,skipped,rule does not fit,
203,sparse_edit_or_object_completion,iter_neighbor_fill_cross_9_4_2,88402,,13.610350127195805,,,not_run,skipped,rule does not fit,
203,sparse_edit_or_object_completion,iter_neighbor_fill_cross_9_4_3,88402,,13.610350127195805,,,not_run,skipped,rule does not fit,
203,sparse_edit_or_object_completion,iter_neighbor_fill_cross_9_4_5,88402,,13.610350127195805,,,not_run,skipped,rule does not fit,
203,sparse_edit_or_object_completion,iter_neighbor_fill_cross_9_4_8,88402,,13.610350127195805,,,not_run,skipped,rule does not fit,
203,sparse_edit_or_object_completion,neighbor_fill_square_9_1,88402,,13.610350127195805,,,not_run,skipped,rule does not fit,
203,sparse_edit_or_object_completion,iter_neighbor_fill_square_9_1_2,88402,,13.610350127195805,,,not_run,skipped,rule does not fit,
203,sparse_edit_or_object_completion,iter_neighbor_fill_square_9_1_3,88402,,13.610350127195805,,,not_run,skipped,rule does not fit,
203,sparse_edit_or_object_completion,iter_neighbor_fill_square_9_1_5,88402,,13.610350127195805,,,not_run,skipped,rule does not fit,
203,sparse_edit_or_object_completion,iter_neighbor_fill_square_9_1_8,88402,,13.610350127195805,,,not_run,skipped,rule does not fit,
203,sparse_edit_or_object_completion,neighbor_fill_square_9_2,88402,,13.610350127195805,,,not_run,skipped,rule does not fit,
203,sparse_edit_or_object_completion,iter_neighbor_fill_square_9_2_2,88402,,13.610350127195805,,,not_run,skipped,rule does not fit,
203,sparse_edit_or_object_completion,iter_neighbor_fill_square_9_2_3,88402,,13.610350127195805,,,not_run,skipped,rule does not fit,
203,sparse_edit_or_object_completion,iter_neighbor_fill_square_9_2_5,88402,,13.610350127195805,,,not_run,skipped,rule does not fit,
203,sparse_edit_or_object_completion,iter_neighbor_fill_square_9_2_8,88402,,13.610350127195805,,,not_run,skipped,rule does not fit,
203,sparse_edit_or_object_completion,neighbor_fill_square_9_3,88402,,13.610350127195805,,,not_run,skipped,rule does not fit,
203,sparse_edit_or_object_completion,iter_neighbor_fill_square_9_3_2,88402,,13.610350127195805,,,not_run,skipped,rule does not fit,
203,sparse_edit_or_object_completion,iter_neighbor_fill_square_9_3_3,88402,,13.610350127195805,,,not_run,skipped,rule does not fit,
203,sparse_edit_or_object_completion,iter_neighbor_fill_square_9_3_5,88402,,13.610350127195805,,,not_run,skipped,rule does not fit,
203,sparse_edit_or_object_completion,iter_neighbor_fill_square_9_3_8,88402,,13.610350127195805,,,not_run,skipped,rule does not fit,
203,sparse_edit_or_object_completion,neighbor_fill_square_9_4,88402,,13.610350127195805,,,not_run,skipped,rule does not fit,
203,sparse_edit_or_object_completion,iter_neighbor_fill_square_9_4_2,88402,,13.610350127195805,,,not_run,skipped,rule does not fit,
203,sparse_edit_or_object_completion,iter_neighbor_fill_square_9_4_3,88402,,13.610350127195805,,,not_run,skipped,rule does not fit,
203,sparse_edit_or_object_completion,iter_neighbor_fill_square_9_4_5,88402,,13.610350127195805,,,not_run,skipped,rule does not fit,
203,sparse_edit_or_object_completion,iter_neighbor_fill_square_9_4_8,88402,,13.610350127195805,,,not_run,skipped,rule does not fit,
203,sparse_edit_or_object_completion,neighbor_fill_square_9_5,88402,,13.610350127195805,,,not_run,skipped,rule does not fit,
203,sparse_edit_or_object_completion,iter_neighbor_fill_square_9_5_2,88402,,13.610350127195805,,,not_run,skipped,rule does not fit,
203,sparse_edit_or_object_completion,iter_neighbor_fill_square_9_5_3,88402,,13.610350127195805,,,not_run,skipped,rule does not fit,
203,sparse_edit_or_object_completion,iter_neighbor_fill_square_9_5_5,88402,,13.610350127195805,,,not_run,skipped,rule does not fit,
203,sparse_edit_or_object_completion,iter_neighbor_fill_square_9_5_8,88402,,13.610350127195805,,,not_run,skipped,rule does not fit,
203,sparse_edit_or_object_completion,neighbor_fill_square_9_6,88402,,13.610350127195805,,,not_run,skipped,rule does not fit,
203,sparse_edit_or_object_completion,iter_neighbor_fill_square_9_6_2,88402,,13.610350127195805,,,not_run,skipped,rule does not fit,
203,sparse_edit_or_object_completion,iter_neighbor_fill_square_9_6_3,88402,,13.610350127195805,,,not_run,skipped,rule does not fit,
203,sparse_edit_or_object_completion,iter_neighbor_fill_square_9_6_5,88402,,13.610350127195805,,,not_run,skipped,rule does not fit,
203,sparse_edit_or_object_completion,iter_neighbor_fill_square_9_6_8,88402,,13.610350127195805,,,not_run,skipped,rule does not fit,
203,sparse_edit_or_object_completion,neighbor_fill_square_9_7,88402,,13.610350127195805,,,not_run,skipped,rule does not fit,
203,sparse_edit_or_object_completion,iter_neighbor_fill_square_9_7_2,88402,,13.610350127195805,,,not_run,skipped,rule does not fit,
203,sparse_edit_or_object_completion,iter_neighbor_fill_square_9_7_3,88402,,13.610350127195805,,,not_run,skipped,rule does not fit,
203,sparse_edit_or_object_completion,iter_neighbor_fill_square_9_7_5,88402,,13.610350127195805,,,not_run,skipped,rule does not fit,
203,sparse_edit_or_object_completion,iter_neighbor_fill_square_9_7_8,88402,,13.610350127195805,,,not_run,skipped,rule does not fit,
203,sparse_edit_or_object_completion,neighbor_fill_square_9_8,88402,,13.610350127195805,,,not_run,skipped,rule does not fit,
203,sparse_edit_or_object_completion,iter_neighbor_fill_square_9_8_2,88402,,13.610350127195805,,,not_run,skipped,rule does not fit,
203,sparse_edit_or_object_completion,iter_neighbor_fill_square_9_8_3,88402,,13.610350127195805,,,not_run,skipped,rule does not fit,
203,sparse_edit_or_object_completion,iter_neighbor_fill_square_9_8_5,88402,,13.610350127195805,,,not_run,skipped,rule does not fit,
203,sparse_edit_or_object_completion,iter_neighbor_fill_square_9_8_8,88402,,13.610350127195805,,,not_run,skipped,rule does not fit,
