task_id,current_cost,shape_pairs,same_shape,avg_changed_ratio,max_changed_ratio,input_colors,output_colors,pass_rule_count,best_projected_gain
286,110902,"(11, 24)->(11, 24):1;(13, 14)->(13, 14):1",True,0.20410839160839161,0.2159090909090909,0 1 2 3 4 8,0 1 2 3 4 8,0,0.0
29,71139,"(13, 16)->(5, 3):1;(17, 18)->(8, 10):1;(23, 21)->(6, 8):1",False,,,0 1 2 3 4 5 6 8 9,0 1 2 3 5 6 8 9,0,0.0
280,70515,"(10, 10)->(10, 10):1;(20, 20)->(20, 20):3",True,0.25875,0.4075,0 2 3,0 2 3,0,0.0
366,60515,"(10, 16)->(10, 8):1;(11, 20)->(11, 10):1;(30, 17)->(15, 17):1",False,,,0 1 2 3 4 6 8,0 1 2 3 4 6 8,0,0.0
275,59811,"(3, 6)->(9, 9):2;(4, 8)->(16, 16):1",False,,,0 1 2 3 4 8,0 1 2 3 4,0,0.0
133,59322,"(15, 18)->(15, 18):1;(16, 12)->(16, 12):1;(16, 18)->(16, 18):1;(17, 18)->(17, 18):1",True,0.08057598039215687,0.17647058823529413,0 1 2 3 4 6 8,0 1 2 3 4 6 8,0,0.0
209,59267,"(16, 18)->(11, 11):1;(17, 17)->(9, 14):1;(17, 18)->(7, 7):1",False,,,0 1 2 3 4 8,0 1 2 3 4 8,0,0.0
204,56171,"(10, 10)->(10, 10):2;(11, 11)->(11, 11):1;(15, 15)->(15, 15):1;(20, 20)->(20, 20):1",True,0.16658494031221305,0.225,0 1,0 1 2 7,0,0.0
13,54111,"(10, 25)->(10, 25):1;(22, 9)->(22, 9):1;(24, 8)->(24, 8):1;(7, 23)->(7, 23):1",True,0.30933844265637744,0.398989898989899,0 1 2 3 4 8,0 1 2 3 4 8,0,0.0
222,52891,"(16, 16)->(16, 16):3",True,0.30859375,0.3515625,0 1 2 3 4 5 6 7 8 9,0 2 6 7,0,0.0
54,52411,"(30, 30)->(30, 30):3",True,0.08851851851851851,0.09333333333333334,1 2 3 4 5 6 8,1 2 3 4 5 6 8,0,0.0
303,52347,"(12, 14)->(12, 14):1;(12, 19)->(12, 19):1;(17, 15)->(17, 15):1",True,0.15030222615361935,0.17647058823529413,0 1 3 8,0 1 2 3 8,0,0.0
243,51195,"(13, 13)->(13, 13):1;(15, 15)->(15, 15):1;(16, 16)->(16, 16):1",True,0.40976016326977865,0.5325443786982249,0 1 2 3 4 5 6 7 8 9,0 1 2 3 4 5 6 7 8 9,0,0.0
159,48739,"(18, 21)->(8, 8):1;(19, 22)->(5, 5):1;(21, 24)->(11, 11):1",False,,,0 1 2 4 8,0 1 2 4 8,0,0.0
128,48731,"(15, 15)->(15, 15):3",True,0.2488888888888889,0.3377777777777778,0 1 2 4,0 1 2 4,0,0.0
91,43107,"(11, 13)->(6, 5):1;(9, 11)->(5, 7):1;(9, 9)->(5, 5):1",False,,,0 5 8,0 5 8,0,0.0
110,42363,"(29, 29)->(29, 29):3",True,0.09393579072532698,0.12604042806183116,0 1 2 3 4 5 6 7 8,1 2 3 4 5 6 7 8,0,0.0
19,40026,"(2, 4)->(4, 8):1;(3, 4)->(6, 8):1;(4, 4)->(8, 8):1;(5, 3)->(10, 6):1",False,,,0 2 4 5 6,0 2 4 5 6 8,0,0.0
109,38755,"(11, 11)->(10, 10):1;(7, 7)->(6, 6):1;(9, 9)->(8, 8):1",False,,,0 1 2 3 4 8,0 2 4 8,0,0.0
216,38307,"(20, 20)->(5, 17):1;(20, 20)->(5, 6):1;(20, 20)->(9, 9):1",False,,,0 1 2,1 2,0,0.0
382,37115,"(12, 12)->(12, 12):1;(14, 10)->(14, 10):1;(17, 12)->(17, 12):1",True,0.23572595704948643,0.3137254901960784,0 2 8,0 2 8,0,0.0
191,36076,"(23, 23)->(23, 23):4",True,0.05434782608695652,0.0945179584120983,0 1 4,0 1 4,0,0.0
161,34907,"(11, 22)->(11, 22):1;(13, 20)->(13, 20):1;(15, 17)->(15, 17):1",True,0.24921427354582434,0.28512396694214875,0 1 2 3 4 5 8,0 2 3 8,0,0.0
14,34851,"(18, 19)->(7, 9):1;(19, 17)->(9, 6):1;(21, 21)->(10, 10):1",False,,,0 1 2 3 4 8,0 2 3 4,0,0.0
17,33755,"(21, 21)->(21, 21):3",True,0.13529856386999245,0.1655328798185941,0 1 2 3 4 5 6 7,1 2 3 4 5 6 7,0,0.0
2,33547,"(10, 10)->(10, 10):3;(20, 20)->(20, 20):1;(6, 6)->(6, 6):1",True,0.058611111111111114,0.09,0 3,0 3 4,0,0.0
306,32802,"(19, 19)->(19, 19):1;(19, 9)->(19, 9):1",True,0.07079101261926746,0.08310249307479224,0 1 2 3 4 5 7 8,0 1 2 3 4 5 7 8,0,0.0
231,30755,"(5, 6)->(5, 12):1;(5, 7)->(5, 14):1;(5, 8)->(5, 16):1",False,,,0 1 2 3 8,0 1 2 3 8,0,0.0
88,30659,"(12, 14)->(4, 4):1;(12, 18)->(4, 8):1;(12, 9)->(3, 5):1;(7, 7)->(3, 3):1",False,,,0 2 3 4 6 8,0 3 4 6 8,0,0.0
205,30083,"(16, 17)->(6, 8):1;(17, 23)->(7, 6):1;(27, 23)->(10, 9):1",False,,,0 1 2 3 4 5 6 7 8 9,1 2 4 8,0,0.0
101,29435,"(14, 12)->(14, 12):3",True,0.10515873015873016,0.14285714285714285,0 1 2,0 1 2,0,0.0
324,28891,"(12, 14)->(12, 14):1;(15, 15)->(15, 15):1;(19, 12)->(19, 12):1",True,0.14430938457254247,0.16444444444444445,1 2 3 4 6 8,1 2 3 4 6 8,0,0.0
165,27835,"(20, 20)->(20, 20):3",True,0.05833333333333333,0.09,0 2 3 4 7 8 9,0 2 3 4 7 8 9,0,0.0
278,27080,"(15, 16)->(15, 16):1;(15, 18)->(15, 18):1",True,0.05810185185185185,0.07916666666666666,0 2,0 2 3,0,0.0
377,26659,"(21, 22)->(7, 7):1;(22, 25)->(3, 3):1;(23, 27)->(5, 5):1",False,,,1 2 3 5 6 8,1 2 3 5 6 8,0,0.0
234,26619,"(13, 18)->(13, 18):1;(15, 19)->(15, 19):1;(17, 14)->(17, 14):1",True,0.12235528489398458,0.21052631578947367,0 2 3 4 5,0 2 3 4 5,0,0.0
384,26243,"(9, 9)->(6, 6):1;(9, 9)->(6, 8):1;(9, 9)->(8, 6):1",False,,,0 4,0 4,0,0.0
63,26235,"(10, 10)->(10, 10):1;(12, 12)->(12, 12):2",True,0.3048148148148148,0.4444444444444444,0 2 8,0 2 3 8,0,0.0
33,26075,"(17, 17)->(17, 17):3",True,0.13494809688581313,0.2179930795847751,0 1 2 3 8,0 1 2 3 8,0,0.0
364,26075,"(10, 11)->(10, 11):1;(14, 12)->(14, 12):1;(19, 21)->(19, 21):1",True,0.1778879015721121,0.22727272727272727,0 3,0 1 2 6,0,0.0
75,25851,"(9, 13)->(9, 13):3",True,0.3333333333333333,0.38461538461538464,0 1 2 3 4 5 6 7 8 9,0 2 3 4 5 6 7 8 9,0,0.0
264,25739,"(14, 14)->(9, 9):1;(16, 14)->(9, 9):1",False,,,0 1 2 3 4 5 6 7 8 9,1 2 3 4 5 6 7 8 9,0,0.0
157,24780,"(10, 15)->(10, 15):2",True,0.25333333333333335,0.29333333333333333,0 2 5,0 1 2,0,0.0
92,24574,"(20, 10)->(20, 10):1;(30, 20)->(30, 20):1",True,0.07333333333333333,0.095,0 2 3 4 5 6 7 8 9,0 2 3 4 5 6 7 8 9,0,0.0
158,24283,"(20, 19)->(20, 19):1;(20, 21)->(20, 21):1;(21, 22)->(21, 22):1",True,0.07200197463355358,0.12857142857142856,1 2 3 4 6 8,1 2 3 4 6 8,0,0.0
11,24184,"(11, 11)->(11, 11):4",True,0.4690082644628099,0.47107438016528924,0 2 3 4 5 6 8,0 2 3 4 5 6,0,0.0
301,24155,"(10, 7)->(10, 7):1;(3, 3)->(3, 3):1;(7, 4)->(7, 4):1",True,0.46613756613756613,0.5555555555555556,0 1 2 3 4 5 6 8,0 1 2 3 4 5 6 8,0,0.0
9,23611,"(20, 20)->(20, 20):1;(23, 23)->(23, 23):2",True,0.062035286704473856,0.06805293005671077,0 1 2 3 4 8 9,0 1 2 3 4 8 9,0,0.0
310,23395,"(24, 24)->(7, 7):1;(26, 26)->(7, 7):1;(28, 28)->(7, 7):1",False,,,0 1 2 3 4 5 6 8,0 1 2 3 4 6 8,0,0.0
177,23171,"(10, 15)->(4, 8):1;(12, 16)->(5, 5):1;(15, 17)->(4, 6):1",False,,,0 1 2 3 4 6 8,1 2 3 4 6 8,0,0.0
285,23067,"(14, 14)->(14, 14):1;(20, 20)->(20, 20):1;(30, 30)->(30, 30):1",True,0.06505668934240362,0.09183673469387756,0 1 2 3 4 6 7 8,0 1 2 3 4 6 7 8,0,0.0
396,22947,"(13, 13)->(7, 7):1;(13, 16)->(6, 7):1;(15, 16)->(7, 7):1",False,,,0 1 2 3 4,0 2 3 4,0,0.0
387,22269,"(14, 14)->(14, 14):1;(17, 14)->(17, 14):1;(17, 16)->(17, 16):2",True,0.18206032412965187,0.20408163265306123,0 1 2 3 4 8,0 1 2 3 4 5 8,0,0.0
383,22235,"(15, 17)->(15, 17):1;(16, 18)->(16, 18):1;(19, 13)->(19, 13):1",True,0.13228993014209733,0.16194331983805668,0 1 2 3 4 8,0 1 2 3 4 8,0,0.0
201,22224,"(13, 13)->(4, 6):1;(13, 13)->(5, 6):1;(13, 13)->(6, 8):1;(13, 13)->(7, 8):1",False,,,0 1 2 3 4 7 8,0 1 2 3 4 7 8,0,0.0
240,21627,"(19, 19)->(19, 19):3",True,0.08402585410895662,0.09695290858725762,0 1 2 3 4 8,0 1 2 3 4 8,0,0.0
308,21187,"(10, 8)->(3, 3):1;(12, 11)->(5, 5):1;(12, 14)->(5, 5):1",False,,,1 2 3 4 7 8,1 2 3 4 7 8,0,0.0
49,21135,"(10, 10)->(3, 3):1;(10, 15)->(3, 2):1;(13, 15)->(3, 4):1;(18, 15)->(2, 2):1;(20, 20)->(2, 3):1",False,,,0 1 2 3 4 6 7 8,1 4 6 7 8,0,0.0
65,20963,"(11, 11)->(5, 5):1;(5, 5)->(2, 2):1;(7, 7)->(3, 3):1",False,,,1 2 3 4 8,1 3 4 8,0,0.0
21,20739,"(11, 11)->(3, 2):1;(15, 15)->(2, 4):1;(27, 27)->(6, 5):1",False,,,1 3 7 8,1 3,0,0.0
238,20291,"(14, 16)->(5, 5):1;(15, 15)->(6, 6):1;(15, 16)->(6, 6):1",False,,,0 1 2 3 4 6 7 8,0 1 2 3 4 6 7 8,0,0.0
279,20244,"(12, 11)->(12, 11):1;(12, 13)->(12, 13):1;(14, 15)->(14, 15):1;(9, 11)->(9, 11):1",True,0.14765512265512265,0.23484848484848486,1 9,1 8 9,0,0.0
213,20067,"(12, 10)->(3, 3):1;(12, 12)->(4, 4):1;(18, 15)->(6, 6):1",False,,,0 1 2 3 4 5 6 8,1 2 3 4 6 8,0,0.0
359,19771,"(13, 14)->(13, 14):1;(13, 17)->(13, 17):1;(15, 14)->(15, 14):1",True,0.16208432090785033,0.18552036199095023,1 2 3 4 5 6 7 8 9,1 2 3 7 8,0,0.0
367,19707,"(12, 19)->(12, 19):1;(13, 16)->(13, 16):1;(15, 17)->(15, 17):1",True,0.07038316001164298,0.07894736842105263,0 5,0 4 5,0,0.0
5,19387,"(21, 21)->(21, 21):3",True,0.06953892668178381,0.09523809523809523,0 1 2 3 4 5 6 8,0 1 2 3 4 5 6 8,0,0.0
202,19206,"(13, 15)->(13, 15):1;(14, 13)->(14, 13):1;(14, 15)->(14, 15):1;(15, 19)->(15, 19):1",True,0.0646375554270291,0.07179487179487179,0 1 2 3 4 5 8,0 1 2 3 4 5 8,0,0.0
59,19163,"(11, 11)->(11, 11):3",True,0.1322314049586777,0.17355371900826447,0 1 2 3 5,0 1 2 3 5,0,0.0
256,19067,"(7, 7)->(7, 7):1;(7, 9)->(7, 9):1;(8, 9)->(8, 9):1",True,0.26171579743008316,0.2698412698412698,0 2,0 1 2 3,0,0.0
46,19000,"(3, 11)->(3, 8):1;(3, 11)->(3, 9):2;(3, 9)->(3, 7):1",False,,,0 1 2 3 5 6 8,0 1 2 3 6 8,0,0.0
70,18939,"(17, 17)->(17, 17):3",True,0.03575547866205306,0.04498269896193772,0 1 8,0 1 3 8,0,0.0
281,18843,"(11, 11)->(11, 11):2;(13, 12)->(13, 12):1",True,0.18070565797838525,0.21153846153846154,0 1 2 3 6 8,0 1 2 3 6,0,0.0
379,18843,"(13, 13)->(13, 13):1;(13, 18)->(13, 18):1;(17, 12)->(17, 12):1",True,0.10790114862513052,0.12745098039215685,0 2 8,0 2 8,0,0.0
69,18263,"(10, 10)->(10, 10):2",True,0.18,0.2,0 4 6 7 8 9,0 4 6 7 9,0,0.0
196,18011,"(15, 15)->(15, 15):2;(9, 9)->(9, 9):1",True,0.12345679012345678,0.18666666666666668,0 1,0 1 3,0,0.0
219,18011,"(15, 10)->(15, 10):3",True,0.10222222222222223,0.14,0 8,0 1 8,0,0.0
183,17795,"(6, 6)->(2, 2):1;(8, 8)->(4, 4):2",False,,,0 1 2 3 4 6 7 8 9,0 2 3 4 6 7 9,0,0.0
325,17795,"(12, 12)->(3, 3):1;(16, 10)->(4, 4):1;(8, 12)->(2, 2):1",False,,,0 8,0 8,0,0.0
84,17595,"(15, 15)->(15, 15):1;(3, 3)->(3, 3):1;(7, 7)->(7, 7):1",True,0.2712622826908541,0.4444444444444444,0 5 6 8,0 2 4 5 6 8,0,0.0
189,17571,"(9, 9)->(6, 6):3",False,,,0 1 2 3 4 5 6 8,0 1 2 4 5 6,0,0.0
239,17568,"(3, 3)->(5, 3):1;(3, 4)->(6, 4):1;(4, 3)->(5, 4):1;(4, 3)->(6, 3):1",False,,,1 2 3 4 8,0 1 2 3 4 8,0,0.0
18,17467,"(14, 15)->(14, 15):1;(14, 18)->(14, 18):1;(16, 14)->(16, 14):1",True,0.08667328042328042,0.10317460317460317,0 1 2 3 4 8,0 1 2 3 4 8,0,0.0
154,17371,"(15, 15)->(15, 15):3",True,0.06814814814814815,0.08888888888888889,0 2 5,0 2 5,0,0.0
224,17243,"(12, 13)->(12, 13):1;(15, 13)->(15, 13):1;(15, 14)->(15, 14):1",True,0.18021978021978022,0.20512820512820512,0 1 3 4 5,0 1 3 4 5,0,0.0
163,17092,"(11, 11)->(11, 11):4",True,0.23553719008264462,0.32231404958677684,0 1 2 3 4 5 6 7 8 9,0 2 3 4 5 6 7 8 9,0,0.0
34,17058,"(9, 9)->(9, 9):4",True,0.2623456790123457,0.3950617283950617,0 2 3 4 6 7,0 3 4 6 7,0,0.0
85,16926,"(8, 20)->(8, 20):1;(8, 30)->(8, 30):1",True,0.06979166666666667,0.08333333333333333,0 1 4 7 8,0 1 4 7 8,0,0.0
390,16699,"(15, 15)->(15, 15):3",True,0.06222222222222223,0.07111111111111111,0 2 5,0 2 5,0,0.0
330,16635,"(10, 10)->(10, 10):3",True,0.26333333333333336,0.35,0 5,0 1 2,0,0.0
319,16583,"(15, 17)->(3, 5):1;(17, 17)->(5, 5):1;(18, 18)->(5, 3):1;(19, 17)->(5, 3):1",False,,,1 2 3 4 6 8,1 2 3 4 8,0,0.0
232,16283,"(10, 12)->(10, 12):1;(10, 8)->(10, 8):1;(7, 8)->(7, 8):1",True,0.1279761904761905,0.2,0 2 3 6 8,0 2 3 5 6 8,0,0.0
36,15912,"(30, 30)->(3, 3):1;(30, 30)->(5, 3):1",False,,,0 1 2 3 4 5,0 3 4,0,0.0
358,15757,"(12, 11)->(12, 11):1;(15, 14)->(15, 14):1",True,0.1143939393939394,0.12878787878787878,0 2 3 4 8,0 2 3 4 8,0,0.0
351,15683,"(16, 16)->(5, 5):3",False,,,1 2 3 4 5 6 7 8 9,1 2 5 6 7 8 9,0,0.0
44,15483,"(10, 10)->(10, 10):3",True,0.18666666666666668,0.24,0 2 3 4 5 6 7 8 9,0 2 3 4 5 6 7 8 9,0,0.0
57,15459,"(8, 8)->(3, 6):3",False,,,0 1 2 8,0 1 2 8,0,0.0
365,15459,"(10, 10)->(3, 3):1;(10, 10)->(5, 4):1;(10, 10)->(6, 4):1",False,,,0 1 2 8,1 2 8,0,0.0
400,15459,"(24, 24)->(5, 5):3",False,,,0 1 2 3 5 6 8,0 3 5 6,0,0.0
247,15339,"(10, 10)->(3, 1):1;(10, 10)->(3, 2):1;(10, 10)->(3, 3):1;(10, 10)->(5, 1):1;(10, 10)->(5, 3):1;(10, 10)->(9, 2):1",False,,,0 1 2 3 4 6 7 8 9,1 2 3 4 6 8 9,0,0.0
368,15056,"(10, 10)->(10, 10):2",True,0.21,0.24,0 2 4 5 6 8,0 2 4 6 8,0,0.0
112,15003,"(10, 10)->(10, 10):1;(12, 14)->(12, 14):1;(20, 30)->(20, 30):1",True,0.07666666666666666,0.18,0 2 3,0 2 3,0,0.0
197,14567,"(10, 8)->(10, 8):2;(12, 8)->(12, 8):1;(6, 8)->(6, 8):1",True,0.13541666666666666,0.1875,0 1 2 3 4 5 6 8,0 1 2 3 4 5 6 8,0,0.0
253,14444,"(13, 13)->(4, 4):2",False,,,0 1 2 3 4 8,0 1 2 3 4 8,0,0.0
82,14420,"(6, 10)->(6, 10):1;(6, 7)->(6, 7):1",True,0.22857142857142856,0.26666666666666666,0 2 4 8,0 2 4 8,0,0.0
141,14107,"(15, 15)->(15, 15):2;(7, 7)->(7, 7):1",True,0.12728647014361302,0.20408163265306123,0 2 7 8,0 2 7 8,0,0.0
117,14075,"(12, 12)->(12, 12):1;(14, 14)->(14, 14):2",True,0.12145691609977323,0.15306122448979592,0 1 2 3 4 8,0 1 2 3 4 8,0,0.0
287,13779,"(16, 16)->(16, 16):4",True,0.076171875,0.09375,1 2 3 4 5 6 7 8 9,1 2 3 5 6 7 8 9,0,0.0
284,13755,"(10, 13)->(10, 13):1;(10, 18)->(10, 18):1;(14, 10)->(14, 10):1",True,0.13487993487993488,0.15384615384615385,0 1 2 3 5 8,0 1 2 3 5 8,0,0.0
170,13731,"(22, 22)->(4, 4):1;(27, 21)->(3, 3):1;(27, 25)->(3, 3):1",False,,,0 1 2 3 4 5 6 7 8 9,0 1 2 3 4 5 6 7 8 9,0,0.0
244,13731,"(11, 11)->(3, 3):1;(19, 19)->(4, 4):2",False,,,0 1 2 3 4 8,0 1 2 3 4 8,0,0.0
4,13560,"(14, 9)->(14, 9):1;(8, 9)->(8, 9):1",True,0.1468253968253968,0.16666666666666666,0 2 6 8,0 2 6 8,0,0.0
375,13531,"(3, 3)->(3, 3):1;(5, 5)->(5, 5):1;(7, 7)->(7, 7):1",True,0.33644746787603924,0.4444444444444444,0 1 2 3,0 1 2 3,0,0.0
178,13497,"(3, 3)->(1, 3):1;(3, 3)->(3, 1):1;(3, 5)->(1, 4):1;(4, 2)->(3, 1):1;(6, 4)->(4, 1):1",False,,,1 2 3 4 6 8,1 2 3 4 6 8,0,0.0
185,13431,"(27, 27)->(3, 3):2;(29, 29)->(3, 3):2",False,,,0 1 2 3 4 6 8,0 1 2 3 6 8,0,0.0
300,13323,"(5, 10)->(3, 2):1;(6, 11)->(4, 3):1;(7, 13)->(4, 3):1;(7, 9)->(3, 3):1",False,,,0 1 2 3 4 6 7 8,0 2 4 8,0,0.0
22,13283,"(11, 11)->(3, 3):3",False,,,0 1 2 3 4 5 6 7 9,0 1 2 3 4 5 6 7 9,0,0.0
174,12963,"(10, 10)->(2, 2):1;(10, 10)->(2, 4):2",False,,,0 2 3 4 5 6 7 8,0 4 5 6,0,0.0
79,12835,"(14, 14)->(3, 3):3",False,,,0 1 2 4 6 8,0 4 8,0,0.0
271,12732,"(9, 9)->(3, 3):4",False,,,0 1 8,1 8,0,0.0
218,12611,"(21, 21)->(2, 2):1;(21, 21)->(3, 2):1;(21, 21)->(3, 3):1",False,,,0 1 2 3 4 5 7 8,1 2 3 4 5 7 8,0,0.0
242,12611,"(16, 16)->(3, 3):3",False,,,0 1 2 3 4 5 6 7 8 9,1 2 3 4 5 6 7 9,0,0.0
93,12539,"(14, 14)->(14, 14):3",True,0.08333333333333333,0.09693877551020408,0 1 2 3 5,0 5,0,0.0
130,12490,"(9, 9)->(3, 3):2",False,,,0 2 3 5 6 7 8 9,0 2 3 6 7 8 9,0,0.0
217,12475,"(9, 9)->(9, 9):3",True,0.1810699588477366,0.24691358024691357,0 6 7 8,0 6 7 8,0,0.0
184,12387,"(18, 22)->(2, 3):1;(20, 20)->(2, 2):1;(23, 17)->(3, 2):1",False,,,0 1 2 3 4 6 7 8,1 2 3 4 6 7 8,0,0.0
182,12364,"(20, 20)->(20, 20):4",True,0.030625,0.045,0 1 2 3 5,0 1 2 3 5,0,0.0
265,12187,"(18, 18)->(18, 18):3",True,0.06378600823045268,0.07407407407407407,0 5,0 2 5,0,0.0
162,12027,"(20, 20)->(20, 20):3",True,0.03,0.045,0 3 5 7,0 1 3 5 7,0,0.0
166,11867,"(14, 10)->(14, 10):1;(7, 8)->(7, 8):1;(9, 8)->(9, 8):1",True,0.1318783068783069,0.1527777777777778,0 8,0 2 8,0,0.0
131,11707,"(17, 5)->(17, 5):2;(4, 16)->(4, 16):1",True,0.30281862745098037,0.34375,0 2 3,0 2 3 8,0,0.0
89,11703,"(13, 13)->(13, 13):4",True,0.05029585798816568,0.08284023668639054,0 1 2 3 4 8,0 1 2 3 4 8,0,0.0
355,11622,"(16, 15)->(1, 1):1;(16, 17)->(1, 1):1;(16, 19)->(1, 1):1;(17, 13)->(1, 1):1",False,,,0 1 2 3 4 5 6 8,2 4 6 8,0,0.0
370,11547,"(12, 14)->(12, 14):1;(12, 16)->(12, 16):1;(13, 15)->(13, 15):1",True,0.07210012210012211,0.08333333333333333,0 1 2 3 4 8,0 1 2 3 4 8,0,0.0
374,11254,"(10, 10)->(10, 10):4",True,0.14,0.16,0 5,0 1 2 4,0,0.0
12,11213,"(12, 12)->(12, 12):2",True,0.16666666666666666,0.16666666666666666,0 2 6 7 8,0 2 6 7 8,0,0.0
193,11099,"(13, 13)->(13, 13):1;(17, 17)->(17, 17):1;(7, 7)->(7, 7):1",True,0.058535352881145496,0.10204081632653061,0 5 6 7,0 5 6 7,0,0.0
343,11099,"(5, 15)->(5, 15):3",True,0.16,0.18666666666666668,0 1 2 3 4,0 1 2 3 4,0,0.0
340,10939,"(10, 15)->(10, 15):1;(12, 12)->(12, 12):1;(14, 11)->(14, 11):1",True,0.08047619047619048,0.08666666666666667,0 1 2 3 4 6 7 8,0 1 2 3 4 6 7 8,0,0.0
23,10875,"(8, 10)->(8, 10):1;(8, 9)->(8, 9):1;(9, 11)->(9, 11):1",True,0.2230218855218855,0.2625,0 5,0 2 8,0,0.0
66,10875,"(10, 10)->(10, 10):1;(15, 15)->(15, 15):1;(20, 20)->(20, 20):1",True,0.06259259259259259,0.07,0 2 3 8,0 2 3 8,0,0.0
208,10875,"(21, 21)->(21, 21):3",True,0.034769463340891905,0.04081632653061224,0 1 2 3 4 8,0 1 2 3 4 8,0,0.0
251,10875,"(12, 12)->(12, 12):1;(8, 8)->(8, 8):2",True,0.13425925925925927,0.1527777777777778,0 2,0 1 2,0,0.0
64,10771,"(10, 12)->(10, 12):1;(14, 12)->(14, 12):1;(14, 18)->(14, 18):1;(9, 12)->(9, 12):1",True,0.032374338624338625,0.037037037037037035,1 2 3 4 5 8,1 2 3 4 5 8,0,0.0
8,10555,"(11, 10)->(11, 10):1;(14, 9)->(14, 9):1;(9, 10)->(9, 10):1",True,0.15901875901875903,0.2,0 2 8,0 2 8,0,0.0
77,10491,"(15, 14)->(15, 14):1;(15, 16)->(15, 16):1;(17, 18)->(17, 18):1",True,0.051054310613134146,0.0625,0 1 2 3 8,0 1 2 3 4 8,0,0.0
25,10331,"(15, 14)->(15, 14):1;(15, 16)->(15, 16):1;(18, 19)->(18, 19):1",True,0.03734335839598998,0.05238095238095238,0 1 2 3 4 8,0 1 2 3 4 8,0,0.0
397,10235,"(10, 10)->(10, 10):3",True,0.12,0.16,0 1 2 4 6 7 8 9,0 1 2 3 4 6 7 8 9,0,0.0
102,10233,"(12, 12)->(12, 12):4",True,0.052083333333333336,0.14583333333333334,0 5,0 2 5,0,0.0
118,10000,"(11, 12)->(11, 12):1;(18, 19)->(18, 19):1;(20, 20)->(20, 20):1;(20, 22)->(20, 22):1",True,0.02276847421584264,0.035,0 2 5,0 2 5 8,0,0.0
270,9819,"(15, 15)->(15, 15):3",True,0.056296296296296296,0.07111111111111111,0 1 2 3 7,0 1 2 3 7,0,0.0
169,9787,"(10, 10)->(10, 10):3",True,0.15,0.18,0 5,0 1 2 3,0,0.0
341,9787,"(10, 10)->(10, 10):3",True,0.11666666666666665,0.2,0 2 3 4 6 7 9,0 2 3 4 6 7 8 9,0,0.0
246,9755,"(10, 16)->(10, 16):1;(12, 14)->(12, 14):1;(15, 15)->(15, 15):1",True,0.08619708994708995,0.09375,0 2 3,0 2 3 8,0,0.0
252,9531,"(3, 3)->(3, 3):1;(6, 6)->(6, 6):1;(8, 8)->(8, 8):1",True,0.09085648148148147,0.1111111111111111,0 2 3 9,0 2 3 4 9,0,0.0
71,9502,"(16, 16)->(16, 16):2",True,0.0546875,0.0625,0 1 2 3 6,0 2 6,0,0.0
156,9502,"(10, 10)->(10, 10):2",True,0.11499999999999999,0.12,0 4,0 1 2 4,0,0.0
225,9371,"(6, 6)->(6, 6):3",True,0.3796296296296296,0.4444444444444444,0 1 2 3 4 5 6 7 8 9,0 1 2 3 4 5 6 7 8 9,0,0.0
335,9307,"(10, 12)->(10, 12):1;(12, 11)->(12, 11):1;(8, 11)->(8, 11):1",True,0.10934343434343434,0.11363636363636363,0 2 8,0 2 4 8,0,0.0
41,9243,"(10, 10)->(10, 10):3",True,0.13999999999999999,0.18,0 1 3 4 6 8,0 1 3 4 6 8,0,0.0
192,9231,"(13, 14)->(13, 14):1;(13, 16)->(13, 16):1",True,0.07280219780219781,0.08791208791208792,0 1 2 3 8,0 2 3,0,0.0
50,9146,"(10, 11)->(10, 11):1;(12, 11)->(12, 11):2;(3, 3)->(3, 3):1;(5, 6)->(5, 6):1;(7, 13)->(7, 13):1;(7, 6)->(7, 6):1;(9, 6)->(9, 6):1",True,0.06069786694786695,0.09523809523809523,0 8,0 3 8,0,0.0
250,8969,"(10, 10)->(10, 10):2",True,0.07,0.08,0 2 5,0 2 5,0,0.0
245,8818,"(7, 7)->(7, 7):1;(9, 10)->(9, 10):1;(9, 8)->(9, 8):1;(9, 9)->(9, 9):1",True,0.20553350970017636,0.2857142857142857,0 2 3,0 2 3,0,0.0
237,8729,"(3, 3)->(3, 3):1;(6, 6)->(6, 6):2;(7, 5)->(7, 5):1",True,0.2589285714285714,0.2857142857142857,0 2 3 5 6 7 8,0 2 3 5 6 7 8,0,0.0
173,8475,"(13, 12)->(13, 12):1;(13, 22)->(13, 22):1;(14, 19)->(14, 19):1",True,0.032100939995676835,0.045454545454545456,0 1 2 3 4 6 8,0 1 2 3 4 6 8,0,0.0
37,8379,"(10, 10)->(10, 10):3",True,0.09333333333333334,0.11,0 2 3 4 6 7 8 9,0 2 3 4 6 7 8 9,0,0.0
361,8315,"(10, 10)->(10, 10):3",True,0.049999999999999996,0.06,0 3 4 6 7 8 9,0 3 4 6 7 8 9,0,0.0
97,8263,"(11, 19)->(11, 19):1;(12, 18)->(12, 18):1;(16, 11)->(16, 11):1;(17, 9)->(17, 9):1",True,0.055704914209171175,0.0625,0 4 5 6 8,0 4 5 6 8,0,0.0
90,8030,"(2, 20)->(2, 20):1;(3, 30)->(3, 30):1;(4, 20)->(4, 20):2",True,0.13159722222222223,0.25,0 1 5,0 1 5 6,0,0.0
76,7643,"(13, 13)->(13, 13):3",True,0.047337278106508875,0.05917159763313609,0 1 2 3 4,0 1 2 3 4,0,0.0
363,7579,"(10, 10)->(10, 10):3",True,0.10666666666666667,0.16,0 2 5,0 2 5,0,0.0
51,7483,"(10, 15)->(10, 15):1;(12, 12)->(12, 12):1;(15, 12)->(15, 12):1",True,0.0500925925925926,0.06,0 1 2 3 8,0 1 2 3 8,0,0.0
302,7483,"(12, 12)->(12, 12):3",True,0.0949074074074074,0.09722222222222222,0 5,0 5 6 7 8,0,0.0
288,6886,"(3, 3)->(3, 3):1;(5, 5)->(5, 5):2;(7, 7)->(7, 7):1",True,0.13596371882086167,0.2222222222222222,0 1 2 3 4 6 8,0 1 2 3 4 6 8,0,0.0
27,6715,"(10, 10)->(10, 10):3",True,0.09333333333333334,0.12,0 1,0 1 2,0,0.0
119,6619,"(12, 12)->(12, 12):3",True,0.06481481481481481,0.06944444444444445,0 2 8,0 2 3 8,0,0.0
40,5947,"(10, 10)->(10, 10):3",True,0.04666666666666667,0.06,0 1 2 3 4 7 8 9,0 1 2 4 7 8 9,0,0.0
332,5899,"(3, 10)->(3, 10):1;(3, 12)->(3, 12):1;(3, 13)->(3, 13):1;(3, 14)->(3, 14):1",True,0.16987179487179488,0.1794871794871795,0 5,0 3 5,0,0.0
190,5851,"(10, 10)->(10, 10):3",True,0.04666666666666667,0.05,0 3 4 7,0 3 4 7,0,0.0
333,5787,"(10, 10)->(10, 10):3",True,0.06666666666666667,0.09,0 1 3 6 7 8,0 1 3 6 7 8,0,0.0
42,5783,"(10, 10)->(10, 10):3",True,0.04,0.06,0 3,0 3 8,0,0.0
168,5659,"(10, 10)->(10, 10):2",True,0.07,0.08,0 7 9,0 7 9,0,0.0
342,5627,"(10, 10)->(10, 10):3",True,0.08,0.08,0 1 2 3 4 5 6 7 8 9,0 1 2 3 4 5 6 7 9,0,0.0
314,5595,"(8, 8)->(8, 8):3",True,0.036458333333333336,0.046875,0 1 2 3 4 7,0 1 2 3 4 7,0,0.0
35,5339,"(10, 10)->(10, 10):3",True,0.04666666666666667,0.06,0 1 2 3 4 6 7 8 9,0 1 2 3 4 6 7 8 9,0,0.0
228,5179,"(10, 10)->(10, 10):3",True,0.08,0.08,0 1 2 3 4 5 6 7 8 9,0 1 2 3 4 5 6 7 8 9,0,0.0
353,5014,"(10, 10)->(10, 10):1;(11, 11)->(11, 11):1;(3, 3)->(3, 3):2;(5, 3)->(5, 3):1;(5, 5)->(5, 5):1;(7, 7)->(7, 7):1",True,0.10501757570403211,0.2222222222222222,0 3 4,0 3 4,0,0.0
371,4923,"(10, 10)->(10, 10):2",True,0.05,0.05,0 1,0 1 3,0,0.0
206,4795,"(10, 8)->(10, 8):1;(8, 7)->(8, 7):1;(9, 9)->(9, 9):1",True,0.08957231040564373,0.10714285714285714,0 1 2 3 5 6,0 1 2 3 6,0,0.0
378,4556,"(12, 12)->(12, 12):1;(6, 6)->(6, 6):1;(8, 8)->(8, 8):1;(9, 9)->(9, 9):1",True,0.043547453703703706,0.05555555555555555,0 2 3 4 5 6 8 9,0 2 3 4 5 6 8 9,0,0.0
293,4323,"(13, 13)->(13, 13):1;(7, 9)->(7, 9):1;(8, 6)->(8, 6):1;(8, 7)->(8, 7):1",True,0.0264848666290974,0.03550295857988166,0 1 2 3 6 7 8,0 1 2 3 6 7 8,0,0.0
126,4027,"(5, 5)->(5, 5):1;(5, 7)->(5, 7):1;(8, 8)->(8, 8):1",True,0.04279761904761905,0.05714285714285714,0 3 6 8,0 3 4 6 8,0,0.0
20,3931,"(10, 10)->(10, 10):3",True,0.03,0.03,0 1 2 3 4 8,0 1 2 3 4 8,0,0.0
143,3803,"(10, 10)->(10, 10):3",True,0.04,0.05,0 1 3 4 5 6 7 8 9,0 1 3 4 5 6 7 8,0,0.0
248,2938,"(10, 2)->(10, 2):1;(10, 3)->(10, 3):1;(10, 4)->(10, 4):1",True,0.325,0.45,0 1,0 1,0,0.0
262,2582,"(3, 3)->(3, 3):4",True,1.0,1.0,0 5,2 3 4,0,0.0
