active_score_cc,active_score_ok,active_score_rr,col_window_count,idx,pair_cc,pair_ok,pair_rr,pair_score,rightmost_score_cc,rightmost_score_ok,rightmost_score_rr,row_window_count,score_active_cc,score_active_ok,score_active_rr,score_cc,score_ok,score_rr,shape
"5,8,11,14",True,"5,8,11,14",6,0,"5,8,11,14",True,"5,8,11,14",12,"5,8,11,14",True,"5,8,11,14",6,"5,8,11,14",True,"5,8,11,14","5,8,11,14",True,"5,8,11,14",29x29
"3,7,11,15",True,"7,11,15,19",3,1,"3,7,11,15",True,"7,11,15,19",11,"3,7,11,15",True,"7,11,15,19",3,"3,7,11,15",True,"7,11,15,19","3,7,11,15",True,"7,11,15,19",27x27
"14,17,20,23",True,"11,14,17,20",6,2,"14,17,20,23",True,"11,14,17,20",14,"14,17,20,23",True,"11,14,17,20",6,"14,17,20,23",True,"11,14,17,20","14,17,20,23",True,"11,14,17,20",29x29
"7,11,15,19",True,"7,11,15,19",3,3,"7,11,15,19",True,"7,11,15,19",16,"7,11,15,19",True,"7,11,15,19",3,"7,11,15,19",True,"7,11,15,19","7,11,15,19",True,"7,11,15,19",27x27
"4,9,14,19",True,"4,9,14,19",2,4,"4,9,14,19",True,"4,9,14,19",16,"4,9,14,19",True,"4,9,14,19",2,"4,9,14,19",True,"4,9,14,19","4,9,14,19",True,"4,9,14,19",29x29
"9,14,19,24",True,"4,9,14,19",2,5,"9,14,19,24",True,"4,9,14,19",16,"9,14,19,24",True,"4,9,14,19",2,"9,14,19,24",True,"4,9,14,19","9,14,19,24",True,"4,9,14,19",29x29
"14,17,20,23",True,"8,11,14,17",6,6,"14,17,20,23",True,"8,11,14,17",12,"14,17,20,23",True,"8,11,14,17",6,"14,17,20,23",True,"8,11,14,17","14,17,20,23",True,"8,11,14,17",29x29
"2,5,8,11",True,"11,14,17,20",6,7,"2,5,8,11",True,"11,14,17,20",15,"2,5,8,11",True,"11,14,17,20",6,"2,5,8,11",True,"11,14,17,20","2,5,8,11",True,"11,14,17,20",29x29
"11,15,19,23",True,"3,7,11,15",3,8,"11,15,19,23",True,"3,7,11,15",12,"11,15,19,23",True,"3,7,11,15",3,"11,15,19,23",True,"3,7,11,15","11,15,19,23",True,"3,7,11,15",27x27
"9,14,19,24",True,"9,14,19,24",2,9,"9,14,19,24",True,"9,14,19,24",16,"9,14,19,24",True,"9,14,19,24",2,"9,14,19,24",True,"9,14,19,24","9,14,19,24",True,"9,14,19,24",29x29
"7,11,15,19",True,"7,11,15,19",3,10,"7,11,15,19",True,"7,11,15,19",16,"7,11,15,19",True,"7,11,15,19",3,"7,11,15,19",True,"7,11,15,19","7,11,15,19",True,"7,11,15,19",27x27
"9,14,19,24",True,"4,9,14,19",2,11,"9,14,19,24",True,"4,9,14,19",11,"9,14,19,24",True,"4,9,14,19",2,"9,14,19,24",True,"4,9,14,19","9,14,19,24",True,"4,9,14,19",29x29
"17,20,23,26",True,"14,17,20,23",6,12,"17,20,23,26",True,"14,17,20,23",12,"17,20,23,26",True,"14,17,20,23",6,"17,20,23,26",True,"14,17,20,23","17,20,23,26",True,"14,17,20,23",29x29
"3,7,11,15",True,"3,7,11,15",3,13,"3,7,11,15",True,"3,7,11,15",13,"3,7,11,15",True,"3,7,11,15",3,"3,7,11,15",True,"3,7,11,15","3,7,11,15",True,"3,7,11,15",27x27
"8,11,14,17",True,"8,11,14,17",6,14,"8,11,14,17",True,"8,11,14,17",14,"8,11,14,17",True,"8,11,14,17",6,"8,11,14,17",True,"8,11,14,17","8,11,14,17",True,"8,11,14,17",29x29
"3,7,11,15",True,"3,7,11,15",3,15,"3,7,11,15",True,"3,7,11,15",14,"3,7,11,15",True,"3,7,11,15",3,"3,7,11,15",True,"3,7,11,15","3,7,11,15",True,"3,7,11,15",27x27
"14,17,20,23",True,"14,17,20,23",6,16,"14,17,20,23",True,"14,17,20,23",12,"14,17,20,23",True,"14,17,20,23",6,"14,17,20,23",True,"14,17,20,23","14,17,20,23",True,"14,17,20,23",29x29
"3,7,11,15",True,"11,15,19,23",3,17,"3,7,11,15",True,"11,15,19,23",16,"3,7,11,15",True,"11,15,19,23",3,"3,7,11,15",True,"11,15,19,23","3,7,11,15",True,"11,15,19,23",27x27
"2,5,8,11",True,"11,14,17,20",6,18,"2,5,8,11",True,"11,14,17,20",12,"2,5,8,11",True,"11,14,17,20",6,"2,5,8,11",True,"11,14,17,20","2,5,8,11",True,"11,14,17,20",29x29
"4,9,14,19",True,"9,14,19,24",2,19,"4,9,14,19",True,"9,14,19,24",10,"4,9,14,19",True,"9,14,19,24",2,"4,9,14,19",True,"9,14,19,24","4,9,14,19",True,"9,14,19,24",29x29
"7,11,15,19",True,"11,15,19,23",3,20,"7,11,15,19",True,"11,15,19,23",13,"7,11,15,19",True,"11,15,19,23",3,"7,11,15,19",True,"11,15,19,23","7,11,15,19",True,"11,15,19,23",27x27
"17,20,23,26",True,"11,14,17,20",6,21,"17,20,23,26",True,"11,14,17,20",12,"17,20,23,26",True,"11,14,17,20",6,"17,20,23,26",True,"11,14,17,20","17,20,23,26",True,"11,14,17,20",29x29
"3,7,11,15",True,"11,15,19,23",3,22,"3,7,11,15",True,"11,15,19,23",10,"3,7,11,15",True,"11,15,19,23",3,"3,7,11,15",True,"11,15,19,23","3,7,11,15",True,"11,15,19,23",27x27
"3,7,11,15",True,"11,15,19,23",3,23,"3,7,11,15",True,"11,15,19,23",14,"3,7,11,15",True,"11,15,19,23",3,"3,7,11,15",True,"11,15,19,23","3,7,11,15",True,"11,15,19,23",27x27
"8,11,14,17",True,"17,20,23,26",6,24,"8,11,14,17",True,"17,20,23,26",14,"8,11,14,17",True,"17,20,23,26",6,"8,11,14,17",True,"17,20,23,26","8,11,14,17",True,"17,20,23,26",29x29
"2,5,8,11",True,"11,14,17,20",6,25,"2,5,8,11",True,"11,14,17,20",16,"2,5,8,11",True,"11,14,17,20",6,"2,5,8,11",True,"11,14,17,20","2,5,8,11",True,"11,14,17,20",29x29
"9,14,19,24",True,"9,14,19,24",2,26,"9,14,19,24",True,"9,14,19,24",16,"9,14,19,24",True,"9,14,19,24",2,"9,14,19,24",True,"9,14,19,24","9,14,19,24",True,"9,14,19,24",29x29
"9,14,19,24",True,"4,9,14,19",2,27,"9,14,19,24",True,"4,9,14,19",12,"9,14,19,24",True,"4,9,14,19",2,"9,14,19,24",True,"4,9,14,19","9,14,19,24",True,"4,9,14,19",29x29
"11,15,19,23",True,"7,11,15,19",3,28,"11,15,19,23",True,"7,11,15,19",13,"11,15,19,23",True,"7,11,15,19",3,"11,15,19,23",True,"7,11,15,19","11,15,19,23",True,"7,11,15,19",27x27
"4,9,14,19",True,"9,14,19,24",2,29,"4,9,14,19",True,"9,14,19,24",14,"4,9,14,19",True,"9,14,19,24",2,"4,9,14,19",True,"9,14,19,24","4,9,14,19",True,"9,14,19,24",29x29
"4,9,14,19",True,"9,14,19,24",2,30,"4,9,14,19",True,"9,14,19,24",13,"4,9,14,19",True,"9,14,19,24",2,"4,9,14,19",True,"9,14,19,24","4,9,14,19",True,"9,14,19,24",29x29
"14,17,20,23",True,"11,14,17,20",6,31,"14,17,20,23",True,"11,14,17,20",12,"14,17,20,23",True,"11,14,17,20",6,"14,17,20,23",True,"11,14,17,20","14,17,20,23",True,"11,14,17,20",29x29
"9,14,19,24",True,"9,14,19,24",2,32,"9,14,19,24",True,"9,14,19,24",16,"9,14,19,24",True,"9,14,19,24",2,"9,14,19,24",True,"9,14,19,24","9,14,19,24",True,"9,14,19,24",29x29
"7,11,15,19",True,"11,15,19,23",3,33,"7,11,15,19",True,"11,15,19,23",12,"7,11,15,19",True,"11,15,19,23",3,"7,11,15,19",True,"11,15,19,23","7,11,15,19",True,"11,15,19,23",27x27
"2,5,8,11",True,"14,17,20,23",6,34,"2,5,8,11",True,"14,17,20,23",12,"2,5,8,11",True,"14,17,20,23",6,"2,5,8,11",True,"14,17,20,23","2,5,8,11",True,"14,17,20,23",29x29
"5,8,11,14",True,"8,11,14,17",6,35,"5,8,11,14",True,"8,11,14,17",12,"5,8,11,14",True,"8,11,14,17",6,"5,8,11,14",True,"8,11,14,17","5,8,11,14",True,"8,11,14,17",29x29
"9,14,19,24",True,"9,14,19,24",2,36,"9,14,19,24",True,"9,14,19,24",12,"9,14,19,24",True,"9,14,19,24",2,"9,14,19,24",True,"9,14,19,24","9,14,19,24",True,"9,14,19,24",29x29
"9,14,19,24",True,"9,14,19,24",2,37,"9,14,19,24",True,"9,14,19,24",12,"9,14,19,24",True,"9,14,19,24",2,"9,14,19,24",True,"9,14,19,24","9,14,19,24",True,"9,14,19,24",29x29
"2,5,8,11",True,"2,5,8,11",6,38,"2,5,8,11",True,"2,5,8,11",16,"2,5,8,11",True,"2,5,8,11",6,"2,5,8,11",True,"2,5,8,11","2,5,8,11",True,"2,5,8,11",29x29
"7,11,15,19",True,"3,7,11,15",3,39,"7,11,15,19",True,"3,7,11,15",15,"7,11,15,19",True,"3,7,11,15",3,"7,11,15,19",True,"3,7,11,15","7,11,15,19",True,"3,7,11,15",27x27
"9,14,19,24",True,"9,14,19,24",2,40,"9,14,19,24",True,"9,14,19,24",12,"9,14,19,24",True,"9,14,19,24",2,"9,14,19,24",True,"9,14,19,24","9,14,19,24",True,"9,14,19,24",29x29
"7,11,15,19",True,"11,15,19,23",3,41,"7,11,15,19",True,"11,15,19,23",12,"7,11,15,19",True,"11,15,19,23",3,"7,11,15,19",True,"11,15,19,23","7,11,15,19",True,"11,15,19,23",27x27
"7,11,15,19",True,"11,15,19,23",3,42,"7,11,15,19",True,"11,15,19,23",12,"7,11,15,19",True,"11,15,19,23",3,"7,11,15,19",True,"11,15,19,23","7,11,15,19",True,"11,15,19,23",27x27
"14,17,20,23",True,"5,8,11,14",6,43,"14,17,20,23",True,"5,8,11,14",14,"14,17,20,23",True,"5,8,11,14",6,"14,17,20,23",True,"5,8,11,14","14,17,20,23",True,"5,8,11,14",29x29
"4,9,14,19",True,"9,14,19,24",2,44,"4,9,14,19",True,"9,14,19,24",12,"4,9,14,19",True,"9,14,19,24",2,"4,9,14,19",True,"9,14,19,24","4,9,14,19",True,"9,14,19,24",29x29
"4,9,14,19",True,"9,14,19,24",2,45,"4,9,14,19",True,"9,14,19,24",11,"4,9,14,19",True,"9,14,19,24",2,"4,9,14,19",True,"9,14,19,24","4,9,14,19",True,"9,14,19,24",29x29
"9,14,19,24",True,"4,9,14,19",2,46,"9,14,19,24",True,"4,9,14,19",10,"9,14,19,24",True,"4,9,14,19",2,"9,14,19,24",True,"4,9,14,19","9,14,19,24",True,"4,9,14,19",29x29
"5,8,11,14",True,"14,17,20,23",6,47,"5,8,11,14",True,"14,17,20,23",8,"5,8,11,14",True,"14,17,20,23",6,"5,8,11,14",True,"14,17,20,23","5,8,11,14",True,"14,17,20,23",29x29
"9,14,19,24",True,"4,9,14,19",2,48,"9,14,19,24",True,"4,9,14,19",16,"9,14,19,24",True,"4,9,14,19",2,"9,14,19,24",True,"4,9,14,19","9,14,19,24",True,"4,9,14,19",29x29
"7,11,15,19",True,"11,15,19,23",3,49,"7,11,15,19",True,"11,15,19,23",12,"7,11,15,19",True,"11,15,19,23",3,"7,11,15,19",True,"11,15,19,23","7,11,15,19",True,"11,15,19,23",27x27
"3,7,11,15",True,"3,7,11,15",3,50,"3,7,11,15",True,"3,7,11,15",12,"3,7,11,15",True,"3,7,11,15",3,"3,7,11,15",True,"3,7,11,15","3,7,11,15",True,"3,7,11,15",27x27
"14,17,20,23",True,"5,8,11,14",6,51,"14,17,20,23",True,"5,8,11,14",14,"14,17,20,23",True,"5,8,11,14",6,"14,17,20,23",True,"5,8,11,14","14,17,20,23",True,"5,8,11,14",29x29
"7,11,15,19",True,"3,7,11,15",3,52,"7,11,15,19",True,"3,7,11,15",14,"7,11,15,19",True,"3,7,11,15",3,"7,11,15,19",True,"3,7,11,15","7,11,15,19",True,"3,7,11,15",27x27
"14,17,20,23",True,"14,17,20,23",6,53,"14,17,20,23",True,"14,17,20,23",12,"14,17,20,23",True,"14,17,20,23",6,"14,17,20,23",True,"14,17,20,23","14,17,20,23",True,"14,17,20,23",29x29
"4,9,14,19",True,"9,14,19,24",2,54,"4,9,14,19",True,"9,14,19,24",13,"4,9,14,19",True,"9,14,19,24",2,"4,9,14,19",True,"9,14,19,24","4,9,14,19",True,"9,14,19,24",29x29
"9,14,19,24",True,"9,14,19,24",2,55,"9,14,19,24",True,"9,14,19,24",14,"9,14,19,24",True,"9,14,19,24",2,"9,14,19,24",True,"9,14,19,24","9,14,19,24",True,"9,14,19,24",29x29
"2,5,8,11",True,"14,17,20,23",6,56,"2,5,8,11",True,"14,17,20,23",11,"2,5,8,11",True,"14,17,20,23",6,"2,5,8,11",True,"14,17,20,23","2,5,8,11",True,"14,17,20,23",29x29
"3,7,11,15",True,"7,11,15,19",3,57,"3,7,11,15",True,"7,11,15,19",14,"3,7,11,15",True,"7,11,15,19",3,"3,7,11,15",True,"7,11,15,19","3,7,11,15",True,"7,11,15,19",27x27
"2,5,8,11",True,"5,8,11,14",6,58,"2,5,8,11",True,"5,8,11,14",13,"2,5,8,11",True,"5,8,11,14",6,"2,5,8,11",True,"5,8,11,14","2,5,8,11",True,"5,8,11,14",29x29
"3,7,11,15",True,"3,7,11,15",3,59,"3,7,11,15",True,"3,7,11,15",10,"3,7,11,15",True,"3,7,11,15",3,"3,7,11,15",True,"3,7,11,15","3,7,11,15",True,"3,7,11,15",27x27
"11,14,17,20",True,"11,14,17,20",6,60,"11,14,17,20",True,"11,14,17,20",12,"11,14,17,20",True,"11,14,17,20",6,"11,14,17,20",True,"11,14,17,20","11,14,17,20",True,"11,14,17,20",29x29
"11,15,19,23",True,"3,7,11,15",3,61,"11,15,19,23",True,"3,7,11,15",10,"11,15,19,23",True,"3,7,11,15",3,"11,15,19,23",True,"3,7,11,15","11,15,19,23",True,"3,7,11,15",27x27
"4,9,14,19",True,"4,9,14,19",2,62,"4,9,14,19",True,"4,9,14,19",16,"4,9,14,19",True,"4,9,14,19",2,"4,9,14,19",True,"4,9,14,19","4,9,14,19",True,"4,9,14,19",29x29
"14,17,20,23",True,"17,20,23,26",6,63,"14,17,20,23",True,"17,20,23,26",12,"14,17,20,23",True,"17,20,23,26",6,"14,17,20,23",True,"17,20,23,26","14,17,20,23",True,"17,20,23,26",29x29
"11,15,19,23",True,"7,11,15,19",3,64,"11,15,19,23",True,"7,11,15,19",14,"11,15,19,23",True,"7,11,15,19",3,"11,15,19,23",True,"7,11,15,19","11,15,19,23",True,"7,11,15,19",27x27
"17,20,23,26",True,"5,8,11,14",6,65,"17,20,23,26",True,"5,8,11,14",16,"17,20,23,26",True,"5,8,11,14",6,"17,20,23,26",True,"5,8,11,14","17,20,23,26",True,"5,8,11,14",29x29
"4,9,14,19",True,"9,14,19,24",2,66,"4,9,14,19",True,"9,14,19,24",14,"4,9,14,19",True,"9,14,19,24",2,"4,9,14,19",True,"9,14,19,24","4,9,14,19",True,"9,14,19,24",29x29
"5,8,11,14",True,"5,8,11,14",6,67,"5,8,11,14",True,"5,8,11,14",12,"5,8,11,14",True,"5,8,11,14",6,"5,8,11,14",True,"5,8,11,14","5,8,11,14",True,"5,8,11,14",29x29
"4,9,14,19",True,"9,14,19,24",2,68,"4,9,14,19",True,"9,14,19,24",10,"4,9,14,19",True,"9,14,19,24",2,"4,9,14,19",True,"9,14,19,24","4,9,14,19",True,"9,14,19,24",29x29
"11,15,19,23",True,"3,7,11,15",3,69,"11,15,19,23",True,"3,7,11,15",12,"11,15,19,23",True,"3,7,11,15",3,"11,15,19,23",True,"3,7,11,15","11,15,19,23",True,"3,7,11,15",27x27
"8,11,14,17",True,"14,17,20,23",6,70,"8,11,14,17",True,"14,17,20,23",16,"8,11,14,17",True,"14,17,20,23",6,"8,11,14,17",True,"14,17,20,23","8,11,14,17",True,"14,17,20,23",29x29
"3,7,11,15",True,"7,11,15,19",3,71,"3,7,11,15",True,"7,11,15,19",12,"3,7,11,15",True,"7,11,15,19",3,"3,7,11,15",True,"7,11,15,19","3,7,11,15",True,"7,11,15,19",27x27
"9,14,19,24",True,"9,14,19,24",2,72,"9,14,19,24",True,"9,14,19,24",14,"9,14,19,24",True,"9,14,19,24",2,"9,14,19,24",True,"9,14,19,24","9,14,19,24",True,"9,14,19,24",29x29
"7,11,15,19",True,"11,15,19,23",3,73,"7,11,15,19",True,"11,15,19,23",14,"7,11,15,19",True,"11,15,19,23",3,"7,11,15,19",True,"11,15,19,23","7,11,15,19",True,"11,15,19,23",27x27
"2,5,8,11",True,"8,11,14,17",6,74,"2,5,8,11",True,"8,11,14,17",14,"2,5,8,11",True,"8,11,14,17",6,"2,5,8,11",True,"8,11,14,17","2,5,8,11",True,"8,11,14,17",29x29
"9,14,19,24",True,"9,14,19,24",2,75,"9,14,19,24",True,"9,14,19,24",16,"9,14,19,24",True,"9,14,19,24",2,"9,14,19,24",True,"9,14,19,24","9,14,19,24",True,"9,14,19,24",29x29
"17,20,23,26",True,"2,5,8,11",6,76,"17,20,23,26",True,"2,5,8,11",14,"17,20,23,26",True,"2,5,8,11",6,"17,20,23,26",True,"2,5,8,11","17,20,23,26",True,"2,5,8,11",29x29
"11,14,17,20",True,"14,17,20,23",6,77,"11,14,17,20",True,"14,17,20,23",12,"11,14,17,20",True,"14,17,20,23",6,"11,14,17,20",True,"14,17,20,23","11,14,17,20",True,"14,17,20,23",29x29
"14,17,20,23",True,"17,20,23,26",6,78,"14,17,20,23",True,"17,20,23,26",16,"14,17,20,23",True,"17,20,23,26",6,"14,17,20,23",True,"17,20,23,26","14,17,20,23",True,"17,20,23,26",29x29
"3,7,11,15",True,"11,15,19,23",3,79,"3,7,11,15",True,"11,15,19,23",12,"3,7,11,15",True,"11,15,19,23",3,"3,7,11,15",True,"11,15,19,23","3,7,11,15",True,"11,15,19,23",27x27
"3,7,11,15",True,"7,11,15,19",3,80,"3,7,11,15",True,"7,11,15,19",14,"3,7,11,15",True,"7,11,15,19",3,"3,7,11,15",True,"7,11,15,19","3,7,11,15",True,"7,11,15,19",27x27
"4,9,14,19",True,"9,14,19,24",2,81,"4,9,14,19",True,"9,14,19,24",15,"4,9,14,19",True,"9,14,19,24",2,"4,9,14,19",True,"9,14,19,24","4,9,14,19",True,"9,14,19,24",29x29
"11,15,19,23",True,"11,15,19,23",3,82,"11,15,19,23",True,"11,15,19,23",14,"11,15,19,23",True,"11,15,19,23",3,"11,15,19,23",True,"11,15,19,23","11,15,19,23",True,"11,15,19,23",27x27
"8,11,14,17",True,"14,17,20,23",6,83,"8,11,14,17",True,"14,17,20,23",14,"8,11,14,17",True,"14,17,20,23",6,"8,11,14,17",True,"14,17,20,23","8,11,14,17",True,"14,17,20,23",29x29
"5,8,11,14",True,"14,17,20,23",6,84,"5,8,11,14",True,"14,17,20,23",12,"5,8,11,14",True,"14,17,20,23",6,"5,8,11,14",True,"14,17,20,23","5,8,11,14",True,"14,17,20,23",29x29
"11,14,17,20",True,"14,17,20,23",6,85,"11,14,17,20",True,"14,17,20,23",12,"11,14,17,20",True,"14,17,20,23",6,"11,14,17,20",True,"14,17,20,23","11,14,17,20",True,"14,17,20,23",29x29
"11,15,19,23",True,"11,15,19,23",3,86,"11,15,19,23",True,"11,15,19,23",13,"11,15,19,23",True,"11,15,19,23",3,"11,15,19,23",True,"11,15,19,23","11,15,19,23",True,"11,15,19,23",27x27
"5,8,11,14",True,"17,20,23,26",6,87,"5,8,11,14",True,"17,20,23,26",13,"5,8,11,14",True,"17,20,23,26",6,"5,8,11,14",True,"17,20,23,26","5,8,11,14",True,"17,20,23,26",29x29
"7,11,15,19",True,"3,7,11,15",3,88,"7,11,15,19",True,"3,7,11,15",10,"7,11,15,19",True,"3,7,11,15",3,"7,11,15,19",True,"3,7,11,15","7,11,15,19",True,"3,7,11,15",27x27
"7,11,15,19",True,"11,15,19,23",3,89,"7,11,15,19",True,"11,15,19,23",14,"7,11,15,19",True,"11,15,19,23",3,"7,11,15,19",True,"11,15,19,23","7,11,15,19",True,"11,15,19,23",27x27
"11,14,17,20",True,"5,8,11,14",6,90,"11,14,17,20",True,"5,8,11,14",12,"11,14,17,20",True,"5,8,11,14",6,"11,14,17,20",True,"5,8,11,14","11,14,17,20",True,"5,8,11,14",29x29
"7,11,15,19",True,"7,11,15,19",3,91,"7,11,15,19",True,"7,11,15,19",12,"7,11,15,19",True,"7,11,15,19",3,"7,11,15,19",True,"7,11,15,19","7,11,15,19",True,"7,11,15,19",27x27
"8,11,14,17",True,"11,14,17,20",6,92,"8,11,14,17",True,"11,14,17,20",15,"8,11,14,17",True,"11,14,17,20",6,"8,11,14,17",True,"11,14,17,20","8,11,14,17",True,"11,14,17,20",29x29
"8,11,14,17",True,"8,11,14,17",6,93,"8,11,14,17",True,"8,11,14,17",12,"8,11,14,17",True,"8,11,14,17",6,"8,11,14,17",True,"8,11,14,17","8,11,14,17",True,"8,11,14,17",29x29
"17,20,23,26",True,"5,8,11,14",6,94,"17,20,23,26",True,"5,8,11,14",12,"17,20,23,26",True,"5,8,11,14",6,"17,20,23,26",True,"5,8,11,14","17,20,23,26",True,"5,8,11,14",29x29
"7,11,15,19",True,"11,15,19,23",3,95,"7,11,15,19",True,"11,15,19,23",10,"7,11,15,19",True,"11,15,19,23",3,"7,11,15,19",True,"11,15,19,23","7,11,15,19",True,"11,15,19,23",27x27
"4,9,14,19",True,"4,9,14,19",2,96,"4,9,14,19",True,"4,9,14,19",10,"4,9,14,19",True,"4,9,14,19",2,"4,9,14,19",True,"4,9,14,19","4,9,14,19",True,"4,9,14,19",29x29
"11,14,17,20",True,"11,14,17,20",6,97,"11,14,17,20",True,"11,14,17,20",14,"11,14,17,20",True,"11,14,17,20",6,"11,14,17,20",True,"11,14,17,20","11,14,17,20",True,"11,14,17,20",29x29
"11,15,19,23",True,"7,11,15,19",3,98,"11,15,19,23",True,"7,11,15,19",16,"11,15,19,23",True,"7,11,15,19",3,"11,15,19,23",True,"7,11,15,19","11,15,19,23",True,"7,11,15,19",27x27
"14,17,20,23",True,"8,11,14,17",6,99,"14,17,20,23",True,"8,11,14,17",11,"14,17,20,23",True,"8,11,14,17",6,"14,17,20,23",True,"8,11,14,17","14,17,20,23",True,"8,11,14,17",29x29
"4,9,14,19",True,"9,14,19,24",2,100,"4,9,14,19",True,"9,14,19,24",14,"4,9,14,19",True,"9,14,19,24",2,"4,9,14,19",True,"9,14,19,24","4,9,14,19",True,"9,14,19,24",29x29
"8,11,14,17",True,"2,5,8,11",6,101,"8,11,14,17",True,"2,5,8,11",16,"8,11,14,17",True,"2,5,8,11",6,"8,11,14,17",True,"2,5,8,11","8,11,14,17",True,"2,5,8,11",29x29
"3,7,11,15",True,"7,11,15,19",3,102,"3,7,11,15",True,"7,11,15,19",14,"3,7,11,15",True,"7,11,15,19",3,"3,7,11,15",True,"7,11,15,19","3,7,11,15",True,"7,11,15,19",27x27
"4,9,14,19",True,"9,14,19,24",2,103,"4,9,14,19",True,"9,14,19,24",14,"4,9,14,19",True,"9,14,19,24",2,"4,9,14,19",True,"9,14,19,24","4,9,14,19",True,"9,14,19,24",29x29
"5,8,11,14",True,"2,5,8,11",6,104,"5,8,11,14",True,"2,5,8,11",12,"5,8,11,14",True,"2,5,8,11",6,"5,8,11,14",True,"2,5,8,11","5,8,11,14",True,"2,5,8,11",29x29
"11,15,19,23",True,"11,15,19,23",3,105,"11,15,19,23",True,"11,15,19,23",14,"11,15,19,23",True,"11,15,19,23",3,"11,15,19,23",True,"11,15,19,23","11,15,19,23",True,"11,15,19,23",27x27
"14,17,20,23",True,"2,5,8,11",6,106,"14,17,20,23",True,"2,5,8,11",12,"14,17,20,23",True,"2,5,8,11",6,"14,17,20,23",True,"2,5,8,11","14,17,20,23",True,"2,5,8,11",29x29
"14,17,20,23",True,"14,17,20,23",6,107,"14,17,20,23",True,"14,17,20,23",14,"14,17,20,23",True,"14,17,20,23",6,"14,17,20,23",True,"14,17,20,23","14,17,20,23",True,"14,17,20,23",29x29
"11,14,17,20",True,"5,8,11,14",6,108,"11,14,17,20",True,"5,8,11,14",14,"11,14,17,20",True,"5,8,11,14",6,"11,14,17,20",True,"5,8,11,14","11,14,17,20",True,"5,8,11,14",29x29
"8,11,14,17",True,"11,14,17,20",6,109,"8,11,14,17",True,"11,14,17,20",12,"8,11,14,17",True,"11,14,17,20",6,"8,11,14,17",True,"11,14,17,20","8,11,14,17",True,"11,14,17,20",29x29
"2,5,8,11",True,"8,11,14,17",6,110,"2,5,8,11",True,"8,11,14,17",10,"2,5,8,11",True,"8,11,14,17",6,"2,5,8,11",True,"8,11,14,17","2,5,8,11",True,"8,11,14,17",29x29
"9,14,19,24",True,"9,14,19,24",2,111,"9,14,19,24",True,"9,14,19,24",12,"9,14,19,24",True,"9,14,19,24",2,"9,14,19,24",True,"9,14,19,24","9,14,19,24",True,"9,14,19,24",29x29
"3,7,11,15",True,"3,7,11,15",3,112,"3,7,11,15",True,"3,7,11,15",16,"3,7,11,15",True,"3,7,11,15",3,"3,7,11,15",True,"3,7,11,15","3,7,11,15",True,"3,7,11,15",27x27
"8,11,14,17",True,"8,11,14,17",6,113,"8,11,14,17",True,"8,11,14,17",16,"8,11,14,17",True,"8,11,14,17",6,"8,11,14,17",True,"8,11,14,17","8,11,14,17",True,"8,11,14,17",29x29
"11,15,19,23",True,"7,11,15,19",3,114,"11,15,19,23",True,"7,11,15,19",12,"11,15,19,23",True,"7,11,15,19",3,"11,15,19,23",True,"7,11,15,19","11,15,19,23",True,"7,11,15,19",27x27
"4,9,14,19",True,"4,9,14,19",2,115,"4,9,14,19",True,"4,9,14,19",14,"4,9,14,19",True,"4,9,14,19",2,"4,9,14,19",True,"4,9,14,19","4,9,14,19",True,"4,9,14,19",29x29
"14,17,20,23",True,"2,5,8,11",6,116,"14,17,20,23",True,"2,5,8,11",12,"14,17,20,23",True,"2,5,8,11",6,"14,17,20,23",True,"2,5,8,11","14,17,20,23",True,"2,5,8,11",29x29
"9,14,19,24",True,"9,14,19,24",2,117,"9,14,19,24",True,"9,14,19,24",16,"9,14,19,24",True,"9,14,19,24",2,"9,14,19,24",True,"9,14,19,24","9,14,19,24",True,"9,14,19,24",29x29
"9,14,19,24",True,"9,14,19,24",2,118,"9,14,19,24",True,"9,14,19,24",12,"9,14,19,24",True,"9,14,19,24",2,"9,14,19,24",True,"9,14,19,24","9,14,19,24",True,"9,14,19,24",29x29
"4,9,14,19",True,"4,9,14,19",2,119,"4,9,14,19",True,"4,9,14,19",12,"4,9,14,19",True,"4,9,14,19",2,"4,9,14,19",True,"4,9,14,19","4,9,14,19",True,"4,9,14,19",29x29
"9,14,19,24",True,"9,14,19,24",2,120,"9,14,19,24",True,"9,14,19,24",16,"9,14,19,24",True,"9,14,19,24",2,"9,14,19,24",True,"9,14,19,24","9,14,19,24",True,"9,14,19,24",29x29
"11,15,19,23",True,"11,15,19,23",3,121,"11,15,19,23",True,"11,15,19,23",10,"11,15,19,23",True,"11,15,19,23",3,"11,15,19,23",True,"11,15,19,23","11,15,19,23",True,"11,15,19,23",27x27
"4,9,14,19",True,"4,9,14,19",2,122,"4,9,14,19",True,"4,9,14,19",16,"4,9,14,19",True,"4,9,14,19",2,"4,9,14,19",True,"4,9,14,19","4,9,14,19",True,"4,9,14,19",29x29
"4,9,14,19",True,"4,9,14,19",2,123,"4,9,14,19",True,"4,9,14,19",13,"4,9,14,19",True,"4,9,14,19",2,"4,9,14,19",True,"4,9,14,19","4,9,14,19",True,"4,9,14,19",29x29
"3,7,11,15",True,"7,11,15,19",3,124,"3,7,11,15",True,"7,11,15,19",11,"3,7,11,15",True,"7,11,15,19",3,"3,7,11,15",True,"7,11,15,19","3,7,11,15",True,"7,11,15,19",27x27
"11,15,19,23",True,"11,15,19,23",3,125,"11,15,19,23",True,"11,15,19,23",12,"11,15,19,23",True,"11,15,19,23",3,"11,15,19,23",True,"11,15,19,23","11,15,19,23",True,"11,15,19,23",27x27
"11,14,17,20",True,"8,11,14,17",6,126,"11,14,17,20",True,"8,11,14,17",14,"11,14,17,20",True,"8,11,14,17",6,"11,14,17,20",True,"8,11,14,17","11,14,17,20",True,"8,11,14,17",29x29
"11,14,17,20",True,"8,11,14,17",6,127,"11,14,17,20",True,"8,11,14,17",16,"11,14,17,20",True,"8,11,14,17",6,"11,14,17,20",True,"8,11,14,17","11,14,17,20",True,"8,11,14,17",29x29
"3,7,11,15",True,"11,15,19,23",3,128,"3,7,11,15",True,"11,15,19,23",13,"3,7,11,15",True,"11,15,19,23",3,"3,7,11,15",True,"11,15,19,23","3,7,11,15",True,"11,15,19,23",27x27
"9,14,19,24",True,"4,9,14,19",2,129,"9,14,19,24",True,"4,9,14,19",10,"9,14,19,24",True,"4,9,14,19",2,"9,14,19,24",True,"4,9,14,19","9,14,19,24",True,"4,9,14,19",29x29
"7,11,15,19",True,"11,15,19,23",3,130,"7,11,15,19",True,"11,15,19,23",14,"7,11,15,19",True,"11,15,19,23",3,"7,11,15,19",True,"11,15,19,23","7,11,15,19",True,"11,15,19,23",27x27
"9,14,19,24",True,"9,14,19,24",2,131,"9,14,19,24",True,"9,14,19,24",16,"9,14,19,24",True,"9,14,19,24",2,"9,14,19,24",True,"9,14,19,24","9,14,19,24",True,"9,14,19,24",29x29
"7,11,15,19",True,"3,7,11,15",3,132,"7,11,15,19",True,"3,7,11,15",15,"7,11,15,19",True,"3,7,11,15",3,"7,11,15,19",True,"3,7,11,15","7,11,15,19",True,"3,7,11,15",27x27
"17,20,23,26",True,"2,5,8,11",6,133,"17,20,23,26",True,"2,5,8,11",11,"17,20,23,26",True,"2,5,8,11",6,"17,20,23,26",True,"2,5,8,11","17,20,23,26",True,"2,5,8,11",29x29
"9,14,19,24",True,"9,14,19,24",2,134,"9,14,19,24",True,"9,14,19,24",12,"9,14,19,24",True,"9,14,19,24",2,"9,14,19,24",True,"9,14,19,24","9,14,19,24",True,"9,14,19,24",29x29
"17,20,23,26",True,"5,8,11,14",6,135,"17,20,23,26",True,"5,8,11,14",14,"17,20,23,26",True,"5,8,11,14",6,"17,20,23,26",True,"5,8,11,14","17,20,23,26",True,"5,8,11,14",29x29
"4,9,14,19",True,"9,14,19,24",2,136,"4,9,14,19",True,"9,14,19,24",14,"4,9,14,19",True,"9,14,19,24",2,"4,9,14,19",True,"9,14,19,24","4,9,14,19",True,"9,14,19,24",29x29
"9,14,19,24",True,"9,14,19,24",2,137,"9,14,19,24",True,"9,14,19,24",13,"9,14,19,24",True,"9,14,19,24",2,"9,14,19,24",True,"9,14,19,24","9,14,19,24",True,"9,14,19,24",29x29
"9,14,19,24",True,"9,14,19,24",2,138,"9,14,19,24",True,"9,14,19,24",10,"9,14,19,24",True,"9,14,19,24",2,"9,14,19,24",True,"9,14,19,24","9,14,19,24",True,"9,14,19,24",29x29
"3,7,11,15",True,"11,15,19,23",3,139,"3,7,11,15",True,"11,15,19,23",10,"3,7,11,15",True,"11,15,19,23",3,"3,7,11,15",True,"11,15,19,23","3,7,11,15",True,"11,15,19,23",27x27
"7,11,15,19",True,"11,15,19,23",3,140,"7,11,15,19",True,"11,15,19,23",14,"7,11,15,19",True,"11,15,19,23",3,"7,11,15,19",True,"11,15,19,23","7,11,15,19",True,"11,15,19,23",27x27
"9,14,19,24",True,"4,9,14,19",2,141,"9,14,19,24",True,"4,9,14,19",12,"9,14,19,24",True,"4,9,14,19",2,"9,14,19,24",True,"4,9,14,19","9,14,19,24",True,"4,9,14,19",29x29
"9,14,19,24",True,"9,14,19,24",2,142,"9,14,19,24",True,"9,14,19,24",10,"9,14,19,24",True,"9,14,19,24",2,"9,14,19,24",True,"9,14,19,24","9,14,19,24",True,"9,14,19,24",29x29
"9,14,19,24",True,"9,14,19,24",2,143,"9,14,19,24",True,"9,14,19,24",16,"9,14,19,24",True,"9,14,19,24",2,"9,14,19,24",True,"9,14,19,24","9,14,19,24",True,"9,14,19,24",29x29
"11,15,19,23",True,"11,15,19,23",3,144,"11,15,19,23",True,"11,15,19,23",16,"11,15,19,23",True,"11,15,19,23",3,"11,15,19,23",True,"11,15,19,23","11,15,19,23",True,"11,15,19,23",27x27
"7,11,15,19",True,"11,15,19,23",3,145,"7,11,15,19",True,"11,15,19,23",14,"7,11,15,19",True,"11,15,19,23",3,"7,11,15,19",True,"11,15,19,23","7,11,15,19",True,"11,15,19,23",27x27
"2,5,8,11",True,"14,17,20,23",6,146,"2,5,8,11",True,"14,17,20,23",8,"2,5,8,11",True,"14,17,20,23",6,"2,5,8,11",True,"14,17,20,23","2,5,8,11",True,"14,17,20,23",29x29
"9,14,19,24",True,"4,9,14,19",2,147,"9,14,19,24",True,"4,9,14,19",14,"9,14,19,24",True,"4,9,14,19",2,"9,14,19,24",True,"4,9,14,19","9,14,19,24",True,"4,9,14,19",29x29
"2,5,8,11",True,"14,17,20,23",6,148,"2,5,8,11",True,"14,17,20,23",14,"2,5,8,11",True,"14,17,20,23",6,"2,5,8,11",True,"14,17,20,23","2,5,8,11",True,"14,17,20,23",29x29
"11,15,19,23",True,"11,15,19,23",3,149,"11,15,19,23",True,"11,15,19,23",8,"11,15,19,23",True,"11,15,19,23",3,"11,15,19,23",True,"11,15,19,23","11,15,19,23",True,"11,15,19,23",27x27
"3,7,11,15",True,"7,11,15,19",3,150,"3,7,11,15",True,"7,11,15,19",12,"3,7,11,15",True,"7,11,15,19",3,"3,7,11,15",True,"7,11,15,19","3,7,11,15",True,"7,11,15,19",27x27
"11,14,17,20",True,"14,17,20,23",6,151,"11,14,17,20",True,"14,17,20,23",16,"11,14,17,20",True,"14,17,20,23",6,"11,14,17,20",True,"14,17,20,23","11,14,17,20",True,"14,17,20,23",29x29
"9,14,19,24",True,"4,9,14,19",2,152,"9,14,19,24",True,"4,9,14,19",12,"9,14,19,24",True,"4,9,14,19",2,"9,14,19,24",True,"4,9,14,19","9,14,19,24",True,"4,9,14,19",29x29
"9,14,19,24",True,"4,9,14,19",2,153,"9,14,19,24",True,"4,9,14,19",14,"9,14,19,24",True,"4,9,14,19",2,"9,14,19,24",True,"4,9,14,19","9,14,19,24",True,"4,9,14,19",29x29
"5,8,11,14",True,"2,5,8,11",6,154,"5,8,11,14",True,"2,5,8,11",14,"5,8,11,14",True,"2,5,8,11",6,"5,8,11,14",True,"2,5,8,11","5,8,11,14",True,"2,5,8,11",29x29
"7,11,15,19",True,"3,7,11,15",3,155,"7,11,15,19",True,"3,7,11,15",14,"7,11,15,19",True,"3,7,11,15",3,"7,11,15,19",True,"3,7,11,15","7,11,15,19",True,"3,7,11,15",27x27
"2,5,8,11",True,"14,17,20,23",6,156,"2,5,8,11",True,"14,17,20,23",15,"2,5,8,11",True,"14,17,20,23",6,"2,5,8,11",True,"14,17,20,23","2,5,8,11",True,"14,17,20,23",29x29
"9,14,19,24",True,"4,9,14,19",2,157,"9,14,19,24",True,"4,9,14,19",12,"9,14,19,24",True,"4,9,14,19",2,"9,14,19,24",True,"4,9,14,19","9,14,19,24",True,"4,9,14,19",29x29
"9,14,19,24",True,"4,9,14,19",2,158,"9,14,19,24",True,"4,9,14,19",11,"9,14,19,24",True,"4,9,14,19",2,"9,14,19,24",True,"4,9,14,19","9,14,19,24",True,"4,9,14,19",29x29
"11,15,19,23",True,"7,11,15,19",3,159,"11,15,19,23",True,"7,11,15,19",12,"11,15,19,23",True,"7,11,15,19",3,"11,15,19,23",True,"7,11,15,19","11,15,19,23",True,"7,11,15,19",27x27
"14,17,20,23",True,"17,20,23,26",6,160,"14,17,20,23",True,"17,20,23,26",12,"14,17,20,23",True,"17,20,23,26",6,"14,17,20,23",True,"17,20,23,26","14,17,20,23",True,"17,20,23,26",29x29
"11,14,17,20",True,"14,17,20,23",6,161,"11,14,17,20",True,"14,17,20,23",16,"11,14,17,20",True,"14,17,20,23",6,"11,14,17,20",True,"14,17,20,23","11,14,17,20",True,"14,17,20,23",29x29
"11,15,19,23",True,"11,15,19,23",3,162,"11,15,19,23",True,"11,15,19,23",14,"11,15,19,23",True,"11,15,19,23",3,"11,15,19,23",True,"11,15,19,23","11,15,19,23",True,"11,15,19,23",27x27
"4,9,14,19",True,"9,14,19,24",2,163,"4,9,14,19",True,"9,14,19,24",12,"4,9,14,19",True,"9,14,19,24",2,"4,9,14,19",True,"9,14,19,24","4,9,14,19",True,"9,14,19,24",29x29
"2,5,8,11",True,"5,8,11,14",6,164,"2,5,8,11",True,"5,8,11,14",14,"2,5,8,11",True,"5,8,11,14",6,"2,5,8,11",True,"5,8,11,14","2,5,8,11",True,"5,8,11,14",29x29
"3,7,11,15",True,"11,15,19,23",3,165,"3,7,11,15",True,"11,15,19,23",11,"3,7,11,15",True,"11,15,19,23",3,"3,7,11,15",True,"11,15,19,23","3,7,11,15",True,"11,15,19,23",27x27
"17,20,23,26",True,"17,20,23,26",6,166,"17,20,23,26",True,"17,20,23,26",12,"17,20,23,26",True,"17,20,23,26",6,"17,20,23,26",True,"17,20,23,26","17,20,23,26",True,"17,20,23,26",29x29
"17,20,23,26",True,"8,11,14,17",6,167,"17,20,23,26",True,"8,11,14,17",11,"17,20,23,26",True,"8,11,14,17",6,"17,20,23,26",True,"8,11,14,17","17,20,23,26",True,"8,11,14,17",29x29
"11,15,19,23",True,"11,15,19,23",3,168,"11,15,19,23",True,"11,15,19,23",13,"11,15,19,23",True,"11,15,19,23",3,"11,15,19,23",True,"11,15,19,23","11,15,19,23",True,"11,15,19,23",27x27
"17,20,23,26",True,"11,14,17,20",6,169,"17,20,23,26",True,"11,14,17,20",14,"17,20,23,26",True,"11,14,17,20",6,"17,20,23,26",True,"11,14,17,20","17,20,23,26",True,"11,14,17,20",29x29
"4,9,14,19",True,"9,14,19,24",2,170,"4,9,14,19",True,"9,14,19,24",12,"4,9,14,19",True,"9,14,19,24",2,"4,9,14,19",True,"9,14,19,24","4,9,14,19",True,"9,14,19,24",29x29
"8,11,14,17",True,"14,17,20,23",6,171,"8,11,14,17",True,"14,17,20,23",11,"8,11,14,17",True,"14,17,20,23",6,"8,11,14,17",True,"14,17,20,23","8,11,14,17",True,"14,17,20,23",29x29
"3,7,11,15",True,"3,7,11,15",3,172,"3,7,11,15",True,"3,7,11,15",8,"3,7,11,15",True,"3,7,11,15",3,"3,7,11,15",True,"3,7,11,15","3,7,11,15",True,"3,7,11,15",27x27
"9,14,19,24",True,"4,9,14,19",2,173,"9,14,19,24",True,"4,9,14,19",14,"9,14,19,24",True,"4,9,14,19",2,"9,14,19,24",True,"4,9,14,19","9,14,19,24",True,"4,9,14,19",29x29
"7,11,15,19",True,"3,7,11,15",3,174,"7,11,15,19",True,"3,7,11,15",12,"7,11,15,19",True,"3,7,11,15",3,"7,11,15,19",True,"3,7,11,15","7,11,15,19",True,"3,7,11,15",27x27
"4,9,14,19",True,"4,9,14,19",2,175,"4,9,14,19",True,"4,9,14,19",14,"4,9,14,19",True,"4,9,14,19",2,"4,9,14,19",True,"4,9,14,19","4,9,14,19",True,"4,9,14,19",29x29
"8,11,14,17",True,"14,17,20,23",6,176,"8,11,14,17",True,"14,17,20,23",14,"8,11,14,17",True,"14,17,20,23",6,"8,11,14,17",True,"14,17,20,23","8,11,14,17",True,"14,17,20,23",29x29
"4,9,14,19",True,"4,9,14,19",2,177,"4,9,14,19",True,"4,9,14,19",14,"4,9,14,19",True,"4,9,14,19",2,"4,9,14,19",True,"4,9,14,19","4,9,14,19",True,"4,9,14,19",29x29
"4,9,14,19",True,"4,9,14,19",2,178,"4,9,14,19",True,"4,9,14,19",15,"4,9,14,19",True,"4,9,14,19",2,"4,9,14,19",True,"4,9,14,19","4,9,14,19",True,"4,9,14,19",29x29
"4,9,14,19",True,"4,9,14,19",2,179,"4,9,14,19",True,"4,9,14,19",15,"4,9,14,19",True,"4,9,14,19",2,"4,9,14,19",True,"4,9,14,19","4,9,14,19",True,"4,9,14,19",29x29
"7,11,15,19",True,"3,7,11,15",3,180,"7,11,15,19",True,"3,7,11,15",13,"7,11,15,19",True,"3,7,11,15",3,"7,11,15,19",True,"3,7,11,15","7,11,15,19",True,"3,7,11,15",27x27
"17,20,23,26",True,"11,14,17,20",6,181,"17,20,23,26",True,"11,14,17,20",13,"17,20,23,26",True,"11,14,17,20",6,"17,20,23,26",True,"11,14,17,20","17,20,23,26",True,"11,14,17,20",29x29
"14,17,20,23",True,"2,5,8,11",6,182,"14,17,20,23",True,"2,5,8,11",14,"14,17,20,23",True,"2,5,8,11",6,"14,17,20,23",True,"2,5,8,11","14,17,20,23",True,"2,5,8,11",29x29
"9,14,19,24",True,"9,14,19,24",2,183,"9,14,19,24",True,"9,14,19,24",14,"9,14,19,24",True,"9,14,19,24",2,"9,14,19,24",True,"9,14,19,24","9,14,19,24",True,"9,14,19,24",29x29
"8,11,14,17",True,"2,5,8,11",6,184,"8,11,14,17",True,"2,5,8,11",10,"8,11,14,17",True,"2,5,8,11",6,"8,11,14,17",True,"2,5,8,11","8,11,14,17",True,"2,5,8,11",29x29
"9,14,19,24",True,"4,9,14,19",2,185,"9,14,19,24",True,"4,9,14,19",14,"9,14,19,24",True,"4,9,14,19",2,"9,14,19,24",True,"4,9,14,19","9,14,19,24",True,"4,9,14,19",29x29
"7,11,15,19",True,"11,15,19,23",3,186,"7,11,15,19",True,"11,15,19,23",10,"7,11,15,19",True,"11,15,19,23",3,"7,11,15,19",True,"11,15,19,23","7,11,15,19",True,"11,15,19,23",27x27
"9,14,19,24",True,"9,14,19,24",2,187,"9,14,19,24",True,"9,14,19,24",12,"9,14,19,24",True,"9,14,19,24",2,"9,14,19,24",True,"9,14,19,24","9,14,19,24",True,"9,14,19,24",29x29
"2,5,8,11",True,"5,8,11,14",6,188,"2,5,8,11",True,"5,8,11,14",12,"2,5,8,11",True,"5,8,11,14",6,"2,5,8,11",True,"5,8,11,14","2,5,8,11",True,"5,8,11,14",29x29
"11,14,17,20",True,"17,20,23,26",6,189,"11,14,17,20",True,"17,20,23,26",14,"11,14,17,20",True,"17,20,23,26",6,"11,14,17,20",True,"17,20,23,26","11,14,17,20",True,"17,20,23,26",29x29
"9,14,19,24",True,"4,9,14,19",2,190,"9,14,19,24",True,"4,9,14,19",16,"9,14,19,24",True,"4,9,14,19",2,"9,14,19,24",True,"4,9,14,19","9,14,19,24",True,"4,9,14,19",29x29
"9,14,19,24",True,"4,9,14,19",2,191,"9,14,19,24",True,"4,9,14,19",14,"9,14,19,24",True,"4,9,14,19",2,"9,14,19,24",True,"4,9,14,19","9,14,19,24",True,"4,9,14,19",29x29
"4,9,14,19",True,"4,9,14,19",2,192,"4,9,14,19",True,"4,9,14,19",13,"4,9,14,19",True,"4,9,14,19",2,"4,9,14,19",True,"4,9,14,19","4,9,14,19",True,"4,9,14,19",29x29
"7,11,15,19",True,"11,15,19,23",3,193,"7,11,15,19",True,"11,15,19,23",10,"7,11,15,19",True,"11,15,19,23",3,"7,11,15,19",True,"11,15,19,23","7,11,15,19",True,"11,15,19,23",27x27
"7,11,15,19",True,"11,15,19,23",3,194,"7,11,15,19",True,"11,15,19,23",12,"7,11,15,19",True,"11,15,19,23",3,"7,11,15,19",True,"11,15,19,23","7,11,15,19",True,"11,15,19,23",27x27
"14,17,20,23",True,"17,20,23,26",6,195,"14,17,20,23",True,"17,20,23,26",15,"14,17,20,23",True,"17,20,23,26",6,"14,17,20,23",True,"17,20,23,26","14,17,20,23",True,"17,20,23,26",29x29
"4,9,14,19",True,"9,14,19,24",2,196,"4,9,14,19",True,"9,14,19,24",12,"4,9,14,19",True,"9,14,19,24",2,"4,9,14,19",True,"9,14,19,24","4,9,14,19",True,"9,14,19,24",29x29
"2,5,8,11",True,"8,11,14,17",6,197,"2,5,8,11",True,"8,11,14,17",14,"2,5,8,11",True,"8,11,14,17",6,"2,5,8,11",True,"8,11,14,17","2,5,8,11",True,"8,11,14,17",29x29
"17,20,23,26",True,"8,11,14,17",6,198,"17,20,23,26",True,"8,11,14,17",13,"17,20,23,26",True,"8,11,14,17",6,"17,20,23,26",True,"8,11,14,17","17,20,23,26",True,"8,11,14,17",29x29
"4,9,14,19",True,"4,9,14,19",2,199,"4,9,14,19",True,"4,9,14,19",14,"4,9,14,19",True,"4,9,14,19",2,"4,9,14,19",True,"4,9,14,19","4,9,14,19",True,"4,9,14,19",29x29
"4,9,14,19",True,"9,14,19,24",2,200,"4,9,14,19",True,"9,14,19,24",12,"4,9,14,19",True,"9,14,19,24",2,"4,9,14,19",True,"9,14,19,24","4,9,14,19",True,"9,14,19,24",29x29
"4,9,14,19",True,"9,14,19,24",2,201,"4,9,14,19",True,"9,14,19,24",14,"4,9,14,19",True,"9,14,19,24",2,"4,9,14,19",True,"9,14,19,24","4,9,14,19",True,"9,14,19,24",29x29
"2,5,8,11",True,"8,11,14,17",6,202,"2,5,8,11",True,"8,11,14,17",14,"2,5,8,11",True,"8,11,14,17",6,"2,5,8,11",True,"8,11,14,17","2,5,8,11",True,"8,11,14,17",29x29
"4,9,14,19",True,"9,14,19,24",2,203,"4,9,14,19",True,"9,14,19,24",13,"4,9,14,19",True,"9,14,19,24",2,"4,9,14,19",True,"9,14,19,24","4,9,14,19",True,"9,14,19,24",29x29
"4,9,14,19",True,"4,9,14,19",2,204,"4,9,14,19",True,"4,9,14,19",8,"4,9,14,19",True,"4,9,14,19",2,"4,9,14,19",True,"4,9,14,19","4,9,14,19",True,"4,9,14,19",29x29
"2,5,8,11",True,"8,11,14,17",6,205,"2,5,8,11",True,"8,11,14,17",12,"2,5,8,11",True,"8,11,14,17",6,"2,5,8,11",True,"8,11,14,17","2,5,8,11",True,"8,11,14,17",29x29
"2,5,8,11",True,"14,17,20,23",6,206,"2,5,8,11",True,"14,17,20,23",10,"2,5,8,11",True,"14,17,20,23",6,"2,5,8,11",True,"14,17,20,23","2,5,8,11",True,"14,17,20,23",29x29
"9,14,19,24",True,"9,14,19,24",2,207,"9,14,19,24",True,"9,14,19,24",14,"9,14,19,24",True,"9,14,19,24",2,"9,14,19,24",True,"9,14,19,24","9,14,19,24",True,"9,14,19,24",29x29
"7,11,15,19",True,"7,11,15,19",3,208,"7,11,15,19",True,"7,11,15,19",14,"7,11,15,19",True,"7,11,15,19",3,"7,11,15,19",True,"7,11,15,19","7,11,15,19",True,"7,11,15,19",27x27
"11,15,19,23",True,"11,15,19,23",3,209,"11,15,19,23",True,"11,15,19,23",14,"11,15,19,23",True,"11,15,19,23",3,"11,15,19,23",True,"11,15,19,23","11,15,19,23",True,"11,15,19,23",27x27
"17,20,23,26",True,"8,11,14,17",6,210,"17,20,23,26",True,"8,11,14,17",14,"17,20,23,26",True,"8,11,14,17",6,"17,20,23,26",True,"8,11,14,17","17,20,23,26",True,"8,11,14,17",29x29
"17,20,23,26",True,"5,8,11,14",6,211,"17,20,23,26",True,"5,8,11,14",12,"17,20,23,26",True,"5,8,11,14",6,"17,20,23,26",True,"5,8,11,14","17,20,23,26",True,"5,8,11,14",29x29
"9,14,19,24",True,"4,9,14,19",2,212,"9,14,19,24",True,"4,9,14,19",12,"9,14,19,24",True,"4,9,14,19",2,"9,14,19,24",True,"4,9,14,19","9,14,19,24",True,"4,9,14,19",29x29
"4,9,14,19",True,"4,9,14,19",2,213,"4,9,14,19",True,"4,9,14,19",14,"4,9,14,19",True,"4,9,14,19",2,"4,9,14,19",True,"4,9,14,19","4,9,14,19",True,"4,9,14,19",29x29
"4,9,14,19",True,"4,9,14,19",2,214,"4,9,14,19",True,"4,9,14,19",12,"4,9,14,19",True,"4,9,14,19",2,"4,9,14,19",True,"4,9,14,19","4,9,14,19",True,"4,9,14,19",29x29
"11,15,19,23",True,"7,11,15,19",3,215,"11,15,19,23",True,"7,11,15,19",12,"11,15,19,23",True,"7,11,15,19",3,"11,15,19,23",True,"7,11,15,19","11,15,19,23",True,"7,11,15,19",27x27
"4,9,14,19",True,"4,9,14,19",2,216,"4,9,14,19",True,"4,9,14,19",10,"4,9,14,19",True,"4,9,14,19",2,"4,9,14,19",True,"4,9,14,19","4,9,14,19",True,"4,9,14,19",29x29
"8,11,14,17",True,"2,5,8,11",6,217,"8,11,14,17",True,"2,5,8,11",12,"8,11,14,17",True,"2,5,8,11",6,"8,11,14,17",True,"2,5,8,11","8,11,14,17",True,"2,5,8,11",29x29
"4,9,14,19",True,"4,9,14,19",2,218,"4,9,14,19",True,"4,9,14,19",14,"4,9,14,19",True,"4,9,14,19",2,"4,9,14,19",True,"4,9,14,19","4,9,14,19",True,"4,9,14,19",29x29
"3,7,11,15",True,"3,7,11,15",3,219,"3,7,11,15",True,"3,7,11,15",13,"3,7,11,15",True,"3,7,11,15",3,"3,7,11,15",True,"3,7,11,15","3,7,11,15",True,"3,7,11,15",27x27
"11,15,19,23",True,"7,11,15,19",3,220,"11,15,19,23",True,"7,11,15,19",14,"11,15,19,23",True,"7,11,15,19",3,"11,15,19,23",True,"7,11,15,19","11,15,19,23",True,"7,11,15,19",27x27
"9,14,19,24",True,"9,14,19,24",2,221,"9,14,19,24",True,"9,14,19,24",15,"9,14,19,24",True,"9,14,19,24",2,"9,14,19,24",True,"9,14,19,24","9,14,19,24",True,"9,14,19,24",29x29
"9,14,19,24",True,"9,14,19,24",2,222,"9,14,19,24",True,"9,14,19,24",12,"9,14,19,24",True,"9,14,19,24",2,"9,14,19,24",True,"9,14,19,24","9,14,19,24",True,"9,14,19,24",29x29
"7,11,15,19",True,"3,7,11,15",3,223,"7,11,15,19",True,"3,7,11,15",14,"7,11,15,19",True,"3,7,11,15",3,"7,11,15,19",True,"3,7,11,15","7,11,15,19",True,"3,7,11,15",27x27
"4,9,14,19",True,"4,9,14,19",2,224,"4,9,14,19",True,"4,9,14,19",16,"4,9,14,19",True,"4,9,14,19",2,"4,9,14,19",True,"4,9,14,19","4,9,14,19",True,"4,9,14,19",29x29
"5,8,11,14",True,"11,14,17,20",6,225,"5,8,11,14",True,"11,14,17,20",14,"5,8,11,14",True,"11,14,17,20",6,"5,8,11,14",True,"11,14,17,20","5,8,11,14",True,"11,14,17,20",29x29
"9,14,19,24",True,"4,9,14,19",2,226,"9,14,19,24",True,"4,9,14,19",11,"9,14,19,24",True,"4,9,14,19",2,"9,14,19,24",True,"4,9,14,19","9,14,19,24",True,"4,9,14,19",29x29
"4,9,14,19",True,"4,9,14,19",2,227,"4,9,14,19",True,"4,9,14,19",12,"4,9,14,19",True,"4,9,14,19",2,"4,9,14,19",True,"4,9,14,19","4,9,14,19",True,"4,9,14,19",29x29
"3,7,11,15",True,"3,7,11,15",3,228,"3,7,11,15",True,"3,7,11,15",15,"3,7,11,15",True,"3,7,11,15",3,"3,7,11,15",True,"3,7,11,15","3,7,11,15",True,"3,7,11,15",27x27
"11,15,19,23",True,"11,15,19,23",3,229,"11,15,19,23",True,"11,15,19,23",12,"11,15,19,23",True,"11,15,19,23",3,"11,15,19,23",True,"11,15,19,23","11,15,19,23",True,"11,15,19,23",27x27
"7,11,15,19",True,"7,11,15,19",3,230,"7,11,15,19",True,"7,11,15,19",12,"7,11,15,19",True,"7,11,15,19",3,"7,11,15,19",True,"7,11,15,19","7,11,15,19",True,"7,11,15,19",27x27
"8,11,14,17",True,"2,5,8,11",6,231,"8,11,14,17",True,"2,5,8,11",10,"8,11,14,17",True,"2,5,8,11",6,"8,11,14,17",True,"2,5,8,11","8,11,14,17",True,"2,5,8,11",29x29
"5,8,11,14",True,"8,11,14,17",6,232,"5,8,11,14",True,"8,11,14,17",12,"5,8,11,14",True,"8,11,14,17",6,"5,8,11,14",True,"8,11,14,17","5,8,11,14",True,"8,11,14,17",29x29
"11,15,19,23",True,"7,11,15,19",3,233,"11,15,19,23",True,"7,11,15,19",11,"11,15,19,23",True,"7,11,15,19",3,"11,15,19,23",True,"7,11,15,19","11,15,19,23",True,"7,11,15,19",27x27
"2,5,8,11",True,"14,17,20,23",6,234,"2,5,8,11",True,"14,17,20,23",14,"2,5,8,11",True,"14,17,20,23",6,"2,5,8,11",True,"14,17,20,23","2,5,8,11",True,"14,17,20,23",29x29
"4,9,14,19",True,"4,9,14,19",2,235,"4,9,14,19",True,"4,9,14,19",8,"4,9,14,19",True,"4,9,14,19",2,"4,9,14,19",True,"4,9,14,19","4,9,14,19",True,"4,9,14,19",29x29
"14,17,20,23",True,"14,17,20,23",6,236,"14,17,20,23",True,"14,17,20,23",12,"14,17,20,23",True,"14,17,20,23",6,"14,17,20,23",True,"14,17,20,23","14,17,20,23",True,"14,17,20,23",29x29
"14,17,20,23",True,"2,5,8,11",6,237,"14,17,20,23",True,"2,5,8,11",10,"14,17,20,23",True,"2,5,8,11",6,"14,17,20,23",True,"2,5,8,11","14,17,20,23",True,"2,5,8,11",29x29
"17,20,23,26",True,"17,20,23,26",6,238,"17,20,23,26",True,"17,20,23,26",16,"17,20,23,26",True,"17,20,23,26",6,"17,20,23,26",True,"17,20,23,26","17,20,23,26",True,"17,20,23,26",29x29
"14,17,20,23",True,"8,11,14,17",6,239,"14,17,20,23",True,"8,11,14,17",13,"14,17,20,23",True,"8,11,14,17",6,"14,17,20,23",True,"8,11,14,17","14,17,20,23",True,"8,11,14,17",29x29
"3,7,11,15",True,"11,15,19,23",3,240,"3,7,11,15",True,"11,15,19,23",12,"3,7,11,15",True,"11,15,19,23",3,"3,7,11,15",True,"11,15,19,23","3,7,11,15",True,"11,15,19,23",27x27
"11,15,19,23",True,"11,15,19,23",3,241,"11,15,19,23",True,"11,15,19,23",12,"11,15,19,23",True,"11,15,19,23",3,"11,15,19,23",True,"11,15,19,23","11,15,19,23",True,"11,15,19,23",27x27
"11,14,17,20",True,"8,11,14,17",6,242,"11,14,17,20",True,"8,11,14,17",14,"11,14,17,20",True,"8,11,14,17",6,"11,14,17,20",True,"8,11,14,17","11,14,17,20",True,"8,11,14,17",29x29
"8,11,14,17",True,"11,14,17,20",6,243,"8,11,14,17",True,"11,14,17,20",14,"8,11,14,17",True,"11,14,17,20",6,"8,11,14,17",True,"11,14,17,20","8,11,14,17",True,"11,14,17,20",29x29
"4,9,14,19",True,"4,9,14,19",2,244,"4,9,14,19",True,"4,9,14,19",12,"4,9,14,19",True,"4,9,14,19",2,"4,9,14,19",True,"4,9,14,19","4,9,14,19",True,"4,9,14,19",29x29
"8,11,14,17",True,"11,14,17,20",6,245,"8,11,14,17",True,"11,14,17,20",12,"8,11,14,17",True,"11,14,17,20",6,"8,11,14,17",True,"11,14,17,20","8,11,14,17",True,"11,14,17,20",29x29
"5,8,11,14",True,"8,11,14,17",6,246,"5,8,11,14",True,"8,11,14,17",12,"5,8,11,14",True,"8,11,14,17",6,"5,8,11,14",True,"8,11,14,17","5,8,11,14",True,"8,11,14,17",29x29
"9,14,19,24",True,"4,9,14,19",2,247,"9,14,19,24",True,"4,9,14,19",12,"9,14,19,24",True,"4,9,14,19",2,"9,14,19,24",True,"4,9,14,19","9,14,19,24",True,"4,9,14,19",29x29
"8,11,14,17",True,"17,20,23,26",6,248,"8,11,14,17",True,"17,20,23,26",14,"8,11,14,17",True,"17,20,23,26",6,"8,11,14,17",True,"17,20,23,26","8,11,14,17",True,"17,20,23,26",29x29
"9,14,19,24",True,"9,14,19,24",2,249,"9,14,19,24",True,"9,14,19,24",12,"9,14,19,24",True,"9,14,19,24",2,"9,14,19,24",True,"9,14,19,24","9,14,19,24",True,"9,14,19,24",29x29
"11,15,19,23",True,"11,15,19,23",3,250,"11,15,19,23",True,"11,15,19,23",13,"11,15,19,23",True,"11,15,19,23",3,"11,15,19,23",True,"11,15,19,23","11,15,19,23",True,"11,15,19,23",27x27
"7,11,15,19",True,"7,11,15,19",3,251,"7,11,15,19",True,"7,11,15,19",10,"7,11,15,19",True,"7,11,15,19",3,"7,11,15,19",True,"7,11,15,19","7,11,15,19",True,"7,11,15,19",27x27
"7,11,15,19",True,"3,7,11,15",3,252,"7,11,15,19",True,"3,7,11,15",16,"7,11,15,19",True,"3,7,11,15",3,"7,11,15,19",True,"3,7,11,15","7,11,15,19",True,"3,7,11,15",27x27
"4,9,14,19",True,"4,9,14,19",2,253,"4,9,14,19",True,"4,9,14,19",10,"4,9,14,19",True,"4,9,14,19",2,"4,9,14,19",True,"4,9,14,19","4,9,14,19",True,"4,9,14,19",29x29
"9,14,19,24",True,"4,9,14,19",2,254,"9,14,19,24",True,"4,9,14,19",14,"9,14,19,24",True,"4,9,14,19",2,"9,14,19,24",True,"4,9,14,19","9,14,19,24",True,"4,9,14,19",29x29
"9,14,19,24",True,"9,14,19,24",2,255,"9,14,19,24",True,"9,14,19,24",14,"9,14,19,24",True,"9,14,19,24",2,"9,14,19,24",True,"9,14,19,24","9,14,19,24",True,"9,14,19,24",29x29
"3,7,11,15",True,"3,7,11,15",3,256,"3,7,11,15",True,"3,7,11,15",12,"3,7,11,15",True,"3,7,11,15",3,"3,7,11,15",True,"3,7,11,15","3,7,11,15",True,"3,7,11,15",27x27
"11,15,19,23",True,"11,15,19,23",3,257,"11,15,19,23",True,"11,15,19,23",12,"11,15,19,23",True,"11,15,19,23",3,"11,15,19,23",True,"11,15,19,23","11,15,19,23",True,"11,15,19,23",27x27
"5,8,11,14",True,"2,5,8,11",6,258,"5,8,11,14",True,"2,5,8,11",14,"5,8,11,14",True,"2,5,8,11",6,"5,8,11,14",True,"2,5,8,11","5,8,11,14",True,"2,5,8,11",29x29
"11,15,19,23",True,"11,15,19,23",3,259,"11,15,19,23",True,"11,15,19,23",14,"11,15,19,23",True,"11,15,19,23",3,"11,15,19,23",True,"11,15,19,23","11,15,19,23",True,"11,15,19,23",27x27
"3,7,11,15",True,"3,7,11,15",3,260,"3,7,11,15",True,"3,7,11,15",16,"3,7,11,15",True,"3,7,11,15",3,"3,7,11,15",True,"3,7,11,15","3,7,11,15",True,"3,7,11,15",27x27
"11,15,19,23",True,"11,15,19,23",3,261,"11,15,19,23",True,"11,15,19,23",14,"11,15,19,23",True,"11,15,19,23",3,"11,15,19,23",True,"11,15,19,23","11,15,19,23",True,"11,15,19,23",27x27
"14,17,20,23",True,"2,5,8,11",6,262,"14,17,20,23",True,"2,5,8,11",14,"14,17,20,23",True,"2,5,8,11",6,"14,17,20,23",True,"2,5,8,11","14,17,20,23",True,"2,5,8,11",29x29
"8,11,14,17",True,"11,14,17,20",6,263,"8,11,14,17",True,"11,14,17,20",14,"8,11,14,17",True,"11,14,17,20",6,"8,11,14,17",True,"11,14,17,20","8,11,14,17",True,"11,14,17,20",29x29
"7,11,15,19",True,"7,11,15,19",3,264,"7,11,15,19",True,"7,11,15,19",12,"7,11,15,19",True,"7,11,15,19",3,"7,11,15,19",True,"7,11,15,19","7,11,15,19",True,"7,11,15,19",27x27
"4,9,14,19",True,"9,14,19,24",2,265,"4,9,14,19",True,"9,14,19,24",14,"4,9,14,19",True,"9,14,19,24",2,"4,9,14,19",True,"9,14,19,24","4,9,14,19",True,"9,14,19,24",29x29
"7,11,15,19",True,"3,7,11,15",3,266,"7,11,15,19",True,"3,7,11,15",8,"7,11,15,19",True,"3,7,11,15",3,"7,11,15,19",True,"3,7,11,15","7,11,15,19",True,"3,7,11,15",27x27
